[2026-07-10 17:00:07,240][    INFO] {'allow_weight_download': False,
 'amp': True,
 'backbone': 'resnet50',
 'batch_size': 4,
 'config': 'configs/lutseg_supervised_deeplabv3plus.yaml',
 'criterion': {'kwargs': {'ignore_index': 255}, 'name': 'CELoss'},
 'crop_size': 126,
 'data_root': 'data/LUTSeg',
 'dataset': 'lutseg',
 'deterministic': False,
 'epochs': 100,
 'eval_every': 1,
 'labeled_id_path': 'splits/lutseg/fixed/labeled.txt',
 'local_rank': 0,
 'lr': 0.001,
 'lr_multi': 10.0,
 'model': 'deeplabv3plus',
 'momentum': 0.9,
 'nclass': 6,
 'nesterov': True,
 'num_workers': 4,
 'output_stride': 16,
 'poly_power': 0.9,
 'port': None,
 'pretrained_path': 'pretrained/resnet50-11ad3fa6.pth',
 'resume': False,
 'samples_per_epoch': 111,
 'save_path': 'exp/lutseg/supervised_deeplabv3plus/resnet50_os16/full/seed0',
 'seed': 0,
 'sync_bn': False,
 'unlabeled_id_path': 'splits/lutseg/fixed/unlabeled.txt',
 'val_num_workers': 2,
 'weight_decay': 0.0001,
 'world_size': 1}

[2026-07-10 17:00:07,240][    INFO] Model: DeepLabV3+ ResNet-50 OS16, parameters: 40.3M
[2026-07-10 17:00:07,241][    INFO] Training images in split: 111; samples per epoch: 111; batches per epoch/rank: 28
[2026-07-10 17:00:14,312][    INFO] Epoch 1/100, iter 1/28, loss 8.0815, encoder LR 0.001
[2026-07-10 17:00:14,421][    INFO] Epoch 1/100, iter 4/28, loss 5.2673, encoder LR 0.000999036
[2026-07-10 17:00:14,565][    INFO] Epoch 1/100, iter 7/28, loss 5.3723, encoder LR 0.000998071
[2026-07-10 17:00:15,668][    INFO] Epoch 1/100, iter 10/28, loss 4.6214, encoder LR 0.000997107
[2026-07-10 17:00:15,777][    INFO] Epoch 1/100, iter 13/28, loss 4.3914, encoder LR 0.000996142
[2026-07-10 17:00:16,456][    INFO] Epoch 1/100, iter 16/28, loss 4.2438, encoder LR 0.000995177
[2026-07-10 17:00:17,485][    INFO] Epoch 1/100, iter 19/28, loss 4.0007, encoder LR 0.000994212
[2026-07-10 17:00:18,813][    INFO] Epoch 1/100, iter 22/28, loss 3.8430, encoder LR 0.000993247
[2026-07-10 17:00:18,926][    INFO] Epoch 1/100, iter 25/28, loss 3.6626, encoder LR 0.000992282
[2026-07-10 17:00:20,426][    INFO] Epoch 1/100, iter 28/28, loss 3.4536, encoder LR 0.000991317
[2026-07-10 17:01:12,511][    INFO] Evaluation class [0 background]: IoU 91.20, Dice 95.40
[2026-07-10 17:01:12,513][    INFO] Evaluation class [1 epithelial tissue]: IoU 0.01, Dice 0.02
[2026-07-10 17:01:12,514][    INFO] Evaluation class [2 slough]: IoU 0.02, Dice 0.03
[2026-07-10 17:01:12,515][    INFO] Evaluation class [3 granulation tissue]: IoU 0.78, Dice 1.55
[2026-07-10 17:01:12,516][    INFO] Evaluation class [4 necrotic tissue]: IoU 0.01, Dice 0.01
[2026-07-10 17:01:12,516][    INFO] Evaluation class [5 other]: IoU 0.00, Dice 0.00
[2026-07-10 17:01:12,517][    INFO] Evaluation epoch 0: MeanIoU 15.33, MeanDice 16.17; BEST mIoU 15.33, Dice 16.17 at epoch 0
[2026-07-10 17:01:14,203][    INFO] Epoch 2/100, iter 1/28, loss 1.4413, encoder LR 0.000990995
[2026-07-10 17:01:15,265][    INFO] Epoch 2/100, iter 4/28, loss 0.9114, encoder LR 0.00099003
[2026-07-10 17:01:17,010][    INFO] Epoch 2/100, iter 7/28, loss 1.0207, encoder LR 0.000989065
[2026-07-10 17:01:18,355][    INFO] Epoch 2/100, iter 10/28, loss 1.1931, encoder LR 0.000988099
[2026-07-10 17:01:18,464][    INFO] Epoch 2/100, iter 13/28, loss 1.1327, encoder LR 0.000987134
[2026-07-10 17:01:19,414][    INFO] Epoch 2/100, iter 16/28, loss 1.0978, encoder LR 0.000986168
[2026-07-10 17:01:20,113][    INFO] Epoch 2/100, iter 19/28, loss 1.0007, encoder LR 0.000985202
[2026-07-10 17:01:21,059][    INFO] Epoch 2/100, iter 22/28, loss 1.0632, encoder LR 0.000984236
[2026-07-10 17:01:22,019][    INFO] Epoch 2/100, iter 25/28, loss 1.0144, encoder LR 0.00098327
[2026-07-10 17:01:22,217][    INFO] Epoch 2/100, iter 28/28, loss 0.9897, encoder LR 0.000982304
[2026-07-10 17:01:28,462][    INFO] Evaluation class [0 background]: IoU 89.52, Dice 94.47
[2026-07-10 17:01:28,463][    INFO] Evaluation class [1 epithelial tissue]: IoU 3.44, Dice 6.66
[2026-07-10 17:01:28,463][    INFO] Evaluation class [2 slough]: IoU 0.09, Dice 0.18
[2026-07-10 17:01:28,463][    INFO] Evaluation class [3 granulation tissue]: IoU 7.07, Dice 13.20
[2026-07-10 17:01:28,463][    INFO] Evaluation class [4 necrotic tissue]: IoU 0.00, Dice 0.00
[2026-07-10 17:01:28,463][    INFO] Evaluation class [5 other]: IoU 0.00, Dice 0.00
[2026-07-10 17:01:28,463][    INFO] Evaluation epoch 1: MeanIoU 16.69, MeanDice 19.08; BEST mIoU 16.69, Dice 19.08 at epoch 1
[2026-07-10 17:01:29,506][    INFO] Epoch 3/100, iter 1/28, loss 2.6296, encoder LR 0.000981982
[2026-07-10 17:01:30,234][    INFO] Epoch 3/100, iter 4/28, loss 1.0135, encoder LR 0.000981016
[2026-07-10 17:01:30,708][    INFO] Epoch 3/100, iter 7/28, loss 0.7715, encoder LR 0.000980049
[2026-07-10 17:01:31,185][    INFO] Epoch 3/100, iter 10/28, loss 0.7307, encoder LR 0.000979083
[2026-07-10 17:01:32,306][    INFO] Epoch 3/100, iter 13/28, loss 0.6774, encoder LR 0.000978116
[2026-07-10 17:01:32,420][    INFO] Epoch 3/100, iter 16/28, loss 0.7125, encoder LR 0.000977149
[2026-07-10 17:01:33,593][    INFO] Epoch 3/100, iter 19/28, loss 0.6179, encoder LR 0.000976183
[2026-07-10 17:01:34,474][    INFO] Epoch 3/100, iter 22/28, loss 0.5616, encoder LR 0.000975216
[2026-07-10 17:01:35,079][    INFO] Epoch 3/100, iter 25/28, loss 0.5922, encoder LR 0.000974249
[2026-07-10 17:01:35,436][    INFO] Epoch 3/100, iter 28/28, loss 0.6656, encoder LR 0.000973281
[2026-07-10 17:01:43,097][    INFO] Evaluation class [0 background]: IoU 90.67, Dice 95.11
[2026-07-10 17:01:43,098][    INFO] Evaluation class [1 epithelial tissue]: IoU 0.19, Dice 0.38
[2026-07-10 17:01:43,098][    INFO] Evaluation class [2 slough]: IoU 0.00, Dice 0.00
[2026-07-10 17:01:43,098][    INFO] Evaluation class [3 granulation tissue]: IoU 5.21, Dice 9.90
[2026-07-10 17:01:43,098][    INFO] Evaluation class [4 necrotic tissue]: IoU 0.00, Dice 0.00
[2026-07-10 17:01:43,099][    INFO] Evaluation class [5 other]: IoU 0.00, Dice 0.00
[2026-07-10 17:01:43,099][    INFO] Evaluation epoch 2: MeanIoU 16.01, MeanDice 17.57; BEST mIoU 16.69, Dice 19.08 at epoch 1
[2026-07-10 17:01:44,562][    INFO] Epoch 4/100, iter 1/28, loss 0.2922, encoder LR 0.000972959
[2026-07-10 17:01:44,953][    INFO] Epoch 4/100, iter 4/28, loss 0.4335, encoder LR 0.000971992
[2026-07-10 17:01:46,152][    INFO] Epoch 4/100, iter 7/28, loss 0.4843, encoder LR 0.000971024
[2026-07-10 17:01:46,349][    INFO] Epoch 4/100, iter 10/28, loss 0.4391, encoder LR 0.000970057
[2026-07-10 17:01:46,779][    INFO] Epoch 4/100, iter 13/28, loss 0.4546, encoder LR 0.000969089
[2026-07-10 17:01:47,075][    INFO] Epoch 4/100, iter 16/28, loss 0.4486, encoder LR 0.000968122
[2026-07-10 17:01:49,108][    INFO] Epoch 4/100, iter 19/28, loss 0.3977, encoder LR 0.000967154
[2026-07-10 17:01:49,345][    INFO] Epoch 4/100, iter 22/28, loss 0.4995, encoder LR 0.000966186
[2026-07-10 17:01:49,585][    INFO] Epoch 4/100, iter 25/28, loss 0.4481, encoder LR 0.000965218
[2026-07-10 17:01:50,561][    INFO] Epoch 4/100, iter 28/28, loss 0.4497, encoder LR 0.00096425
[2026-07-10 17:01:57,270][    INFO] Evaluation class [0 background]: IoU 91.17, Dice 95.38
[2026-07-10 17:01:57,271][    INFO] Evaluation class [1 epithelial tissue]: IoU 0.09, Dice 0.17
[2026-07-10 17:01:57,271][    INFO] Evaluation class [2 slough]: IoU 0.00, Dice 0.00
[2026-07-10 17:01:57,271][    INFO] Evaluation class [3 granulation tissue]: IoU 2.42, Dice 4.72
[2026-07-10 17:01:57,271][    INFO] Evaluation class [4 necrotic tissue]: IoU 0.00, Dice 0.00
[2026-07-10 17:01:57,271][    INFO] Evaluation class [5 other]: IoU 0.00, Dice 0.00
[2026-07-10 17:01:57,271][    INFO] Evaluation epoch 3: MeanIoU 15.61, MeanDice 16.71; BEST mIoU 16.69, Dice 19.08 at epoch 1
[2026-07-10 17:01:58,246][    INFO] Epoch 5/100, iter 1/28, loss 0.9065, encoder LR 0.000963927
[2026-07-10 17:01:59,535][    INFO] Epoch 5/100, iter 4/28, loss 0.5049, encoder LR 0.000962959
[2026-07-10 17:01:59,653][    INFO] Epoch 5/100, iter 7/28, loss 0.4691, encoder LR 0.00096199
[2026-07-10 17:02:01,091][    INFO] Epoch 5/100, iter 10/28, loss 0.4601, encoder LR 0.000961022
[2026-07-10 17:02:01,375][    INFO] Epoch 5/100, iter 13/28, loss 0.4164, encoder LR 0.000960053
[2026-07-10 17:02:01,486][    INFO] Epoch 5/100, iter 16/28, loss 0.7580, encoder LR 0.000959084
[2026-07-10 17:02:02,655][    INFO] Epoch 5/100, iter 19/28, loss 0.9478, encoder LR 0.000958116
[2026-07-10 17:02:03,486][    INFO] Epoch 5/100, iter 22/28, loss 0.9023, encoder LR 0.000957147
[2026-07-10 17:02:04,528][    INFO] Epoch 5/100, iter 25/28, loss 0.9603, encoder LR 0.000956178
[2026-07-10 17:02:04,632][    INFO] Epoch 5/100, iter 28/28, loss 0.9209, encoder LR 0.000955208
[2026-07-10 17:02:11,246][    INFO] Evaluation class [0 background]: IoU 91.15, Dice 95.37
[2026-07-10 17:02:11,247][    INFO] Evaluation class [1 epithelial tissue]: IoU 0.20, Dice 0.40
[2026-07-10 17:02:11,247][    INFO] Evaluation class [2 slough]: IoU 0.00, Dice 0.00
[2026-07-10 17:02:11,247][    INFO] Evaluation class [3 granulation tissue]: IoU 5.38, Dice 10.21
[2026-07-10 17:02:11,247][    INFO] Evaluation class [4 necrotic tissue]: IoU 0.00, Dice 0.00
[2026-07-10 17:02:11,247][    INFO] Evaluation class [5 other]: IoU 0.00, Dice 0.00
[2026-07-10 17:02:11,247][    INFO] Evaluation epoch 4: MeanIoU 16.12, MeanDice 17.66; BEST mIoU 16.69, Dice 19.08 at epoch 1
[2026-07-10 17:02:12,541][    INFO] Epoch 6/100, iter 1/28, loss 0.6992, encoder LR 0.000954885
[2026-07-10 17:02:13,173][    INFO] Epoch 6/100, iter 4/28, loss 0.3777, encoder LR 0.000953916
[2026-07-10 17:02:14,780][    INFO] Epoch 6/100, iter 7/28, loss 0.2934, encoder LR 0.000952947
[2026-07-10 17:02:14,883][    INFO] Epoch 6/100, iter 10/28, loss 0.2509, encoder LR 0.000951977
[2026-07-10 17:02:15,528][    INFO] Epoch 6/100, iter 13/28, loss 0.3193, encoder LR 0.000951008
[2026-07-10 17:02:15,891][    INFO] Epoch 6/100, iter 16/28, loss 0.4337, encoder LR 0.000950038
[2026-07-10 17:02:17,182][    INFO] Epoch 6/100, iter 19/28, loss 0.4314, encoder LR 0.000949068
[2026-07-10 17:02:17,287][    INFO] Epoch 6/100, iter 22/28, loss 0.4718, encoder LR 0.000948098
[2026-07-10 17:02:17,661][    INFO] Epoch 6/100, iter 25/28, loss 0.4651, encoder LR 0.000947128
[2026-07-10 17:02:19,163][    INFO] Epoch 6/100, iter 28/28, loss 0.5404, encoder LR 0.000946158
[2026-07-10 17:02:25,968][    INFO] Evaluation class [0 background]: IoU 91.30, Dice 95.45
[2026-07-10 17:02:25,969][    INFO] Evaluation class [1 epithelial tissue]: IoU 0.05, Dice 0.11
[2026-07-10 17:02:25,969][    INFO] Evaluation class [2 slough]: IoU 0.00, Dice 0.00
[2026-07-10 17:02:25,969][    INFO] Evaluation class [3 granulation tissue]: IoU 4.92, Dice 9.39
[2026-07-10 17:02:25,969][    INFO] Evaluation class [4 necrotic tissue]: IoU 0.00, Dice 0.00
[2026-07-10 17:02:25,969][    INFO] Evaluation class [5 other]: IoU 0.00, Dice 0.00
[2026-07-10 17:02:25,969][    INFO] Evaluation epoch 5: MeanIoU 16.05, MeanDice 17.49; BEST mIoU 16.69, Dice 19.08 at epoch 1
[2026-07-10 17:02:27,964][    INFO] Epoch 7/100, iter 1/28, loss 0.2256, encoder LR 0.000945834
[2026-07-10 17:02:28,078][    INFO] Epoch 7/100, iter 4/28, loss 0.5661, encoder LR 0.000944864
[2026-07-10 17:02:28,424][    INFO] Epoch 7/100, iter 7/28, loss 0.6126, encoder LR 0.000943894
[2026-07-10 17:02:28,535][    INFO] Epoch 7/100, iter 10/28, loss 0.5912, encoder LR 0.000942923
[2026-07-10 17:02:28,993][    INFO] Epoch 7/100, iter 13/28, loss 0.5634, encoder LR 0.000941952
[2026-07-10 17:02:29,692][    INFO] Epoch 7/100, iter 16/28, loss 0.6230, encoder LR 0.000940982
[2026-07-10 17:02:30,816][    INFO] Epoch 7/100, iter 19/28, loss 0.6526, encoder LR 0.000940011
[2026-07-10 17:02:31,611][    INFO] Epoch 7/100, iter 22/28, loss 0.6485, encoder LR 0.00093904
[2026-07-10 17:02:31,725][    INFO] Epoch 7/100, iter 25/28, loss 0.6325, encoder LR 0.000938069
[2026-07-10 17:02:32,378][    INFO] Epoch 7/100, iter 28/28, loss 0.6870, encoder LR 0.000937097
[2026-07-10 17:02:39,135][    INFO] Evaluation class [0 background]: IoU 88.97, Dice 94.16
[2026-07-10 17:02:39,135][    INFO] Evaluation class [1 epithelial tissue]: IoU 0.58, Dice 1.15
[2026-07-10 17:02:39,135][    INFO] Evaluation class [2 slough]: IoU 0.00, Dice 0.00
[2026-07-10 17:02:39,136][    INFO] Evaluation class [3 granulation tissue]: IoU 0.59, Dice 1.17
[2026-07-10 17:02:39,136][    INFO] Evaluation class [4 necrotic tissue]: IoU 0.00, Dice 0.00
[2026-07-10 17:02:39,136][    INFO] Evaluation class [5 other]: IoU 0.00, Dice 0.00
[2026-07-10 17:02:39,136][    INFO] Evaluation epoch 6: MeanIoU 15.02, MeanDice 16.08; BEST mIoU 16.69, Dice 19.08 at epoch 1
[2026-07-10 17:02:40,114][    INFO] Epoch 8/100, iter 1/28, loss 0.6202, encoder LR 0.000936774
[2026-07-10 17:02:41,017][    INFO] Epoch 8/100, iter 4/28, loss 0.4629, encoder LR 0.000935802
[2026-07-10 17:02:43,926][    INFO] Epoch 8/100, iter 7/28, loss 0.4252, encoder LR 0.000934831
[2026-07-10 17:02:44,075][    INFO] Epoch 8/100, iter 10/28, loss 0.4521, encoder LR 0.000933859
[2026-07-10 17:02:44,200][    INFO] Epoch 8/100, iter 13/28, loss 0.4460, encoder LR 0.000932887
[2026-07-10 17:02:44,620][    INFO] Epoch 8/100, iter 16/28, loss 0.4351, encoder LR 0.000931916
[2026-07-10 17:02:45,034][    INFO] Epoch 8/100, iter 19/28, loss 0.4968, encoder LR 0.000930944
[2026-07-10 17:02:45,465][    INFO] Epoch 8/100, iter 22/28, loss 0.4844, encoder LR 0.000929972
[2026-07-10 17:02:46,314][    INFO] Epoch 8/100, iter 25/28, loss 0.5123, encoder LR 0.000929
[2026-07-10 17:02:46,427][    INFO] Epoch 8/100, iter 28/28, loss 0.5569, encoder LR 0.000928027
[2026-07-10 17:02:53,707][    INFO] Evaluation class [0 background]: IoU 91.77, Dice 95.71
[2026-07-10 17:02:53,707][    INFO] Evaluation class [1 epithelial tissue]: IoU 0.04, Dice 0.07
[2026-07-10 17:02:53,707][    INFO] Evaluation class [2 slough]: IoU 0.03, Dice 0.05
[2026-07-10 17:02:53,707][    INFO] Evaluation class [3 granulation tissue]: IoU 27.26, Dice 42.84
[2026-07-10 17:02:53,708][    INFO] Evaluation class [4 necrotic tissue]: IoU 0.00, Dice 0.00
[2026-07-10 17:02:53,708][    INFO] Evaluation class [5 other]: IoU 0.00, Dice 0.00
[2026-07-10 17:02:53,708][    INFO] Evaluation epoch 7: MeanIoU 19.85, MeanDice 23.11; BEST mIoU 19.85, Dice 23.11 at epoch 7
[2026-07-10 17:02:55,669][    INFO] Epoch 9/100, iter 1/28, loss 0.3143, encoder LR 0.000927703
[2026-07-10 17:02:56,132][    INFO] Epoch 9/100, iter 4/28, loss 0.4111, encoder LR 0.000926731
[2026-07-10 17:02:56,253][    INFO] Epoch 9/100, iter 7/28, loss 0.5671, encoder LR 0.000925758
[2026-07-10 17:02:56,836][    INFO] Epoch 9/100, iter 10/28, loss 0.6969, encoder LR 0.000924786
[2026-07-10 17:02:57,515][    INFO] Epoch 9/100, iter 13/28, loss 0.6232, encoder LR 0.000923813
[2026-07-10 17:02:57,932][    INFO] Epoch 9/100, iter 16/28, loss 0.6271, encoder LR 0.00092284
[2026-07-10 17:02:58,753][    INFO] Epoch 9/100, iter 19/28, loss 0.5617, encoder LR 0.000921867
[2026-07-10 17:02:59,254][    INFO] Epoch 9/100, iter 22/28, loss 0.5534, encoder LR 0.000920894
[2026-07-10 17:03:00,460][    INFO] Epoch 9/100, iter 25/28, loss 0.5231, encoder LR 0.000919921
[2026-07-10 17:03:02,687][    INFO] Epoch 9/100, iter 28/28, loss 0.4780, encoder LR 0.000918947
[2026-07-10 17:03:09,396][    INFO] Evaluation class [0 background]: IoU 91.35, Dice 95.48
[2026-07-10 17:03:09,397][    INFO] Evaluation class [1 epithelial tissue]: IoU 0.00, Dice 0.00
[2026-07-10 17:03:09,397][    INFO] Evaluation class [2 slough]: IoU 0.00, Dice 0.00
[2026-07-10 17:03:09,397][    INFO] Evaluation class [3 granulation tissue]: IoU 0.01, Dice 0.03
[2026-07-10 17:03:09,397][    INFO] Evaluation class [4 necrotic tissue]: IoU 0.00, Dice 0.00
[2026-07-10 17:03:09,397][    INFO] Evaluation class [5 other]: IoU 0.00, Dice 0.00
[2026-07-10 17:03:09,397][    INFO] Evaluation epoch 8: MeanIoU 15.23, MeanDice 15.92; BEST mIoU 19.85, Dice 23.11 at epoch 7
[2026-07-10 17:03:10,100][    INFO] Epoch 10/100, iter 1/28, loss 0.2269, encoder LR 0.000918623
[2026-07-10 17:03:11,766][    INFO] Epoch 10/100, iter 4/28, loss 0.1214, encoder LR 0.000917649
[2026-07-10 17:03:12,744][    INFO] Epoch 10/100, iter 7/28, loss 0.4047, encoder LR 0.000916676
[2026-07-10 17:03:13,632][    INFO] Epoch 10/100, iter 10/28, loss 0.3648, encoder LR 0.000915702
[2026-07-10 17:03:13,750][    INFO] Epoch 10/100, iter 13/28, loss 0.3174, encoder LR 0.000914728
[2026-07-10 17:03:13,862][    INFO] Epoch 10/100, iter 16/28, loss 0.3551, encoder LR 0.000913754
[2026-07-10 17:03:15,095][    INFO] Epoch 10/100, iter 19/28, loss 0.3327, encoder LR 0.00091278
[2026-07-10 17:03:16,181][    INFO] Epoch 10/100, iter 22/28, loss 0.3371, encoder LR 0.000911806
[2026-07-10 17:03:16,358][    INFO] Epoch 10/100, iter 25/28, loss 0.3458, encoder LR 0.000910832
[2026-07-10 17:03:16,461][    INFO] Epoch 10/100, iter 28/28, loss 0.3786, encoder LR 0.000909857
[2026-07-10 17:03:23,190][    INFO] Evaluation class [0 background]: IoU 91.40, Dice 95.50
[2026-07-10 17:03:23,191][    INFO] Evaluation class [1 epithelial tissue]: IoU 0.00, Dice 0.00
[2026-07-10 17:03:23,192][    INFO] Evaluation class [2 slough]: IoU 0.00, Dice 0.00
[2026-07-10 17:03:23,193][    INFO] Evaluation class [3 granulation tissue]: IoU 5.10, Dice 9.70
[2026-07-10 17:03:23,194][    INFO] Evaluation class [4 necrotic tissue]: IoU 0.00, Dice 0.00
[2026-07-10 17:03:23,195][    INFO] Evaluation class [5 other]: IoU 0.00, Dice 0.00
[2026-07-10 17:03:23,195][    INFO] Evaluation epoch 9: MeanIoU 16.08, MeanDice 17.53; BEST mIoU 19.85, Dice 23.11 at epoch 7
[2026-07-10 17:03:24,978][    INFO] Epoch 11/100, iter 1/28, loss 0.5233, encoder LR 0.000909533
[2026-07-10 17:03:25,175][    INFO] Epoch 11/100, iter 4/28, loss 0.5516, encoder LR 0.000908558
[2026-07-10 17:03:26,696][    INFO] Epoch 11/100, iter 7/28, loss 0.3944, encoder LR 0.000907583
[2026-07-10 17:03:27,374][    INFO] Epoch 11/100, iter 10/28, loss 0.3952, encoder LR 0.000906609
[2026-07-10 17:03:27,496][    INFO] Epoch 11/100, iter 13/28, loss 0.5146, encoder LR 0.000905634
[2026-07-10 17:03:28,976][    INFO] Epoch 11/100, iter 16/28, loss 0.4793, encoder LR 0.000904659
[2026-07-10 17:03:29,561][    INFO] Epoch 11/100, iter 19/28, loss 0.5749, encoder LR 0.000903683
[2026-07-10 17:03:30,450][    INFO] Epoch 11/100, iter 22/28, loss 0.5215, encoder LR 0.000902708
[2026-07-10 17:03:30,619][    INFO] Epoch 11/100, iter 25/28, loss 0.5019, encoder LR 0.000901733
[2026-07-10 17:03:30,720][    INFO] Epoch 11/100, iter 28/28, loss 0.5016, encoder LR 0.000900757
[2026-07-10 17:03:37,473][    INFO] Evaluation class [0 background]: IoU 91.37, Dice 95.49
[2026-07-10 17:03:37,473][    INFO] Evaluation class [1 epithelial tissue]: IoU 0.00, Dice 0.00
[2026-07-10 17:03:37,473][    INFO] Evaluation class [2 slough]: IoU 0.00, Dice 0.00
[2026-07-10 17:03:37,474][    INFO] Evaluation class [3 granulation tissue]: IoU 0.96, Dice 1.90
[2026-07-10 17:03:37,474][    INFO] Evaluation class [4 necrotic tissue]: IoU 0.00, Dice 0.00
[2026-07-10 17:03:37,474][    INFO] Evaluation class [5 other]: IoU 0.00, Dice 0.00
[2026-07-10 17:03:37,474][    INFO] Evaluation epoch 10: MeanIoU 15.39, MeanDice 16.23; BEST mIoU 19.85, Dice 23.11 at epoch 7
[2026-07-10 17:03:38,390][    INFO] Epoch 12/100, iter 1/28, loss 0.0980, encoder LR 0.000900432
[2026-07-10 17:03:39,515][    INFO] Epoch 12/100, iter 4/28, loss 0.1826, encoder LR 0.000899457
[2026-07-10 17:03:39,828][    INFO] Epoch 12/100, iter 7/28, loss 0.4187, encoder LR 0.000898481
[2026-07-10 17:03:40,347][    INFO] Epoch 12/100, iter 10/28, loss 0.4106, encoder LR 0.000897505
[2026-07-10 17:03:41,127][    INFO] Epoch 12/100, iter 13/28, loss 0.3749, encoder LR 0.000896529
[2026-07-10 17:03:42,704][    INFO] Epoch 12/100, iter 16/28, loss 0.3708, encoder LR 0.000895553
[2026-07-10 17:03:42,812][    INFO] Epoch 12/100, iter 19/28, loss 0.3652, encoder LR 0.000894577
[2026-07-10 17:03:44,096][    INFO] Epoch 12/100, iter 22/28, loss 0.3821, encoder LR 0.0008936
[2026-07-10 17:03:44,659][    INFO] Epoch 12/100, iter 25/28, loss 0.3736, encoder LR 0.000892624
[2026-07-10 17:03:44,932][    INFO] Epoch 12/100, iter 28/28, loss 0.3915, encoder LR 0.000891647
[2026-07-10 17:03:51,733][    INFO] Evaluation class [0 background]: IoU 91.35, Dice 95.48
[2026-07-10 17:03:51,733][    INFO] Evaluation class [1 epithelial tissue]: IoU 0.01, Dice 0.02
[2026-07-10 17:03:51,733][    INFO] Evaluation class [2 slough]: IoU 0.00, Dice 0.00
[2026-07-10 17:03:51,734][    INFO] Evaluation class [3 granulation tissue]: IoU 0.02, Dice 0.04
[2026-07-10 17:03:51,734][    INFO] Evaluation class [4 necrotic tissue]: IoU 0.00, Dice 0.00
[2026-07-10 17:03:51,734][    INFO] Evaluation class [5 other]: IoU 0.00, Dice 0.00
[2026-07-10 17:03:51,734][    INFO] Evaluation epoch 11: MeanIoU 15.23, MeanDice 15.92; BEST mIoU 19.85, Dice 23.11 at epoch 7
[2026-07-10 17:03:52,319][    INFO] Epoch 13/100, iter 1/28, loss 0.5617, encoder LR 0.000891322
[2026-07-10 17:03:53,135][    INFO] Epoch 13/100, iter 4/28, loss 0.5609, encoder LR 0.000890345
[2026-07-10 17:03:53,847][    INFO] Epoch 13/100, iter 7/28, loss 0.6630, encoder LR 0.000889368
[2026-07-10 17:03:55,822][    INFO] Epoch 13/100, iter 10/28, loss 0.5341, encoder LR 0.000888391
[2026-07-10 17:03:55,941][    INFO] Epoch 13/100, iter 13/28, loss 0.6702, encoder LR 0.000887414
[2026-07-10 17:03:56,050][    INFO] Epoch 13/100, iter 16/28, loss 0.7006, encoder LR 0.000886437
[2026-07-10 17:03:56,157][    INFO] Epoch 13/100, iter 19/28, loss 0.6398, encoder LR 0.000885459
[2026-07-10 17:03:56,986][    INFO] Epoch 13/100, iter 22/28, loss 0.6220, encoder LR 0.000884482
[2026-07-10 17:03:59,063][    INFO] Epoch 13/100, iter 25/28, loss 0.5786, encoder LR 0.000883504
[2026-07-10 17:03:59,279][    INFO] Epoch 13/100, iter 28/28, loss 0.6131, encoder LR 0.000882526
[2026-07-10 17:04:06,088][    INFO] Evaluation class [0 background]: IoU 92.14, Dice 95.91
[2026-07-10 17:04:06,088][    INFO] Evaluation class [1 epithelial tissue]: IoU 0.04, Dice 0.07
[2026-07-10 17:04:06,088][    INFO] Evaluation class [2 slough]: IoU 0.00, Dice 0.00
[2026-07-10 17:04:06,089][    INFO] Evaluation class [3 granulation tissue]: IoU 34.94, Dice 51.78
[2026-07-10 17:04:06,089][    INFO] Evaluation class [4 necrotic tissue]: IoU 0.00, Dice 0.00
[2026-07-10 17:04:06,089][    INFO] Evaluation class [5 other]: IoU 0.00, Dice 0.00
[2026-07-10 17:04:06,089][    INFO] Evaluation epoch 12: MeanIoU 21.19, MeanDice 24.63; BEST mIoU 21.19, Dice 24.63 at epoch 12
[2026-07-10 17:04:08,054][    INFO] Epoch 14/100, iter 1/28, loss 0.2432, encoder LR 0.000882201
[2026-07-10 17:04:08,160][    INFO] Epoch 14/100, iter 4/28, loss 0.5150, encoder LR 0.000881223
[2026-07-10 17:04:08,266][    INFO] Epoch 14/100, iter 7/28, loss 0.8091, encoder LR 0.000880245
[2026-07-10 17:04:09,518][    INFO] Epoch 14/100, iter 10/28, loss 0.7838, encoder LR 0.000879267
[2026-07-10 17:04:09,624][    INFO] Epoch 14/100, iter 13/28, loss 0.7465, encoder LR 0.000878288
[2026-07-10 17:04:10,516][    INFO] Epoch 14/100, iter 16/28, loss 0.7363, encoder LR 0.00087731
[2026-07-10 17:04:11,623][    INFO] Epoch 14/100, iter 19/28, loss 0.7862, encoder LR 0.000876332
[2026-07-10 17:04:12,998][    INFO] Epoch 14/100, iter 22/28, loss 0.7433, encoder LR 0.000875353
[2026-07-10 17:04:13,101][    INFO] Epoch 14/100, iter 25/28, loss 0.6883, encoder LR 0.000874374
[2026-07-10 17:04:13,290][    INFO] Epoch 14/100, iter 28/28, loss 0.7199, encoder LR 0.000873395
[2026-07-10 17:04:20,129][    INFO] Evaluation class [0 background]: IoU 91.28, Dice 95.44
[2026-07-10 17:04:20,129][    INFO] Evaluation class [1 epithelial tissue]: IoU 0.04, Dice 0.08
[2026-07-10 17:04:20,129][    INFO] Evaluation class [2 slough]: IoU 0.00, Dice 0.00
[2026-07-10 17:04:20,129][    INFO] Evaluation class [3 granulation tissue]: IoU 2.81, Dice 5.46
[2026-07-10 17:04:20,130][    INFO] Evaluation class [4 necrotic tissue]: IoU 0.00, Dice 0.00
[2026-07-10 17:04:20,130][    INFO] Evaluation class [5 other]: IoU 0.00, Dice 0.00
[2026-07-10 17:04:20,130][    INFO] Evaluation epoch 13: MeanIoU 15.69, MeanDice 16.83; BEST mIoU 21.19, Dice 24.63 at epoch 12
[2026-07-10 17:04:20,672][    INFO] Epoch 15/100, iter 1/28, loss 0.3305, encoder LR 0.000873069
[2026-07-10 17:04:21,339][    INFO] Epoch 15/100, iter 4/28, loss 0.3440, encoder LR 0.00087209
[2026-07-10 17:04:22,380][    INFO] Epoch 15/100, iter 7/28, loss 0.4531, encoder LR 0.000871111
[2026-07-10 17:04:23,119][    INFO] Epoch 15/100, iter 10/28, loss 0.7013, encoder LR 0.000870132
[2026-07-10 17:04:23,332][    INFO] Epoch 15/100, iter 13/28, loss 0.6651, encoder LR 0.000869152
[2026-07-10 17:04:24,896][    INFO] Epoch 15/100, iter 16/28, loss 0.6347, encoder LR 0.000868173
[2026-07-10 17:04:25,484][    INFO] Epoch 15/100, iter 19/28, loss 0.6409, encoder LR 0.000867193
[2026-07-10 17:04:26,290][    INFO] Epoch 15/100, iter 22/28, loss 0.6183, encoder LR 0.000866214
[2026-07-10 17:04:26,395][    INFO] Epoch 15/100, iter 25/28, loss 0.5778, encoder LR 0.000865234
[2026-07-10 17:04:27,908][    INFO] Epoch 15/100, iter 28/28, loss 0.5280, encoder LR 0.000864254
[2026-07-10 17:04:36,015][    INFO] Evaluation class [0 background]: IoU 91.35, Dice 95.48
[2026-07-10 17:04:36,015][    INFO] Evaluation class [1 epithelial tissue]: IoU 0.00, Dice 0.00
[2026-07-10 17:04:36,015][    INFO] Evaluation class [2 slough]: IoU 0.00, Dice 0.00
[2026-07-10 17:04:36,015][    INFO] Evaluation class [3 granulation tissue]: IoU 0.05, Dice 0.10
[2026-07-10 17:04:36,015][    INFO] Evaluation class [4 necrotic tissue]: IoU 0.00, Dice 0.00
[2026-07-10 17:04:36,016][    INFO] Evaluation class [5 other]: IoU 0.00, Dice 0.00
[2026-07-10 17:04:36,016][    INFO] Evaluation epoch 14: MeanIoU 15.23, MeanDice 15.93; BEST mIoU 21.19, Dice 24.63 at epoch 12
[2026-07-10 17:04:37,565][    INFO] Epoch 16/100, iter 1/28, loss 0.7763, encoder LR 0.000863927
[2026-07-10 17:04:38,157][    INFO] Epoch 16/100, iter 4/28, loss 1.0080, encoder LR 0.000862947
[2026-07-10 17:04:39,006][    INFO] Epoch 16/100, iter 7/28, loss 0.8477, encoder LR 0.000861967
[2026-07-10 17:04:39,747][    INFO] Epoch 16/100, iter 10/28, loss 0.8975, encoder LR 0.000860986
[2026-07-10 17:04:40,201][    INFO] Epoch 16/100, iter 13/28, loss 0.7932, encoder LR 0.000860006
[2026-07-10 17:04:41,171][    INFO] Epoch 16/100, iter 16/28, loss 0.8102, encoder LR 0.000859025
[2026-07-10 17:04:41,509][    INFO] Epoch 16/100, iter 19/28, loss 0.7569, encoder LR 0.000858044
[2026-07-10 17:04:43,208][    INFO] Epoch 16/100, iter 22/28, loss 0.7523, encoder LR 0.000857063
[2026-07-10 17:04:43,320][    INFO] Epoch 16/100, iter 25/28, loss 0.7218, encoder LR 0.000856082
[2026-07-10 17:04:43,427][    INFO] Epoch 16/100, iter 28/28, loss 0.6968, encoder LR 0.000855101
[2026-07-10 17:04:50,293][    INFO] Evaluation class [0 background]: IoU 91.36, Dice 95.48
[2026-07-10 17:04:50,293][    INFO] Evaluation class [1 epithelial tissue]: IoU 0.00, Dice 0.00
[2026-07-10 17:04:50,293][    INFO] Evaluation class [2 slough]: IoU 0.00, Dice 0.00
[2026-07-10 17:04:50,293][    INFO] Evaluation class [3 granulation tissue]: IoU 2.29, Dice 4.48
[2026-07-10 17:04:50,294][    INFO] Evaluation class [4 necrotic tissue]: IoU 0.00, Dice 0.00
[2026-07-10 17:04:50,294][    INFO] Evaluation class [5 other]: IoU 0.00, Dice 0.00
[2026-07-10 17:04:50,294][    INFO] Evaluation epoch 15: MeanIoU 15.61, MeanDice 16.66; BEST mIoU 21.19, Dice 24.63 at epoch 12
[2026-07-10 17:04:50,848][    INFO] Epoch 17/100, iter 1/28, loss 0.6596, encoder LR 0.000854774
[2026-07-10 17:04:51,815][    INFO] Epoch 17/100, iter 4/28, loss 0.7707, encoder LR 0.000853793
[2026-07-10 17:04:52,710][    INFO] Epoch 17/100, iter 7/28, loss 0.5627, encoder LR 0.000852811
[2026-07-10 17:04:53,400][    INFO] Epoch 17/100, iter 10/28, loss 0.4804, encoder LR 0.00085183
[2026-07-10 17:04:53,813][    INFO] Epoch 17/100, iter 13/28, loss 0.4530, encoder LR 0.000850848
[2026-07-10 17:04:54,689][    INFO] Epoch 17/100, iter 16/28, loss 0.3973, encoder LR 0.000849866
[2026-07-10 17:04:54,986][    INFO] Epoch 17/100, iter 19/28, loss 0.4985, encoder LR 0.000848884
[2026-07-10 17:04:55,579][    INFO] Epoch 17/100, iter 22/28, loss 0.5738, encoder LR 0.000847902
[2026-07-10 17:04:56,058][    INFO] Epoch 17/100, iter 25/28, loss 0.6530, encoder LR 0.00084692
[2026-07-10 17:04:56,347][    INFO] Epoch 17/100, iter 28/28, loss 0.6358, encoder LR 0.000845938
[2026-07-10 17:05:03,229][    INFO] Evaluation class [0 background]: IoU 91.42, Dice 95.52
[2026-07-10 17:05:03,230][    INFO] Evaluation class [1 epithelial tissue]: IoU 0.00, Dice 0.01
[2026-07-10 17:05:03,230][    INFO] Evaluation class [2 slough]: IoU 0.00, Dice 0.00
[2026-07-10 17:05:03,230][    INFO] Evaluation class [3 granulation tissue]: IoU 7.70, Dice 14.29
[2026-07-10 17:05:03,230][    INFO] Evaluation class [4 necrotic tissue]: IoU 0.00, Dice 0.00
[2026-07-10 17:05:03,230][    INFO] Evaluation class [5 other]: IoU 0.00, Dice 0.00
[2026-07-10 17:05:03,231][    INFO] Evaluation epoch 16: MeanIoU 16.52, MeanDice 18.30; BEST mIoU 21.19, Dice 24.63 at epoch 12
[2026-07-10 17:05:05,995][    INFO] Epoch 18/100, iter 1/28, loss 0.6048, encoder LR 0.00084561
[2026-07-10 17:05:06,112][    INFO] Epoch 18/100, iter 4/28, loss 0.4479, encoder LR 0.000844628
[2026-07-10 17:05:06,753][    INFO] Epoch 18/100, iter 7/28, loss 0.3653, encoder LR 0.000843645
[2026-07-10 17:05:08,241][    INFO] Epoch 18/100, iter 10/28, loss 0.5933, encoder LR 0.000842663
[2026-07-10 17:05:08,851][    INFO] Epoch 18/100, iter 13/28, loss 0.6856, encoder LR 0.00084168
[2026-07-10 17:05:09,960][    INFO] Epoch 18/100, iter 16/28, loss 0.5934, encoder LR 0.000840697
[2026-07-10 17:05:10,273][    INFO] Epoch 18/100, iter 19/28, loss 0.6172, encoder LR 0.000839714
[2026-07-10 17:05:11,254][    INFO] Epoch 18/100, iter 22/28, loss 0.6057, encoder LR 0.00083873
[2026-07-10 17:05:12,510][    INFO] Epoch 18/100, iter 25/28, loss 0.6131, encoder LR 0.000837747
[2026-07-10 17:05:12,616][    INFO] Epoch 18/100, iter 28/28, loss 0.6067, encoder LR 0.000836763
[2026-07-10 17:05:19,501][    INFO] Evaluation class [0 background]: IoU 91.47, Dice 95.55
[2026-07-10 17:05:19,501][    INFO] Evaluation class [1 epithelial tissue]: IoU 0.00, Dice 0.00
[2026-07-10 17:05:19,502][    INFO] Evaluation class [2 slough]: IoU 0.00, Dice 0.00
[2026-07-10 17:05:19,502][    INFO] Evaluation class [3 granulation tissue]: IoU 8.01, Dice 14.83
[2026-07-10 17:05:19,502][    INFO] Evaluation class [4 necrotic tissue]: IoU 0.00, Dice 0.00
[2026-07-10 17:05:19,502][    INFO] Evaluation class [5 other]: IoU 0.00, Dice 0.00
[2026-07-10 17:05:19,502][    INFO] Evaluation epoch 17: MeanIoU 16.58, MeanDice 18.40; BEST mIoU 21.19, Dice 24.63 at epoch 12
[2026-07-10 17:05:20,547][    INFO] Epoch 19/100, iter 1/28, loss 0.4128, encoder LR 0.000836436
[2026-07-10 17:05:21,002][    INFO] Epoch 19/100, iter 4/28, loss 0.7546, encoder LR 0.000835452
[2026-07-10 17:05:22,212][    INFO] Epoch 19/100, iter 7/28, loss 0.6342, encoder LR 0.000834468
[2026-07-10 17:05:22,422][    INFO] Epoch 19/100, iter 10/28, loss 0.5456, encoder LR 0.000833484
[2026-07-10 17:05:23,325][    INFO] Epoch 19/100, iter 13/28, loss 0.5056, encoder LR 0.0008325
[2026-07-10 17:05:23,451][    INFO] Epoch 19/100, iter 16/28, loss 0.5933, encoder LR 0.000831516
[2026-07-10 17:05:23,842][    INFO] Epoch 19/100, iter 19/28, loss 0.5531, encoder LR 0.000830532
[2026-07-10 17:05:24,561][    INFO] Epoch 19/100, iter 22/28, loss 0.5777, encoder LR 0.000829547
[2026-07-10 17:05:25,871][    INFO] Epoch 19/100, iter 25/28, loss 0.5792, encoder LR 0.000828562
[2026-07-10 17:05:26,300][    INFO] Epoch 19/100, iter 28/28, loss 0.5561, encoder LR 0.000827578
[2026-07-10 17:05:33,216][    INFO] Evaluation class [0 background]: IoU 91.50, Dice 95.56
[2026-07-10 17:05:33,216][    INFO] Evaluation class [1 epithelial tissue]: IoU 0.00, Dice 0.00
[2026-07-10 17:05:33,217][    INFO] Evaluation class [2 slough]: IoU 0.00, Dice 0.00
[2026-07-10 17:05:33,217][    INFO] Evaluation class [3 granulation tissue]: IoU 12.91, Dice 22.87
[2026-07-10 17:05:33,217][    INFO] Evaluation class [4 necrotic tissue]: IoU 0.00, Dice 0.00
[2026-07-10 17:05:33,217][    INFO] Evaluation class [5 other]: IoU 0.00, Dice 0.00
[2026-07-10 17:05:33,217][    INFO] Evaluation epoch 18: MeanIoU 17.40, MeanDice 19.74; BEST mIoU 21.19, Dice 24.63 at epoch 12
[2026-07-10 17:05:34,985][    INFO] Epoch 20/100, iter 1/28, loss 0.1250, encoder LR 0.00082725
[2026-07-10 17:05:35,095][    INFO] Epoch 20/100, iter 4/28, loss 0.6132, encoder LR 0.000826265
[2026-07-10 17:05:35,589][    INFO] Epoch 20/100, iter 7/28, loss 0.5432, encoder LR 0.00082528
[2026-07-10 17:05:37,022][    INFO] Epoch 20/100, iter 10/28, loss 0.6338, encoder LR 0.000824294
[2026-07-10 17:05:37,538][    INFO] Epoch 20/100, iter 13/28, loss 0.5587, encoder LR 0.000823309
[2026-07-10 17:05:37,652][    INFO] Epoch 20/100, iter 16/28, loss 0.5632, encoder LR 0.000822324
[2026-07-10 17:05:38,262][    INFO] Epoch 20/100, iter 19/28, loss 0.5841, encoder LR 0.000821338
[2026-07-10 17:05:39,104][    INFO] Epoch 20/100, iter 22/28, loss 0.5473, encoder LR 0.000820353
[2026-07-10 17:05:39,987][    INFO] Epoch 20/100, iter 25/28, loss 0.5751, encoder LR 0.000819367
[2026-07-10 17:05:40,607][    INFO] Epoch 20/100, iter 28/28, loss 0.6072, encoder LR 0.000818381
[2026-07-10 17:05:48,432][    INFO] Evaluation class [0 background]: IoU 91.44, Dice 95.53
[2026-07-10 17:05:48,433][    INFO] Evaluation class [1 epithelial tissue]: IoU 0.00, Dice 0.00
[2026-07-10 17:05:48,433][    INFO] Evaluation class [2 slough]: IoU 0.00, Dice 0.00
[2026-07-10 17:05:48,433][    INFO] Evaluation class [3 granulation tissue]: IoU 22.00, Dice 36.07
[2026-07-10 17:05:48,433][    INFO] Evaluation class [4 necrotic tissue]: IoU 0.00, Dice 0.00
[2026-07-10 17:05:48,433][    INFO] Evaluation class [5 other]: IoU 0.00, Dice 0.00
[2026-07-10 17:05:48,433][    INFO] Evaluation epoch 19: MeanIoU 18.91, MeanDice 21.93; BEST mIoU 21.19, Dice 24.63 at epoch 12
[2026-07-10 17:05:50,362][    INFO] Epoch 21/100, iter 1/28, loss 0.5152, encoder LR 0.000818052
[2026-07-10 17:05:51,186][    INFO] Epoch 21/100, iter 4/28, loss 0.6867, encoder LR 0.000817066
[2026-07-10 17:05:51,311][    INFO] Epoch 21/100, iter 7/28, loss 0.6069, encoder LR 0.00081608
[2026-07-10 17:05:51,986][    INFO] Epoch 21/100, iter 10/28, loss 0.5398, encoder LR 0.000815093
[2026-07-10 17:05:52,852][    INFO] Epoch 21/100, iter 13/28, loss 0.5471, encoder LR 0.000814107
[2026-07-10 17:05:52,966][    INFO] Epoch 21/100, iter 16/28, loss 0.4717, encoder LR 0.00081312
[2026-07-10 17:05:53,955][    INFO] Epoch 21/100, iter 19/28, loss 0.4639, encoder LR 0.000812133
[2026-07-10 17:05:54,228][    INFO] Epoch 21/100, iter 22/28, loss 0.4806, encoder LR 0.000811147
[2026-07-10 17:05:54,836][    INFO] Epoch 21/100, iter 25/28, loss 0.5006, encoder LR 0.00081016
[2026-07-10 17:05:55,571][    INFO] Epoch 21/100, iter 28/28, loss 0.4597, encoder LR 0.000809172
[2026-07-10 17:06:02,378][    INFO] Evaluation class [0 background]: IoU 91.73, Dice 95.69
[2026-07-10 17:06:02,378][    INFO] Evaluation class [1 epithelial tissue]: IoU 0.00, Dice 0.00
[2026-07-10 17:06:02,379][    INFO] Evaluation class [2 slough]: IoU 0.00, Dice 0.00
[2026-07-10 17:06:02,379][    INFO] Evaluation class [3 granulation tissue]: IoU 18.42, Dice 31.11
[2026-07-10 17:06:02,379][    INFO] Evaluation class [4 necrotic tissue]: IoU 0.00, Dice 0.00
[2026-07-10 17:06:02,379][    INFO] Evaluation class [5 other]: IoU 0.00, Dice 0.00
[2026-07-10 17:06:02,379][    INFO] Evaluation epoch 20: MeanIoU 18.36, MeanDice 21.13; BEST mIoU 21.19, Dice 24.63 at epoch 12
[2026-07-10 17:06:02,950][    INFO] Epoch 22/100, iter 1/28, loss 0.1138, encoder LR 0.000808843
[2026-07-10 17:06:04,738][    INFO] Epoch 22/100, iter 4/28, loss 0.2316, encoder LR 0.000807856
[2026-07-10 17:06:05,972][    INFO] Epoch 22/100, iter 7/28, loss 0.2783, encoder LR 0.000806868
[2026-07-10 17:06:07,663][    INFO] Epoch 22/100, iter 10/28, loss 0.5893, encoder LR 0.000805881
[2026-07-10 17:06:07,912][    INFO] Epoch 22/100, iter 13/28, loss 0.4944, encoder LR 0.000804893
[2026-07-10 17:06:09,246][    INFO] Epoch 22/100, iter 16/28, loss 0.5017, encoder LR 0.000803905
[2026-07-10 17:06:09,598][    INFO] Epoch 22/100, iter 19/28, loss 0.5113, encoder LR 0.000802917
[2026-07-10 17:06:10,547][    INFO] Epoch 22/100, iter 22/28, loss 0.5231, encoder LR 0.000801929
[2026-07-10 17:06:10,647][    INFO] Epoch 22/100, iter 25/28, loss 0.4862, encoder LR 0.000800941
[2026-07-10 17:06:10,944][    INFO] Epoch 22/100, iter 28/28, loss 0.4999, encoder LR 0.000799952
[2026-07-10 17:06:17,813][    INFO] Evaluation class [0 background]: IoU 91.88, Dice 95.77
[2026-07-10 17:06:17,813][    INFO] Evaluation class [1 epithelial tissue]: IoU 0.00, Dice 0.00
[2026-07-10 17:06:17,813][    INFO] Evaluation class [2 slough]: IoU 0.00, Dice 0.00
[2026-07-10 17:06:17,813][    INFO] Evaluation class [3 granulation tissue]: IoU 23.36, Dice 37.88
[2026-07-10 17:06:17,813][    INFO] Evaluation class [4 necrotic tissue]: IoU 0.00, Dice 0.00
[2026-07-10 17:06:17,814][    INFO] Evaluation class [5 other]: IoU 0.00, Dice 0.00
[2026-07-10 17:06:17,814][    INFO] Evaluation epoch 21: MeanIoU 19.21, MeanDice 22.27; BEST mIoU 21.19, Dice 24.63 at epoch 12
[2026-07-10 17:06:18,346][    INFO] Epoch 23/100, iter 1/28, loss 0.5576, encoder LR 0.000799623
[2026-07-10 17:06:19,880][    INFO] Epoch 23/100, iter 4/28, loss 0.3642, encoder LR 0.000798634
[2026-07-10 17:06:21,262][    INFO] Epoch 23/100, iter 7/28, loss 0.6284, encoder LR 0.000797645
[2026-07-10 17:06:21,368][    INFO] Epoch 23/100, iter 10/28, loss 0.6302, encoder LR 0.000796657
[2026-07-10 17:06:21,525][    INFO] Epoch 23/100, iter 13/28, loss 0.5562, encoder LR 0.000795667
[2026-07-10 17:06:22,645][    INFO] Epoch 23/100, iter 16/28, loss 0.5871, encoder LR 0.000794678
[2026-07-10 17:06:23,374][    INFO] Epoch 23/100, iter 19/28, loss 0.5529, encoder LR 0.000793689
[2026-07-10 17:06:24,015][    INFO] Epoch 23/100, iter 22/28, loss 0.5656, encoder LR 0.0007927
[2026-07-10 17:06:24,830][    INFO] Epoch 23/100, iter 25/28, loss 0.5460, encoder LR 0.00079171
[2026-07-10 17:06:25,752][    INFO] Epoch 23/100, iter 28/28, loss 0.6235, encoder LR 0.00079072
[2026-07-10 17:06:32,609][    INFO] Evaluation class [0 background]: IoU 91.59, Dice 95.61
[2026-07-10 17:06:32,610][    INFO] Evaluation class [1 epithelial tissue]: IoU 0.00, Dice 0.00
[2026-07-10 17:06:32,610][    INFO] Evaluation class [2 slough]: IoU 0.00, Dice 0.00
[2026-07-10 17:06:32,610][    INFO] Evaluation class [3 granulation tissue]: IoU 13.65, Dice 24.02
[2026-07-10 17:06:32,610][    INFO] Evaluation class [4 necrotic tissue]: IoU 0.00, Dice 0.00
[2026-07-10 17:06:32,611][    INFO] Evaluation class [5 other]: IoU 0.00, Dice 0.00
[2026-07-10 17:06:32,611][    INFO] Evaluation epoch 22: MeanIoU 17.54, MeanDice 19.94; BEST mIoU 21.19, Dice 24.63 at epoch 12
[2026-07-10 17:06:33,464][    INFO] Epoch 24/100, iter 1/28, loss 0.4575, encoder LR 0.00079039
[2026-07-10 17:06:33,830][    INFO] Epoch 24/100, iter 4/28, loss 0.5098, encoder LR 0.000789401
[2026-07-10 17:06:34,882][    INFO] Epoch 24/100, iter 7/28, loss 0.4383, encoder LR 0.00078841
[2026-07-10 17:06:36,206][    INFO] Epoch 24/100, iter 10/28, loss 0.5066, encoder LR 0.00078742
[2026-07-10 17:06:36,317][    INFO] Epoch 24/100, iter 13/28, loss 0.4658, encoder LR 0.00078643
[2026-07-10 17:06:37,204][    INFO] Epoch 24/100, iter 16/28, loss 0.4489, encoder LR 0.00078544
[2026-07-10 17:06:38,529][    INFO] Epoch 24/100, iter 19/28, loss 0.4820, encoder LR 0.000784449
[2026-07-10 17:06:38,635][    INFO] Epoch 24/100, iter 22/28, loss 0.4563, encoder LR 0.000783458
[2026-07-10 17:06:39,465][    INFO] Epoch 24/100, iter 25/28, loss 0.4535, encoder LR 0.000782467
[2026-07-10 17:06:39,962][    INFO] Epoch 24/100, iter 28/28, loss 0.4586, encoder LR 0.000781476
[2026-07-10 17:06:47,803][    INFO] Evaluation class [0 background]: IoU 91.36, Dice 95.49
[2026-07-10 17:06:47,804][    INFO] Evaluation class [1 epithelial tissue]: IoU 0.00, Dice 0.00
[2026-07-10 17:06:47,804][    INFO] Evaluation class [2 slough]: IoU 0.00, Dice 0.00
[2026-07-10 17:06:47,804][    INFO] Evaluation class [3 granulation tissue]: IoU 10.11, Dice 18.36
[2026-07-10 17:06:47,804][    INFO] Evaluation class [4 necrotic tissue]: IoU 0.00, Dice 0.00
[2026-07-10 17:06:47,804][    INFO] Evaluation class [5 other]: IoU 0.00, Dice 0.00
[2026-07-10 17:06:47,804][    INFO] Evaluation epoch 23: MeanIoU 16.91, MeanDice 18.98; BEST mIoU 21.19, Dice 24.63 at epoch 12
[2026-07-10 17:06:48,662][    INFO] Epoch 25/100, iter 1/28, loss 0.1724, encoder LR 0.000781146
[2026-07-10 17:06:49,963][    INFO] Epoch 25/100, iter 4/28, loss 0.6273, encoder LR 0.000780155
[2026-07-10 17:06:51,314][    INFO] Epoch 25/100, iter 7/28, loss 0.6068, encoder LR 0.000779164
[2026-07-10 17:06:52,721][    INFO] Epoch 25/100, iter 10/28, loss 0.5743, encoder LR 0.000778172
[2026-07-10 17:06:52,844][    INFO] Epoch 25/100, iter 13/28, loss 0.5230, encoder LR 0.00077718
[2026-07-10 17:06:53,891][    INFO] Epoch 25/100, iter 16/28, loss 0.5472, encoder LR 0.000776189
[2026-07-10 17:06:54,576][    INFO] Epoch 25/100, iter 19/28, loss 0.5838, encoder LR 0.000775197
[2026-07-10 17:06:55,216][    INFO] Epoch 25/100, iter 22/28, loss 0.5805, encoder LR 0.000774205
[2026-07-10 17:06:55,318][    INFO] Epoch 25/100, iter 25/28, loss 0.6382, encoder LR 0.000773213
[2026-07-10 17:06:56,064][    INFO] Epoch 25/100, iter 28/28, loss 0.6203, encoder LR 0.00077222
[2026-07-10 17:07:02,871][    INFO] Evaluation class [0 background]: IoU 91.60, Dice 95.61
[2026-07-10 17:07:02,872][    INFO] Evaluation class [1 epithelial tissue]: IoU 1.00, Dice 1.98
[2026-07-10 17:07:02,872][    INFO] Evaluation class [2 slough]: IoU 0.00, Dice 0.00
[2026-07-10 17:07:02,872][    INFO] Evaluation class [3 granulation tissue]: IoU 15.15, Dice 26.32
[2026-07-10 17:07:02,872][    INFO] Evaluation class [4 necrotic tissue]: IoU 0.00, Dice 0.00
[2026-07-10 17:07:02,872][    INFO] Evaluation class [5 other]: IoU 0.00, Dice 0.00
[2026-07-10 17:07:02,872][    INFO] Evaluation epoch 24: MeanIoU 17.96, MeanDice 20.65; BEST mIoU 21.19, Dice 24.63 at epoch 12
[2026-07-10 17:07:03,938][    INFO] Epoch 26/100, iter 1/28, loss 0.2303, encoder LR 0.00077189
[2026-07-10 17:07:04,802][    INFO] Epoch 26/100, iter 4/28, loss 0.4140, encoder LR 0.000770897
[2026-07-10 17:07:05,213][    INFO] Epoch 26/100, iter 7/28, loss 0.4101, encoder LR 0.000769904
[2026-07-10 17:07:07,129][    INFO] Epoch 26/100, iter 10/28, loss 0.4486, encoder LR 0.000768912
[2026-07-10 17:07:07,236][    INFO] Epoch 26/100, iter 13/28, loss 0.4030, encoder LR 0.000767919
[2026-07-10 17:07:07,632][    INFO] Epoch 26/100, iter 16/28, loss 0.3518, encoder LR 0.000766926
[2026-07-10 17:07:07,741][    INFO] Epoch 26/100, iter 19/28, loss 0.3825, encoder LR 0.000765932
[2026-07-10 17:07:08,786][    INFO] Epoch 26/100, iter 22/28, loss 0.4247, encoder LR 0.000764939
[2026-07-10 17:07:08,898][    INFO] Epoch 26/100, iter 25/28, loss 0.4333, encoder LR 0.000763946
[2026-07-10 17:07:09,935][    INFO] Epoch 26/100, iter 28/28, loss 0.4297, encoder LR 0.000762952
[2026-07-10 17:07:16,572][    INFO] Evaluation class [0 background]: IoU 91.35, Dice 95.48
[2026-07-10 17:07:16,572][    INFO] Evaluation class [1 epithelial tissue]: IoU 0.00, Dice 0.00
[2026-07-10 17:07:16,573][    INFO] Evaluation class [2 slough]: IoU 0.00, Dice 0.00
[2026-07-10 17:07:16,573][    INFO] Evaluation class [3 granulation tissue]: IoU 0.10, Dice 0.20
[2026-07-10 17:07:16,573][    INFO] Evaluation class [4 necrotic tissue]: IoU 0.00, Dice 0.00
[2026-07-10 17:07:16,573][    INFO] Evaluation class [5 other]: IoU 0.00, Dice 0.00
[2026-07-10 17:07:16,573][    INFO] Evaluation epoch 25: MeanIoU 15.24, MeanDice 15.95; BEST mIoU 21.19, Dice 24.63 at epoch 12
[2026-07-10 17:07:17,948][    INFO] Epoch 27/100, iter 1/28, loss 0.1665, encoder LR 0.000762621
[2026-07-10 17:07:18,236][    INFO] Epoch 27/100, iter 4/28, loss 0.3821, encoder LR 0.000761627
[2026-07-10 17:07:18,813][    INFO] Epoch 27/100, iter 7/28, loss 0.5662, encoder LR 0.000760633
[2026-07-10 17:07:20,332][    INFO] Epoch 27/100, iter 10/28, loss 0.7500, encoder LR 0.000759639
[2026-07-10 17:07:20,595][    INFO] Epoch 27/100, iter 13/28, loss 0.6914, encoder LR 0.000758644
[2026-07-10 17:07:21,078][    INFO] Epoch 27/100, iter 16/28, loss 0.6086, encoder LR 0.00075765
[2026-07-10 17:07:21,392][    INFO] Epoch 27/100, iter 19/28, loss 0.6090, encoder LR 0.000756655
[2026-07-10 17:07:21,925][    INFO] Epoch 27/100, iter 22/28, loss 0.6122, encoder LR 0.000755661
[2026-07-10 17:07:23,942][    INFO] Epoch 27/100, iter 25/28, loss 0.5692, encoder LR 0.000754666
[2026-07-10 17:07:24,046][    INFO] Epoch 27/100, iter 28/28, loss 0.5676, encoder LR 0.000753671
[2026-07-10 17:07:30,780][    INFO] Evaluation class [0 background]: IoU 91.35, Dice 95.48
[2026-07-10 17:07:30,781][    INFO] Evaluation class [1 epithelial tissue]: IoU 0.00, Dice 0.00
[2026-07-10 17:07:30,781][    INFO] Evaluation class [2 slough]: IoU 0.00, Dice 0.00
[2026-07-10 17:07:30,781][    INFO] Evaluation class [3 granulation tissue]: IoU 0.00, Dice 0.00
[2026-07-10 17:07:30,781][    INFO] Evaluation class [4 necrotic tissue]: IoU 0.00, Dice 0.00
[2026-07-10 17:07:30,781][    INFO] Evaluation class [5 other]: IoU 0.00, Dice 0.00
[2026-07-10 17:07:30,781][    INFO] Evaluation epoch 26: MeanIoU 15.23, MeanDice 15.91; BEST mIoU 21.19, Dice 24.63 at epoch 12
[2026-07-10 17:07:31,933][    INFO] Epoch 28/100, iter 1/28, loss 0.2329, encoder LR 0.000753339
[2026-07-10 17:07:33,086][    INFO] Epoch 28/100, iter 4/28, loss 0.2875, encoder LR 0.000752344
[2026-07-10 17:07:33,195][    INFO] Epoch 28/100, iter 7/28, loss 0.6468, encoder LR 0.000751349
[2026-07-10 17:07:33,997][    INFO] Epoch 28/100, iter 10/28, loss 0.5094, encoder LR 0.000750353
[2026-07-10 17:07:35,061][    INFO] Epoch 28/100, iter 13/28, loss 0.6866, encoder LR 0.000749358
[2026-07-10 17:07:35,989][    INFO] Epoch 28/100, iter 16/28, loss 0.6318, encoder LR 0.000748362
[2026-07-10 17:07:36,113][    INFO] Epoch 28/100, iter 19/28, loss 0.6026, encoder LR 0.000747366
[2026-07-10 17:07:36,239][    INFO] Epoch 28/100, iter 22/28, loss 0.5550, encoder LR 0.00074637
[2026-07-10 17:07:36,529][    INFO] Epoch 28/100, iter 25/28, loss 0.5962, encoder LR 0.000745374
[2026-07-10 17:07:37,650][    INFO] Epoch 28/100, iter 28/28, loss 0.5528, encoder LR 0.000744377
[2026-07-10 17:07:44,405][    INFO] Evaluation class [0 background]: IoU 91.36, Dice 95.48
[2026-07-10 17:07:44,406][    INFO] Evaluation class [1 epithelial tissue]: IoU 0.00, Dice 0.00
[2026-07-10 17:07:44,406][    INFO] Evaluation class [2 slough]: IoU 0.00, Dice 0.00
[2026-07-10 17:07:44,406][    INFO] Evaluation class [3 granulation tissue]: IoU 0.39, Dice 0.78
[2026-07-10 17:07:44,406][    INFO] Evaluation class [4 necrotic tissue]: IoU 0.00, Dice 0.00
[2026-07-10 17:07:44,406][    INFO] Evaluation class [5 other]: IoU 0.00, Dice 0.00
[2026-07-10 17:07:44,406][    INFO] Evaluation epoch 27: MeanIoU 15.29, MeanDice 16.04; BEST mIoU 21.19, Dice 24.63 at epoch 12
[2026-07-10 17:07:47,672][    INFO] Epoch 29/100, iter 1/28, loss 0.1553, encoder LR 0.000744045
[2026-07-10 17:07:47,781][    INFO] Epoch 29/100, iter 4/28, loss 0.5107, encoder LR 0.000743049
[2026-07-10 17:07:48,512][    INFO] Epoch 29/100, iter 7/28, loss 0.4831, encoder LR 0.000742052
[2026-07-10 17:07:48,726][    INFO] Epoch 29/100, iter 10/28, loss 0.5088, encoder LR 0.000741055
[2026-07-10 17:07:49,751][    INFO] Epoch 29/100, iter 13/28, loss 0.5015, encoder LR 0.000740058
[2026-07-10 17:07:49,857][    INFO] Epoch 29/100, iter 16/28, loss 0.4844, encoder LR 0.000739061
[2026-07-10 17:07:50,146][    INFO] Epoch 29/100, iter 19/28, loss 0.5099, encoder LR 0.000738063
[2026-07-10 17:07:50,632][    INFO] Epoch 29/100, iter 22/28, loss 0.4935, encoder LR 0.000737066
[2026-07-10 17:07:51,649][    INFO] Epoch 29/100, iter 25/28, loss 0.4764, encoder LR 0.000736068
[2026-07-10 17:07:51,753][    INFO] Epoch 29/100, iter 28/28, loss 0.4913, encoder LR 0.000735071
[2026-07-10 17:07:59,772][    INFO] Evaluation class [0 background]: IoU 91.48, Dice 95.55
[2026-07-10 17:07:59,772][    INFO] Evaluation class [1 epithelial tissue]: IoU 0.00, Dice 0.00
[2026-07-10 17:07:59,773][    INFO] Evaluation class [2 slough]: IoU 0.00, Dice 0.00
[2026-07-10 17:07:59,773][    INFO] Evaluation class [3 granulation tissue]: IoU 5.98, Dice 11.29
[2026-07-10 17:07:59,773][    INFO] Evaluation class [4 necrotic tissue]: IoU 0.00, Dice 0.00
[2026-07-10 17:07:59,773][    INFO] Evaluation class [5 other]: IoU 0.00, Dice 0.00
[2026-07-10 17:07:59,773][    INFO] Evaluation epoch 28: MeanIoU 16.24, MeanDice 17.81; BEST mIoU 21.19, Dice 24.63 at epoch 12
[2026-07-10 17:08:01,343][    INFO] Epoch 30/100, iter 1/28, loss 0.2361, encoder LR 0.000734738
[2026-07-10 17:08:01,446][    INFO] Epoch 30/100, iter 4/28, loss 0.8380, encoder LR 0.00073374
[2026-07-10 17:08:02,446][    INFO] Epoch 30/100, iter 7/28, loss 0.6635, encoder LR 0.000732742
[2026-07-10 17:08:03,342][    INFO] Epoch 30/100, iter 10/28, loss 0.5520, encoder LR 0.000731744
[2026-07-10 17:08:03,872][    INFO] Epoch 30/100, iter 13/28, loss 0.4894, encoder LR 0.000730745
[2026-07-10 17:08:04,177][    INFO] Epoch 30/100, iter 16/28, loss 0.4666, encoder LR 0.000729747
[2026-07-10 17:08:04,513][    INFO] Epoch 30/100, iter 19/28, loss 0.4258, encoder LR 0.000728748
[2026-07-10 17:08:05,084][    INFO] Epoch 30/100, iter 22/28, loss 0.4130, encoder LR 0.000727749
[2026-07-10 17:08:06,440][    INFO] Epoch 30/100, iter 25/28, loss 0.4320, encoder LR 0.00072675
[2026-07-10 17:08:06,544][    INFO] Epoch 30/100, iter 28/28, loss 0.4308, encoder LR 0.000725751
[2026-07-10 17:08:13,243][    INFO] Evaluation class [0 background]: IoU 91.35, Dice 95.48
[2026-07-10 17:08:13,244][    INFO] Evaluation class [1 epithelial tissue]: IoU 0.00, Dice 0.00
[2026-07-10 17:08:13,244][    INFO] Evaluation class [2 slough]: IoU 0.00, Dice 0.00
[2026-07-10 17:08:13,244][    INFO] Evaluation class [3 granulation tissue]: IoU 0.00, Dice 0.00
[2026-07-10 17:08:13,244][    INFO] Evaluation class [4 necrotic tissue]: IoU 0.00, Dice 0.00
[2026-07-10 17:08:13,244][    INFO] Evaluation class [5 other]: IoU 0.00, Dice 0.00
[2026-07-10 17:08:13,244][    INFO] Evaluation epoch 29: MeanIoU 15.23, MeanDice 15.91; BEST mIoU 21.19, Dice 24.63 at epoch 12
[2026-07-10 17:08:15,648][    INFO] Epoch 31/100, iter 1/28, loss 0.0769, encoder LR 0.000725418
[2026-07-10 17:08:15,758][    INFO] Epoch 31/100, iter 4/28, loss 0.4826, encoder LR 0.000724418
[2026-07-10 17:08:16,895][    INFO] Epoch 31/100, iter 7/28, loss 0.3900, encoder LR 0.000723419
[2026-07-10 17:08:17,335][    INFO] Epoch 31/100, iter 10/28, loss 0.3920, encoder LR 0.000722419
[2026-07-10 17:08:17,439][    INFO] Epoch 31/100, iter 13/28, loss 0.3882, encoder LR 0.000721419
[2026-07-10 17:08:18,176][    INFO] Epoch 31/100, iter 16/28, loss 0.4024, encoder LR 0.000720419
[2026-07-10 17:08:18,911][    INFO] Epoch 31/100, iter 19/28, loss 0.4134, encoder LR 0.000719419
[2026-07-10 17:08:19,026][    INFO] Epoch 31/100, iter 22/28, loss 0.3871, encoder LR 0.000718419
[2026-07-10 17:08:19,405][    INFO] Epoch 31/100, iter 25/28, loss 0.3996, encoder LR 0.000717419
[2026-07-10 17:08:20,024][    INFO] Epoch 31/100, iter 28/28, loss 0.4193, encoder LR 0.000716418
[2026-07-10 17:08:26,820][    INFO] Evaluation class [0 background]: IoU 91.35, Dice 95.48
[2026-07-10 17:08:26,821][    INFO] Evaluation class [1 epithelial tissue]: IoU 0.00, Dice 0.00
[2026-07-10 17:08:26,821][    INFO] Evaluation class [2 slough]: IoU 0.00, Dice 0.00
[2026-07-10 17:08:26,821][    INFO] Evaluation class [3 granulation tissue]: IoU 0.43, Dice 0.85
[2026-07-10 17:08:26,821][    INFO] Evaluation class [4 necrotic tissue]: IoU 0.00, Dice 0.00
[2026-07-10 17:08:26,821][    INFO] Evaluation class [5 other]: IoU 0.00, Dice 0.00
[2026-07-10 17:08:26,821][    INFO] Evaluation epoch 30: MeanIoU 15.30, MeanDice 16.06; BEST mIoU 21.19, Dice 24.63 at epoch 12
[2026-07-10 17:08:27,456][    INFO] Epoch 32/100, iter 1/28, loss 0.3723, encoder LR 0.000716084
[2026-07-10 17:08:28,453][    INFO] Epoch 32/100, iter 4/28, loss 0.2184, encoder LR 0.000715084
[2026-07-10 17:08:29,237][    INFO] Epoch 32/100, iter 7/28, loss 0.3543, encoder LR 0.000714083
[2026-07-10 17:08:29,358][    INFO] Epoch 32/100, iter 10/28, loss 0.4203, encoder LR 0.000713081
[2026-07-10 17:08:29,542][    INFO] Epoch 32/100, iter 13/28, loss 0.4192, encoder LR 0.00071208
[2026-07-10 17:08:30,831][    INFO] Epoch 32/100, iter 16/28, loss 0.4601, encoder LR 0.000711079
[2026-07-10 17:08:31,254][    INFO] Epoch 32/100, iter 19/28, loss 0.5380, encoder LR 0.000710077
[2026-07-10 17:08:31,618][    INFO] Epoch 32/100, iter 22/28, loss 0.5513, encoder LR 0.000709075
[2026-07-10 17:08:32,712][    INFO] Epoch 32/100, iter 25/28, loss 0.5462, encoder LR 0.000708073
[2026-07-10 17:08:34,105][    INFO] Epoch 32/100, iter 28/28, loss 0.5285, encoder LR 0.000707071
[2026-07-10 17:08:41,237][    INFO] Evaluation class [0 background]: IoU 91.70, Dice 95.67
[2026-07-10 17:08:41,237][    INFO] Evaluation class [1 epithelial tissue]: IoU 0.00, Dice 0.00
[2026-07-10 17:08:41,238][    INFO] Evaluation class [2 slough]: IoU 0.00, Dice 0.00
[2026-07-10 17:08:41,238][    INFO] Evaluation class [3 granulation tissue]: IoU 24.32, Dice 39.13
[2026-07-10 17:08:41,238][    INFO] Evaluation class [4 necrotic tissue]: IoU 0.00, Dice 0.00
[2026-07-10 17:08:41,238][    INFO] Evaluation class [5 other]: IoU 0.00, Dice 0.00
[2026-07-10 17:08:41,238][    INFO] Evaluation epoch 31: MeanIoU 19.34, MeanDice 22.47; BEST mIoU 21.19, Dice 24.63 at epoch 12
[2026-07-10 17:08:42,284][    INFO] Epoch 33/100, iter 1/28, loss 0.8395, encoder LR 0.000706737
[2026-07-10 17:08:42,848][    INFO] Epoch 33/100, iter 4/28, loss 0.4377, encoder LR 0.000705735
[2026-07-10 17:08:43,618][    INFO] Epoch 33/100, iter 7/28, loss 0.5509, encoder LR 0.000704733
[2026-07-10 17:08:44,535][    INFO] Epoch 33/100, iter 10/28, loss 0.5422, encoder LR 0.00070373
[2026-07-10 17:08:46,057][    INFO] Epoch 33/100, iter 13/28, loss 0.5289, encoder LR 0.000702727
[2026-07-10 17:08:46,165][    INFO] Epoch 33/100, iter 16/28, loss 0.5129, encoder LR 0.000701724
[2026-07-10 17:08:46,568][    INFO] Epoch 33/100, iter 19/28, loss 0.5504, encoder LR 0.000700721
[2026-07-10 17:08:46,853][    INFO] Epoch 33/100, iter 22/28, loss 0.5918, encoder LR 0.000699718
[2026-07-10 17:08:47,515][    INFO] Epoch 33/100, iter 25/28, loss 0.5559, encoder LR 0.000698715
[2026-07-10 17:08:47,860][    INFO] Epoch 33/100, iter 28/28, loss 0.5304, encoder LR 0.000697711
[2026-07-10 17:08:54,702][    INFO] Evaluation class [0 background]: IoU 91.38, Dice 95.50
[2026-07-10 17:08:54,703][    INFO] Evaluation class [1 epithelial tissue]: IoU 0.00, Dice 0.00
[2026-07-10 17:08:54,703][    INFO] Evaluation class [2 slough]: IoU 0.00, Dice 0.00
[2026-07-10 17:08:54,703][    INFO] Evaluation class [3 granulation tissue]: IoU 1.84, Dice 3.61
[2026-07-10 17:08:54,703][    INFO] Evaluation class [4 necrotic tissue]: IoU 0.00, Dice 0.00
[2026-07-10 17:08:54,704][    INFO] Evaluation class [5 other]: IoU 0.00, Dice 0.00
[2026-07-10 17:08:54,704][    INFO] Evaluation epoch 32: MeanIoU 15.54, MeanDice 16.52; BEST mIoU 21.19, Dice 24.63 at epoch 12
[2026-07-10 17:08:56,052][    INFO] Epoch 34/100, iter 1/28, loss 0.4085, encoder LR 0.000697377
[2026-07-10 17:08:56,780][    INFO] Epoch 34/100, iter 4/28, loss 0.4486, encoder LR 0.000696373
[2026-07-10 17:08:57,361][    INFO] Epoch 34/100, iter 7/28, loss 0.4544, encoder LR 0.000695369
[2026-07-10 17:08:57,931][    INFO] Epoch 34/100, iter 10/28, loss 0.3979, encoder LR 0.000694365
[2026-07-10 17:08:58,256][    INFO] Epoch 34/100, iter 13/28, loss 0.3728, encoder LR 0.00069336
[2026-07-10 17:08:58,636][    INFO] Epoch 34/100, iter 16/28, loss 0.4312, encoder LR 0.000692356
[2026-07-10 17:08:59,483][    INFO] Epoch 34/100, iter 19/28, loss 0.4497, encoder LR 0.000691352
[2026-07-10 17:08:59,596][    INFO] Epoch 34/100, iter 22/28, loss 0.4865, encoder LR 0.000690347
[2026-07-10 17:09:00,823][    INFO] Epoch 34/100, iter 25/28, loss 0.4649, encoder LR 0.000689342
[2026-07-10 17:09:01,195][    INFO] Epoch 34/100, iter 28/28, loss 0.4481, encoder LR 0.000688337
[2026-07-10 17:09:07,989][    INFO] Evaluation class [0 background]: IoU 91.82, Dice 95.74
[2026-07-10 17:09:07,990][    INFO] Evaluation class [1 epithelial tissue]: IoU 0.00, Dice 0.00
[2026-07-10 17:09:07,990][    INFO] Evaluation class [2 slough]: IoU 0.00, Dice 0.00
[2026-07-10 17:09:07,990][    INFO] Evaluation class [3 granulation tissue]: IoU 23.39, Dice 37.91
[2026-07-10 17:09:07,990][    INFO] Evaluation class [4 necrotic tissue]: IoU 0.00, Dice 0.00
[2026-07-10 17:09:07,991][    INFO] Evaluation class [5 other]: IoU 0.00, Dice 0.00
[2026-07-10 17:09:07,991][    INFO] Evaluation epoch 33: MeanIoU 19.20, MeanDice 22.27; BEST mIoU 21.19, Dice 24.63 at epoch 12
[2026-07-10 17:09:09,539][    INFO] Epoch 35/100, iter 1/28, loss 0.6557, encoder LR 0.000688002
[2026-07-10 17:09:10,851][    INFO] Epoch 35/100, iter 4/28, loss 0.2904, encoder LR 0.000686996
[2026-07-10 17:09:11,875][    INFO] Epoch 35/100, iter 7/28, loss 0.2749, encoder LR 0.000685991
[2026-07-10 17:09:11,998][    INFO] Epoch 35/100, iter 10/28, loss 0.3278, encoder LR 0.000684985
[2026-07-10 17:09:14,344][    INFO] Epoch 35/100, iter 13/28, loss 0.3364, encoder LR 0.00068398
[2026-07-10 17:09:14,724][    INFO] Epoch 35/100, iter 16/28, loss 0.3713, encoder LR 0.000682974
[2026-07-10 17:09:14,833][    INFO] Epoch 35/100, iter 19/28, loss 0.3903, encoder LR 0.000681968
[2026-07-10 17:09:14,945][    INFO] Epoch 35/100, iter 22/28, loss 0.4295, encoder LR 0.000680961
[2026-07-10 17:09:16,016][    INFO] Epoch 35/100, iter 25/28, loss 0.4244, encoder LR 0.000679955
[2026-07-10 17:09:16,392][    INFO] Epoch 35/100, iter 28/28, loss 0.4101, encoder LR 0.000678948
[2026-07-10 17:09:23,315][    INFO] Evaluation class [0 background]: IoU 91.85, Dice 95.75
[2026-07-10 17:09:23,315][    INFO] Evaluation class [1 epithelial tissue]: IoU 0.00, Dice 0.00
[2026-07-10 17:09:23,316][    INFO] Evaluation class [2 slough]: IoU 0.00, Dice 0.00
[2026-07-10 17:09:23,316][    INFO] Evaluation class [3 granulation tissue]: IoU 20.87, Dice 34.54
[2026-07-10 17:09:23,316][    INFO] Evaluation class [4 necrotic tissue]: IoU 0.00, Dice 0.00
[2026-07-10 17:09:23,316][    INFO] Evaluation class [5 other]: IoU 0.00, Dice 0.00
[2026-07-10 17:09:23,316][    INFO] Evaluation epoch 34: MeanIoU 18.79, MeanDice 21.72; BEST mIoU 21.19, Dice 24.63 at epoch 12
[2026-07-10 17:09:25,009][    INFO] Epoch 36/100, iter 1/28, loss 0.2755, encoder LR 0.000678613
[2026-07-10 17:09:25,160][    INFO] Epoch 36/100, iter 4/28, loss 0.2980, encoder LR 0.000677606
[2026-07-10 17:09:25,666][    INFO] Epoch 36/100, iter 7/28, loss 0.3636, encoder LR 0.000676599
[2026-07-10 17:09:26,974][    INFO] Epoch 36/100, iter 10/28, loss 0.2954, encoder LR 0.000675592
[2026-07-10 17:09:27,618][    INFO] Epoch 36/100, iter 13/28, loss 0.3795, encoder LR 0.000674584
[2026-07-10 17:09:27,736][    INFO] Epoch 36/100, iter 16/28, loss 0.3685, encoder LR 0.000673577
[2026-07-10 17:09:29,564][    INFO] Epoch 36/100, iter 19/28, loss 0.3732, encoder LR 0.000672569
[2026-07-10 17:09:29,672][    INFO] Epoch 36/100, iter 22/28, loss 0.4297, encoder LR 0.000671562
[2026-07-10 17:09:30,001][    INFO] Epoch 36/100, iter 25/28, loss 0.4468, encoder LR 0.000670554
[2026-07-10 17:09:30,699][    INFO] Epoch 36/100, iter 28/28, loss 0.4493, encoder LR 0.000669545
[2026-07-10 17:09:37,314][    INFO] Evaluation class [0 background]: IoU 92.09, Dice 95.88
[2026-07-10 17:09:37,314][    INFO] Evaluation class [1 epithelial tissue]: IoU 0.00, Dice 0.00
[2026-07-10 17:09:37,315][    INFO] Evaluation class [2 slough]: IoU 0.00, Dice 0.00
[2026-07-10 17:09:37,315][    INFO] Evaluation class [3 granulation tissue]: IoU 28.82, Dice 44.75
[2026-07-10 17:09:37,315][    INFO] Evaluation class [4 necrotic tissue]: IoU 0.00, Dice 0.00
[2026-07-10 17:09:37,315][    INFO] Evaluation class [5 other]: IoU 0.00, Dice 0.00
[2026-07-10 17:09:37,315][    INFO] Evaluation epoch 35: MeanIoU 20.15, MeanDice 23.44; BEST mIoU 21.19, Dice 24.63 at epoch 12
[2026-07-10 17:09:39,055][    INFO] Epoch 37/100, iter 1/28, loss 0.3007, encoder LR 0.000669209
[2026-07-10 17:09:39,518][    INFO] Epoch 37/100, iter 4/28, loss 0.3755, encoder LR 0.000668201
[2026-07-10 17:09:40,823][    INFO] Epoch 37/100, iter 7/28, loss 0.4377, encoder LR 0.000667192
[2026-07-10 17:09:41,279][    INFO] Epoch 37/100, iter 10/28, loss 0.3602, encoder LR 0.000666184
[2026-07-10 17:09:41,388][    INFO] Epoch 37/100, iter 13/28, loss 0.3270, encoder LR 0.000665175
[2026-07-10 17:09:42,076][    INFO] Epoch 37/100, iter 16/28, loss 0.3582, encoder LR 0.000664166
[2026-07-10 17:09:42,879][    INFO] Epoch 37/100, iter 19/28, loss 0.3615, encoder LR 0.000663156
[2026-07-10 17:09:43,136][    INFO] Epoch 37/100, iter 22/28, loss 0.3926, encoder LR 0.000662147
[2026-07-10 17:09:43,770][    INFO] Epoch 37/100, iter 25/28, loss 0.3778, encoder LR 0.000661138
[2026-07-10 17:09:43,995][    INFO] Epoch 37/100, iter 28/28, loss 0.3931, encoder LR 0.000660128
[2026-07-10 17:09:51,074][    INFO] Evaluation class [0 background]: IoU 91.89, Dice 95.77
[2026-07-10 17:09:51,074][    INFO] Evaluation class [1 epithelial tissue]: IoU 0.00, Dice 0.00
[2026-07-10 17:09:51,075][    INFO] Evaluation class [2 slough]: IoU 0.00, Dice 0.00
[2026-07-10 17:09:51,075][    INFO] Evaluation class [3 granulation tissue]: IoU 21.98, Dice 36.03
[2026-07-10 17:09:51,075][    INFO] Evaluation class [4 necrotic tissue]: IoU 0.00, Dice 0.00
[2026-07-10 17:09:51,075][    INFO] Evaluation class [5 other]: IoU 0.00, Dice 0.00
[2026-07-10 17:09:51,075][    INFO] Evaluation epoch 36: MeanIoU 18.98, MeanDice 21.97; BEST mIoU 21.19, Dice 24.63 at epoch 12
[2026-07-10 17:09:52,060][    INFO] Epoch 38/100, iter 1/28, loss 0.1706, encoder LR 0.000659791
[2026-07-10 17:09:53,374][    INFO] Epoch 38/100, iter 4/28, loss 0.5806, encoder LR 0.000658781
[2026-07-10 17:09:53,756][    INFO] Epoch 38/100, iter 7/28, loss 0.6103, encoder LR 0.000657771
[2026-07-10 17:09:55,009][    INFO] Epoch 38/100, iter 10/28, loss 0.7888, encoder LR 0.000656761
[2026-07-10 17:09:55,422][    INFO] Epoch 38/100, iter 13/28, loss 0.6988, encoder LR 0.00065575
[2026-07-10 17:09:55,526][    INFO] Epoch 38/100, iter 16/28, loss 0.6571, encoder LR 0.00065474
[2026-07-10 17:09:55,982][    INFO] Epoch 38/100, iter 19/28, loss 0.7018, encoder LR 0.000653729
[2026-07-10 17:09:56,582][    INFO] Epoch 38/100, iter 22/28, loss 0.6670, encoder LR 0.000652718
[2026-07-10 17:09:56,997][    INFO] Epoch 38/100, iter 25/28, loss 0.6246, encoder LR 0.000651707
[2026-07-10 17:09:58,363][    INFO] Epoch 38/100, iter 28/28, loss 0.5979, encoder LR 0.000650695
[2026-07-10 17:10:05,211][    INFO] Evaluation class [0 background]: IoU 92.17, Dice 95.93
[2026-07-10 17:10:05,211][    INFO] Evaluation class [1 epithelial tissue]: IoU 0.00, Dice 0.00
[2026-07-10 17:10:05,211][    INFO] Evaluation class [2 slough]: IoU 0.00, Dice 0.00
[2026-07-10 17:10:05,212][    INFO] Evaluation class [3 granulation tissue]: IoU 30.70, Dice 46.98
[2026-07-10 17:10:05,212][    INFO] Evaluation class [4 necrotic tissue]: IoU 0.00, Dice 0.00
[2026-07-10 17:10:05,212][    INFO] Evaluation class [5 other]: IoU 0.00, Dice 0.00
[2026-07-10 17:10:05,212][    INFO] Evaluation epoch 37: MeanIoU 20.48, MeanDice 23.82; BEST mIoU 21.19, Dice 24.63 at epoch 12
[2026-07-10 17:10:06,693][    INFO] Epoch 39/100, iter 1/28, loss 0.4281, encoder LR 0.000650358
[2026-07-10 17:10:08,304][    INFO] Epoch 39/100, iter 4/28, loss 0.3649, encoder LR 0.000649346
[2026-07-10 17:10:08,773][    INFO] Epoch 39/100, iter 7/28, loss 0.2698, encoder LR 0.000648335
[2026-07-10 17:10:09,418][    INFO] Epoch 39/100, iter 10/28, loss 0.3278, encoder LR 0.000647323
[2026-07-10 17:10:09,540][    INFO] Epoch 39/100, iter 13/28, loss 0.2907, encoder LR 0.000646311
[2026-07-10 17:10:09,656][    INFO] Epoch 39/100, iter 16/28, loss 0.4430, encoder LR 0.000645298
[2026-07-10 17:10:09,766][    INFO] Epoch 39/100, iter 19/28, loss 0.4835, encoder LR 0.000644286
[2026-07-10 17:10:10,559][    INFO] Epoch 39/100, iter 22/28, loss 0.4869, encoder LR 0.000643273
[2026-07-10 17:10:12,225][    INFO] Epoch 39/100, iter 25/28, loss 0.4537, encoder LR 0.00064226
[2026-07-10 17:10:12,332][    INFO] Epoch 39/100, iter 28/28, loss 0.4848, encoder LR 0.000641247
[2026-07-10 17:10:19,102][    INFO] Evaluation class [0 background]: IoU 91.87, Dice 95.76
[2026-07-10 17:10:19,102][    INFO] Evaluation class [1 epithelial tissue]: IoU 0.00, Dice 0.00
[2026-07-10 17:10:19,103][    INFO] Evaluation class [2 slough]: IoU 0.00, Dice 0.00
[2026-07-10 17:10:19,103][    INFO] Evaluation class [3 granulation tissue]: IoU 20.45, Dice 33.95
[2026-07-10 17:10:19,103][    INFO] Evaluation class [4 necrotic tissue]: IoU 0.00, Dice 0.00
[2026-07-10 17:10:19,103][    INFO] Evaluation class [5 other]: IoU 0.00, Dice 0.00
[2026-07-10 17:10:19,103][    INFO] Evaluation epoch 38: MeanIoU 18.72, MeanDice 21.62; BEST mIoU 21.19, Dice 24.63 at epoch 12
[2026-07-10 17:10:20,580][    INFO] Epoch 40/100, iter 1/28, loss 0.1528, encoder LR 0.00064091
[2026-07-10 17:10:20,807][    INFO] Epoch 40/100, iter 4/28, loss 0.1857, encoder LR 0.000639896
[2026-07-10 17:10:21,561][    INFO] Epoch 40/100, iter 7/28, loss 0.2454, encoder LR 0.000638883
[2026-07-10 17:10:23,222][    INFO] Epoch 40/100, iter 10/28, loss 0.3276, encoder LR 0.000637869
[2026-07-10 17:10:23,737][    INFO] Epoch 40/100, iter 13/28, loss 0.3796, encoder LR 0.000636856
[2026-07-10 17:10:23,855][    INFO] Epoch 40/100, iter 16/28, loss 0.3568, encoder LR 0.000635842
[2026-07-10 17:10:24,941][    INFO] Epoch 40/100, iter 19/28, loss 0.3494, encoder LR 0.000634828
[2026-07-10 17:10:25,459][    INFO] Epoch 40/100, iter 22/28, loss 0.3427, encoder LR 0.000633813
[2026-07-10 17:10:25,664][    INFO] Epoch 40/100, iter 25/28, loss 0.4107, encoder LR 0.000632799
[2026-07-10 17:10:26,174][    INFO] Epoch 40/100, iter 28/28, loss 0.4145, encoder LR 0.000631784
[2026-07-10 17:10:32,822][    INFO] Evaluation class [0 background]: IoU 91.62, Dice 95.62
[2026-07-10 17:10:32,822][    INFO] Evaluation class [1 epithelial tissue]: IoU 0.00, Dice 0.00
[2026-07-10 17:10:32,822][    INFO] Evaluation class [2 slough]: IoU 0.00, Dice 0.00
[2026-07-10 17:10:32,822][    INFO] Evaluation class [3 granulation tissue]: IoU 11.80, Dice 21.12
[2026-07-10 17:10:32,823][    INFO] Evaluation class [4 necrotic tissue]: IoU 0.00, Dice 0.00
[2026-07-10 17:10:32,823][    INFO] Evaluation class [5 other]: IoU 0.00, Dice 0.00
[2026-07-10 17:10:32,823][    INFO] Evaluation epoch 39: MeanIoU 17.24, MeanDice 19.46; BEST mIoU 21.19, Dice 24.63 at epoch 12
[2026-07-10 17:10:33,374][    INFO] Epoch 41/100, iter 1/28, loss 0.2017, encoder LR 0.000631446
[2026-07-10 17:10:33,931][    INFO] Epoch 41/100, iter 4/28, loss 0.5414, encoder LR 0.000630431
[2026-07-10 17:10:35,038][    INFO] Epoch 41/100, iter 7/28, loss 0.4080, encoder LR 0.000629416
[2026-07-10 17:10:35,963][    INFO] Epoch 41/100, iter 10/28, loss 0.5874, encoder LR 0.000628401
[2026-07-10 17:10:36,685][    INFO] Epoch 41/100, iter 13/28, loss 0.5199, encoder LR 0.000627385
[2026-07-10 17:10:36,795][    INFO] Epoch 41/100, iter 16/28, loss 0.5737, encoder LR 0.000626369
[2026-07-10 17:10:38,377][    INFO] Epoch 41/100, iter 19/28, loss 0.5549, encoder LR 0.000625354
[2026-07-10 17:10:39,040][    INFO] Epoch 41/100, iter 22/28, loss 0.5402, encoder LR 0.000624338
[2026-07-10 17:10:39,863][    INFO] Epoch 41/100, iter 25/28, loss 0.5514, encoder LR 0.000623321
[2026-07-10 17:10:39,972][    INFO] Epoch 41/100, iter 28/28, loss 0.5313, encoder LR 0.000622305
[2026-07-10 17:10:46,707][    INFO] Evaluation class [0 background]: IoU 92.23, Dice 95.96
[2026-07-10 17:10:46,708][    INFO] Evaluation class [1 epithelial tissue]: IoU 0.00, Dice 0.00
[2026-07-10 17:10:46,708][    INFO] Evaluation class [2 slough]: IoU 0.00, Dice 0.00
[2026-07-10 17:10:46,708][    INFO] Evaluation class [3 granulation tissue]: IoU 33.21, Dice 49.86
[2026-07-10 17:10:46,708][    INFO] Evaluation class [4 necrotic tissue]: IoU 0.00, Dice 0.00
[2026-07-10 17:10:46,708][    INFO] Evaluation class [5 other]: IoU 0.00, Dice 0.00
[2026-07-10 17:10:46,709][    INFO] Evaluation epoch 40: MeanIoU 20.91, MeanDice 24.30; BEST mIoU 21.19, Dice 24.63 at epoch 12
[2026-07-10 17:10:48,296][    INFO] Epoch 42/100, iter 1/28, loss 0.7391, encoder LR 0.000621966
[2026-07-10 17:10:49,575][    INFO] Epoch 42/100, iter 4/28, loss 0.4152, encoder LR 0.00062095
[2026-07-10 17:10:50,919][    INFO] Epoch 42/100, iter 7/28, loss 0.5167, encoder LR 0.000619933
[2026-07-10 17:10:51,024][    INFO] Epoch 42/100, iter 10/28, loss 0.5311, encoder LR 0.000618916
[2026-07-10 17:10:51,238][    INFO] Epoch 42/100, iter 13/28, loss 0.5624, encoder LR 0.000617899
[2026-07-10 17:10:51,989][    INFO] Epoch 42/100, iter 16/28, loss 0.5048, encoder LR 0.000616881
[2026-07-10 17:10:52,115][    INFO] Epoch 42/100, iter 19/28, loss 0.5248, encoder LR 0.000615864
[2026-07-10 17:10:52,429][    INFO] Epoch 42/100, iter 22/28, loss 0.5167, encoder LR 0.000614846
[2026-07-10 17:10:53,052][    INFO] Epoch 42/100, iter 25/28, loss 0.4743, encoder LR 0.000613828
[2026-07-10 17:10:53,791][    INFO] Epoch 42/100, iter 28/28, loss 0.4677, encoder LR 0.00061281
[2026-07-10 17:11:01,516][    INFO] Evaluation class [0 background]: IoU 91.46, Dice 95.54
[2026-07-10 17:11:01,517][    INFO] Evaluation class [1 epithelial tissue]: IoU 0.00, Dice 0.00
[2026-07-10 17:11:01,517][    INFO] Evaluation class [2 slough]: IoU 0.00, Dice 0.00
[2026-07-10 17:11:01,517][    INFO] Evaluation class [3 granulation tissue]: IoU 5.16, Dice 9.81
[2026-07-10 17:11:01,517][    INFO] Evaluation class [4 necrotic tissue]: IoU 0.00, Dice 0.00
[2026-07-10 17:11:01,517][    INFO] Evaluation class [5 other]: IoU 0.00, Dice 0.00
[2026-07-10 17:11:01,517][    INFO] Evaluation epoch 41: MeanIoU 16.10, MeanDice 17.56; BEST mIoU 21.19, Dice 24.63 at epoch 12
[2026-07-10 17:11:02,368][    INFO] Epoch 43/100, iter 1/28, loss 0.1848, encoder LR 0.000612471
[2026-07-10 17:11:02,553][    INFO] Epoch 43/100, iter 4/28, loss 0.4524, encoder LR 0.000611452
[2026-07-10 17:11:03,300][    INFO] Epoch 43/100, iter 7/28, loss 0.5799, encoder LR 0.000610434
[2026-07-10 17:11:03,888][    INFO] Epoch 43/100, iter 10/28, loss 0.5180, encoder LR 0.000609415
[2026-07-10 17:11:04,139][    INFO] Epoch 43/100, iter 13/28, loss 0.5483, encoder LR 0.000608396
[2026-07-10 17:11:05,218][    INFO] Epoch 43/100, iter 16/28, loss 0.5308, encoder LR 0.000607377
[2026-07-10 17:11:05,560][    INFO] Epoch 43/100, iter 19/28, loss 0.5713, encoder LR 0.000606358
[2026-07-10 17:11:05,667][    INFO] Epoch 43/100, iter 22/28, loss 0.5528, encoder LR 0.000605338
[2026-07-10 17:11:06,974][    INFO] Epoch 43/100, iter 25/28, loss 0.5248, encoder LR 0.000604318
[2026-07-10 17:11:07,479][    INFO] Epoch 43/100, iter 28/28, loss 0.4970, encoder LR 0.000603298
[2026-07-10 17:11:14,350][    INFO] Evaluation class [0 background]: IoU 91.62, Dice 95.63
[2026-07-10 17:11:14,351][    INFO] Evaluation class [1 epithelial tissue]: IoU 0.00, Dice 0.00
[2026-07-10 17:11:14,351][    INFO] Evaluation class [2 slough]: IoU 0.00, Dice 0.00
[2026-07-10 17:11:14,351][    INFO] Evaluation class [3 granulation tissue]: IoU 11.15, Dice 20.06
[2026-07-10 17:11:14,351][    INFO] Evaluation class [4 necrotic tissue]: IoU 0.00, Dice 0.00
[2026-07-10 17:11:14,351][    INFO] Evaluation class [5 other]: IoU 0.00, Dice 0.00
[2026-07-10 17:11:14,352][    INFO] Evaluation epoch 42: MeanIoU 17.13, MeanDice 19.28; BEST mIoU 21.19, Dice 24.63 at epoch 12
[2026-07-10 17:11:15,502][    INFO] Epoch 44/100, iter 1/28, loss 0.2278, encoder LR 0.000602958
[2026-07-10 17:11:16,033][    INFO] Epoch 44/100, iter 4/28, loss 0.3768, encoder LR 0.000601938
[2026-07-10 17:11:17,094][    INFO] Epoch 44/100, iter 7/28, loss 0.4091, encoder LR 0.000600918
[2026-07-10 17:11:17,533][    INFO] Epoch 44/100, iter 10/28, loss 0.4233, encoder LR 0.000599897
[2026-07-10 17:11:18,165][    INFO] Epoch 44/100, iter 13/28, loss 0.4637, encoder LR 0.000598877
[2026-07-10 17:11:19,250][    INFO] Epoch 44/100, iter 16/28, loss 0.5395, encoder LR 0.000597856
[2026-07-10 17:11:20,036][    INFO] Epoch 44/100, iter 19/28, loss 0.6112, encoder LR 0.000596835
[2026-07-10 17:11:21,100][    INFO] Epoch 44/100, iter 22/28, loss 0.5663, encoder LR 0.000595813
[2026-07-10 17:11:21,205][    INFO] Epoch 44/100, iter 25/28, loss 0.5379, encoder LR 0.000594792
[2026-07-10 17:11:22,114][    INFO] Epoch 44/100, iter 28/28, loss 0.5352, encoder LR 0.00059377
[2026-07-10 17:11:29,022][    INFO] Evaluation class [0 background]: IoU 91.73, Dice 95.68
[2026-07-10 17:11:29,022][    INFO] Evaluation class [1 epithelial tissue]: IoU 0.01, Dice 0.02
[2026-07-10 17:11:29,023][    INFO] Evaluation class [2 slough]: IoU 0.00, Dice 0.00
[2026-07-10 17:11:29,023][    INFO] Evaluation class [3 granulation tissue]: IoU 15.88, Dice 27.40
[2026-07-10 17:11:29,023][    INFO] Evaluation class [4 necrotic tissue]: IoU 0.00, Dice 0.00
[2026-07-10 17:11:29,023][    INFO] Evaluation class [5 other]: IoU 0.00, Dice 0.00
[2026-07-10 17:11:29,023][    INFO] Evaluation epoch 43: MeanIoU 17.94, MeanDice 20.52; BEST mIoU 21.19, Dice 24.63 at epoch 12
[2026-07-10 17:11:30,005][    INFO] Epoch 45/100, iter 1/28, loss 0.2424, encoder LR 0.00059343
[2026-07-10 17:11:31,233][    INFO] Epoch 45/100, iter 4/28, loss 0.4583, encoder LR 0.000592408
[2026-07-10 17:11:31,357][    INFO] Epoch 45/100, iter 7/28, loss 0.5990, encoder LR 0.000591386
[2026-07-10 17:11:33,558][    INFO] Epoch 45/100, iter 10/28, loss 0.4803, encoder LR 0.000590363
[2026-07-10 17:11:33,715][    INFO] Epoch 45/100, iter 13/28, loss 0.5960, encoder LR 0.000589341
[2026-07-10 17:11:34,379][    INFO] Epoch 45/100, iter 16/28, loss 0.5370, encoder LR 0.000588318
[2026-07-10 17:11:34,867][    INFO] Epoch 45/100, iter 19/28, loss 0.5169, encoder LR 0.000587295
[2026-07-10 17:11:35,216][    INFO] Epoch 45/100, iter 22/28, loss 0.5327, encoder LR 0.000586272
[2026-07-10 17:11:36,560][    INFO] Epoch 45/100, iter 25/28, loss 0.5227, encoder LR 0.000585249
[2026-07-10 17:11:36,670][    INFO] Epoch 45/100, iter 28/28, loss 0.5708, encoder LR 0.000584225
[2026-07-10 17:11:43,441][    INFO] Evaluation class [0 background]: IoU 91.91, Dice 95.79
[2026-07-10 17:11:43,441][    INFO] Evaluation class [1 epithelial tissue]: IoU 0.00, Dice 0.00
[2026-07-10 17:11:43,441][    INFO] Evaluation class [2 slough]: IoU 0.00, Dice 0.00
[2026-07-10 17:11:43,442][    INFO] Evaluation class [3 granulation tissue]: IoU 23.28, Dice 37.76
[2026-07-10 17:11:43,442][    INFO] Evaluation class [4 necrotic tissue]: IoU 0.00, Dice 0.00
[2026-07-10 17:11:43,442][    INFO] Evaluation class [5 other]: IoU 0.00, Dice 0.00
[2026-07-10 17:11:43,442][    INFO] Evaluation epoch 44: MeanIoU 19.20, MeanDice 22.26; BEST mIoU 21.19, Dice 24.63 at epoch 12
[2026-07-10 17:11:44,430][    INFO] Epoch 46/100, iter 1/28, loss 0.5421, encoder LR 0.000583884
[2026-07-10 17:11:44,543][    INFO] Epoch 46/100, iter 4/28, loss 0.4192, encoder LR 0.00058286
[2026-07-10 17:11:45,291][    INFO] Epoch 46/100, iter 7/28, loss 0.3229, encoder LR 0.000581836
[2026-07-10 17:11:46,986][    INFO] Epoch 46/100, iter 10/28, loss 0.4101, encoder LR 0.000580812
[2026-07-10 17:11:47,097][    INFO] Epoch 46/100, iter 13/28, loss 0.4085, encoder LR 0.000579787
[2026-07-10 17:11:47,948][    INFO] Epoch 46/100, iter 16/28, loss 0.3939, encoder LR 0.000578763
[2026-07-10 17:11:48,847][    INFO] Epoch 46/100, iter 19/28, loss 0.3753, encoder LR 0.000577738
[2026-07-10 17:11:49,472][    INFO] Epoch 46/100, iter 22/28, loss 0.3851, encoder LR 0.000576713
[2026-07-10 17:11:49,580][    INFO] Epoch 46/100, iter 25/28, loss 0.3821, encoder LR 0.000575688
[2026-07-10 17:11:51,227][    INFO] Epoch 46/100, iter 28/28, loss 0.3911, encoder LR 0.000574662
[2026-07-10 17:11:58,020][    INFO] Evaluation class [0 background]: IoU 91.86, Dice 95.76
[2026-07-10 17:11:58,021][    INFO] Evaluation class [1 epithelial tissue]: IoU 0.00, Dice 0.00
[2026-07-10 17:11:58,021][    INFO] Evaluation class [2 slough]: IoU 0.00, Dice 0.00
[2026-07-10 17:11:58,021][    INFO] Evaluation class [3 granulation tissue]: IoU 22.05, Dice 36.14
[2026-07-10 17:11:58,021][    INFO] Evaluation class [4 necrotic tissue]: IoU 0.00, Dice 0.00
[2026-07-10 17:11:58,021][    INFO] Evaluation class [5 other]: IoU 0.00, Dice 0.00
[2026-07-10 17:11:58,021][    INFO] Evaluation epoch 45: MeanIoU 18.99, MeanDice 21.98; BEST mIoU 21.19, Dice 24.63 at epoch 12
[2026-07-10 17:11:58,548][    INFO] Epoch 47/100, iter 1/28, loss 0.8110, encoder LR 0.000574321
[2026-07-10 17:11:59,654][    INFO] Epoch 47/100, iter 4/28, loss 0.9576, encoder LR 0.000573295
[2026-07-10 17:11:59,760][    INFO] Epoch 47/100, iter 7/28, loss 0.6199, encoder LR 0.000572269
[2026-07-10 17:12:01,168][    INFO] Epoch 47/100, iter 10/28, loss 0.6260, encoder LR 0.000571243
[2026-07-10 17:12:01,282][    INFO] Epoch 47/100, iter 13/28, loss 0.6854, encoder LR 0.000570217
[2026-07-10 17:12:02,201][    INFO] Epoch 47/100, iter 16/28, loss 0.6190, encoder LR 0.00056919
[2026-07-10 17:12:02,970][    INFO] Epoch 47/100, iter 19/28, loss 0.5659, encoder LR 0.000568163
[2026-07-10 17:12:03,352][    INFO] Epoch 47/100, iter 22/28, loss 0.5423, encoder LR 0.000567137
[2026-07-10 17:12:04,440][    INFO] Epoch 47/100, iter 25/28, loss 0.5760, encoder LR 0.000566109
[2026-07-10 17:12:06,373][    INFO] Epoch 47/100, iter 28/28, loss 0.5574, encoder LR 0.000565082
[2026-07-10 17:12:13,694][    INFO] Evaluation class [0 background]: IoU 91.52, Dice 95.57
[2026-07-10 17:12:13,694][    INFO] Evaluation class [1 epithelial tissue]: IoU 0.00, Dice 0.00
[2026-07-10 17:12:13,695][    INFO] Evaluation class [2 slough]: IoU 0.00, Dice 0.00
[2026-07-10 17:12:13,695][    INFO] Evaluation class [3 granulation tissue]: IoU 7.97, Dice 14.77
[2026-07-10 17:12:13,695][    INFO] Evaluation class [4 necrotic tissue]: IoU 0.00, Dice 0.00
[2026-07-10 17:12:13,695][    INFO] Evaluation class [5 other]: IoU 0.00, Dice 0.00
[2026-07-10 17:12:13,695][    INFO] Evaluation epoch 46: MeanIoU 16.58, MeanDice 18.39; BEST mIoU 21.19, Dice 24.63 at epoch 12
[2026-07-10 17:12:15,995][    INFO] Epoch 48/100, iter 1/28, loss 1.1080, encoder LR 0.00056474
[2026-07-10 17:12:16,102][    INFO] Epoch 48/100, iter 4/28, loss 0.5140, encoder LR 0.000563712
[2026-07-10 17:12:16,642][    INFO] Epoch 48/100, iter 7/28, loss 0.4041, encoder LR 0.000562684
[2026-07-10 17:12:17,895][    INFO] Epoch 48/100, iter 10/28, loss 0.3968, encoder LR 0.000561656
[2026-07-10 17:12:18,016][    INFO] Epoch 48/100, iter 13/28, loss 0.4081, encoder LR 0.000560628
[2026-07-10 17:12:18,119][    INFO] Epoch 48/100, iter 16/28, loss 0.4230, encoder LR 0.0005596
[2026-07-10 17:12:18,799][    INFO] Epoch 48/100, iter 19/28, loss 0.4415, encoder LR 0.000558571
[2026-07-10 17:12:20,757][    INFO] Epoch 48/100, iter 22/28, loss 0.4207, encoder LR 0.000557542
[2026-07-10 17:12:21,539][    INFO] Epoch 48/100, iter 25/28, loss 0.4737, encoder LR 0.000556513
[2026-07-10 17:12:21,789][    INFO] Epoch 48/100, iter 28/28, loss 0.4646, encoder LR 0.000555484
[2026-07-10 17:12:28,747][    INFO] Evaluation class [0 background]: IoU 91.78, Dice 95.71
[2026-07-10 17:12:28,747][    INFO] Evaluation class [1 epithelial tissue]: IoU 0.08, Dice 0.15
[2026-07-10 17:12:28,748][    INFO] Evaluation class [2 slough]: IoU 0.00, Dice 0.00
[2026-07-10 17:12:28,748][    INFO] Evaluation class [3 granulation tissue]: IoU 17.51, Dice 29.80
[2026-07-10 17:12:28,748][    INFO] Evaluation class [4 necrotic tissue]: IoU 0.00, Dice 0.00
[2026-07-10 17:12:28,748][    INFO] Evaluation class [5 other]: IoU 0.00, Dice 0.00
[2026-07-10 17:12:28,748][    INFO] Evaluation epoch 47: MeanIoU 18.23, MeanDice 20.95; BEST mIoU 21.19, Dice 24.63 at epoch 12
[2026-07-10 17:12:29,763][    INFO] Epoch 49/100, iter 1/28, loss 0.4436, encoder LR 0.000555141
[2026-07-10 17:12:30,928][    INFO] Epoch 49/100, iter 4/28, loss 0.3818, encoder LR 0.000554111
[2026-07-10 17:12:31,598][    INFO] Epoch 49/100, iter 7/28, loss 0.3244, encoder LR 0.000553081
[2026-07-10 17:12:33,684][    INFO] Epoch 49/100, iter 10/28, loss 0.3536, encoder LR 0.000552051
[2026-07-10 17:12:33,805][    INFO] Epoch 49/100, iter 13/28, loss 0.4755, encoder LR 0.000551021
[2026-07-10 17:12:34,472][    INFO] Epoch 49/100, iter 16/28, loss 0.4818, encoder LR 0.000549991
[2026-07-10 17:12:35,254][    INFO] Epoch 49/100, iter 19/28, loss 0.4529, encoder LR 0.00054896
[2026-07-10 17:12:35,631][    INFO] Epoch 49/100, iter 22/28, loss 0.4721, encoder LR 0.000547929
[2026-07-10 17:12:36,418][    INFO] Epoch 49/100, iter 25/28, loss 0.4603, encoder LR 0.000546898
[2026-07-10 17:12:37,842][    INFO] Epoch 49/100, iter 28/28, loss 0.4855, encoder LR 0.000545867
[2026-07-10 17:12:45,875][    INFO] Evaluation class [0 background]: IoU 91.78, Dice 95.72
[2026-07-10 17:12:45,875][    INFO] Evaluation class [1 epithelial tissue]: IoU 0.00, Dice 0.01
[2026-07-10 17:12:45,876][    INFO] Evaluation class [2 slough]: IoU 0.00, Dice 0.00
[2026-07-10 17:12:45,876][    INFO] Evaluation class [3 granulation tissue]: IoU 18.88, Dice 31.77
[2026-07-10 17:12:45,877][    INFO] Evaluation class [4 necrotic tissue]: IoU 0.00, Dice 0.00
[2026-07-10 17:12:45,877][    INFO] Evaluation class [5 other]: IoU 0.00, Dice 0.00
[2026-07-10 17:12:45,877][    INFO] Evaluation epoch 48: MeanIoU 18.45, MeanDice 21.25; BEST mIoU 21.19, Dice 24.63 at epoch 12
[2026-07-10 17:12:47,501][    INFO] Epoch 50/100, iter 1/28, loss 0.7711, encoder LR 0.000545523
[2026-07-10 17:12:48,197][    INFO] Epoch 50/100, iter 4/28, loss 0.4529, encoder LR 0.000544492
[2026-07-10 17:12:48,712][    INFO] Epoch 50/100, iter 7/28, loss 0.4355, encoder LR 0.00054346
[2026-07-10 17:12:49,444][    INFO] Epoch 50/100, iter 10/28, loss 0.3782, encoder LR 0.000542428
[2026-07-10 17:12:50,964][    INFO] Epoch 50/100, iter 13/28, loss 0.4472, encoder LR 0.000541396
[2026-07-10 17:12:51,757][    INFO] Epoch 50/100, iter 16/28, loss 0.5329, encoder LR 0.000540363
[2026-07-10 17:12:52,214][    INFO] Epoch 50/100, iter 19/28, loss 0.5233, encoder LR 0.00053933
[2026-07-10 17:12:52,772][    INFO] Epoch 50/100, iter 22/28, loss 0.5400, encoder LR 0.000538298
[2026-07-10 17:12:52,873][    INFO] Epoch 50/100, iter 25/28, loss 0.5097, encoder LR 0.000537265
[2026-07-10 17:12:54,087][    INFO] Epoch 50/100, iter 28/28, loss 0.4974, encoder LR 0.000536231
[2026-07-10 17:13:00,887][    INFO] Evaluation class [0 background]: IoU 91.67, Dice 95.65
[2026-07-10 17:13:00,887][    INFO] Evaluation class [1 epithelial tissue]: IoU 0.02, Dice 0.03
[2026-07-10 17:13:00,888][    INFO] Evaluation class [2 slough]: IoU 0.00, Dice 0.00
[2026-07-10 17:13:00,888][    INFO] Evaluation class [3 granulation tissue]: IoU 13.99, Dice 24.54
[2026-07-10 17:13:00,888][    INFO] Evaluation class [4 necrotic tissue]: IoU 0.00, Dice 0.00
[2026-07-10 17:13:00,888][    INFO] Evaluation class [5 other]: IoU 0.00, Dice 0.00
[2026-07-10 17:13:00,888][    INFO] Evaluation epoch 49: MeanIoU 17.61, MeanDice 20.04; BEST mIoU 21.19, Dice 24.63 at epoch 12
[2026-07-10 17:13:01,465][    INFO] Epoch 51/100, iter 1/28, loss 0.7890, encoder LR 0.000535887
[2026-07-10 17:13:02,832][    INFO] Epoch 51/100, iter 4/28, loss 0.6380, encoder LR 0.000534853
[2026-07-10 17:13:04,508][    INFO] Epoch 51/100, iter 7/28, loss 0.5632, encoder LR 0.000533819
[2026-07-10 17:13:05,030][    INFO] Epoch 51/100, iter 10/28, loss 0.6816, encoder LR 0.000532785
[2026-07-10 17:13:05,138][    INFO] Epoch 51/100, iter 13/28, loss 0.6748, encoder LR 0.000531751
[2026-07-10 17:13:06,669][    INFO] Epoch 51/100, iter 16/28, loss 0.6035, encoder LR 0.000530716
[2026-07-10 17:13:07,144][    INFO] Epoch 51/100, iter 19/28, loss 0.5957, encoder LR 0.000529682
[2026-07-10 17:13:07,258][    INFO] Epoch 51/100, iter 22/28, loss 0.5747, encoder LR 0.000528647
[2026-07-10 17:13:08,526][    INFO] Epoch 51/100, iter 25/28, loss 0.5658, encoder LR 0.000527612
[2026-07-10 17:13:08,806][    INFO] Epoch 51/100, iter 28/28, loss 0.6170, encoder LR 0.000526576
[2026-07-10 17:13:15,637][    INFO] Evaluation class [0 background]: IoU 92.18, Dice 95.93
[2026-07-10 17:13:15,637][    INFO] Evaluation class [1 epithelial tissue]: IoU 0.55, Dice 1.09
[2026-07-10 17:13:15,637][    INFO] Evaluation class [2 slough]: IoU 0.00, Dice 0.00
[2026-07-10 17:13:15,637][    INFO] Evaluation class [3 granulation tissue]: IoU 28.82, Dice 44.74
[2026-07-10 17:13:15,637][    INFO] Evaluation class [4 necrotic tissue]: IoU 0.00, Dice 0.00
[2026-07-10 17:13:15,638][    INFO] Evaluation class [5 other]: IoU 0.00, Dice 0.00
[2026-07-10 17:13:15,638][    INFO] Evaluation epoch 50: MeanIoU 20.26, MeanDice 23.63; BEST mIoU 21.19, Dice 24.63 at epoch 12
[2026-07-10 17:13:17,063][    INFO] Epoch 52/100, iter 1/28, loss 0.2711, encoder LR 0.000526231
[2026-07-10 17:13:18,201][    INFO] Epoch 52/100, iter 4/28, loss 0.4079, encoder LR 0.000525195
[2026-07-10 17:13:18,649][    INFO] Epoch 52/100, iter 7/28, loss 0.4281, encoder LR 0.000524159
[2026-07-10 17:13:19,795][    INFO] Epoch 52/100, iter 10/28, loss 0.3903, encoder LR 0.000523123
[2026-07-10 17:13:20,034][    INFO] Epoch 52/100, iter 13/28, loss 0.4330, encoder LR 0.000522087
[2026-07-10 17:13:20,734][    INFO] Epoch 52/100, iter 16/28, loss 0.4418, encoder LR 0.00052105
[2026-07-10 17:13:21,717][    INFO] Epoch 52/100, iter 19/28, loss 0.4880, encoder LR 0.000520013
[2026-07-10 17:13:21,885][    INFO] Epoch 52/100, iter 22/28, loss 0.4899, encoder LR 0.000518976
[2026-07-10 17:13:22,727][    INFO] Epoch 52/100, iter 25/28, loss 0.4922, encoder LR 0.000517939
[2026-07-10 17:13:24,069][    INFO] Epoch 52/100, iter 28/28, loss 0.5064, encoder LR 0.000516902
[2026-07-10 17:13:30,895][    INFO] Evaluation class [0 background]: IoU 92.62, Dice 96.17
[2026-07-10 17:13:30,896][    INFO] Evaluation class [1 epithelial tissue]: IoU 0.69, Dice 1.37
[2026-07-10 17:13:30,896][    INFO] Evaluation class [2 slough]: IoU 0.00, Dice 0.00
[2026-07-10 17:13:30,896][    INFO] Evaluation class [3 granulation tissue]: IoU 39.02, Dice 56.14
[2026-07-10 17:13:30,896][    INFO] Evaluation class [4 necrotic tissue]: IoU 0.00, Dice 0.00
[2026-07-10 17:13:30,896][    INFO] Evaluation class [5 other]: IoU 0.00, Dice 0.00
[2026-07-10 17:13:30,897][    INFO] Evaluation epoch 51: MeanIoU 22.06, MeanDice 25.61; BEST mIoU 22.06, Dice 25.61 at epoch 51
[2026-07-10 17:13:33,549][    INFO] Epoch 53/100, iter 1/28, loss 0.2618, encoder LR 0.000516556
[2026-07-10 17:13:33,838][    INFO] Epoch 53/100, iter 4/28, loss 0.2870, encoder LR 0.000515518
[2026-07-10 17:13:33,959][    INFO] Epoch 53/100, iter 7/28, loss 0.3226, encoder LR 0.00051448
[2026-07-10 17:13:34,510][    INFO] Epoch 53/100, iter 10/28, loss 0.3277, encoder LR 0.000513441
[2026-07-10 17:13:35,322][    INFO] Epoch 53/100, iter 13/28, loss 0.5463, encoder LR 0.000512403
[2026-07-10 17:13:35,431][    INFO] Epoch 53/100, iter 16/28, loss 0.5394, encoder LR 0.000511364
[2026-07-10 17:13:36,680][    INFO] Epoch 53/100, iter 19/28, loss 0.5930, encoder LR 0.000510325
[2026-07-10 17:13:36,788][    INFO] Epoch 53/100, iter 22/28, loss 0.5763, encoder LR 0.000509286
[2026-07-10 17:13:37,543][    INFO] Epoch 53/100, iter 25/28, loss 0.5485, encoder LR 0.000508246
[2026-07-10 17:13:38,346][    INFO] Epoch 53/100, iter 28/28, loss 0.5889, encoder LR 0.000507207
[2026-07-10 17:13:45,128][    INFO] Evaluation class [0 background]: IoU 92.22, Dice 95.95
[2026-07-10 17:13:45,128][    INFO] Evaluation class [1 epithelial tissue]: IoU 0.00, Dice 0.00
[2026-07-10 17:13:45,129][    INFO] Evaluation class [2 slough]: IoU 0.00, Dice 0.00
[2026-07-10 17:13:45,129][    INFO] Evaluation class [3 granulation tissue]: IoU 30.71, Dice 46.99
[2026-07-10 17:13:45,129][    INFO] Evaluation class [4 necrotic tissue]: IoU 0.00, Dice 0.00
[2026-07-10 17:13:45,129][    INFO] Evaluation class [5 other]: IoU 0.00, Dice 0.00
[2026-07-10 17:13:45,129][    INFO] Evaluation epoch 52: MeanIoU 20.49, MeanDice 23.82; BEST mIoU 22.06, Dice 25.61 at epoch 51
[2026-07-10 17:13:47,439][    INFO] Epoch 54/100, iter 1/28, loss 1.7141, encoder LR 0.00050686
[2026-07-10 17:13:47,547][    INFO] Epoch 54/100, iter 4/28, loss 0.6933, encoder LR 0.00050582
[2026-07-10 17:13:48,166][    INFO] Epoch 54/100, iter 7/28, loss 0.5565, encoder LR 0.00050478
[2026-07-10 17:13:48,633][    INFO] Epoch 54/100, iter 10/28, loss 0.4644, encoder LR 0.000503739
[2026-07-10 17:13:50,100][    INFO] Epoch 54/100, iter 13/28, loss 0.4329, encoder LR 0.000502699
[2026-07-10 17:13:50,211][    INFO] Epoch 54/100, iter 16/28, loss 0.4306, encoder LR 0.000501658
[2026-07-10 17:13:50,318][    INFO] Epoch 54/100, iter 19/28, loss 0.4345, encoder LR 0.000500616
[2026-07-10 17:13:51,046][    INFO] Epoch 54/100, iter 22/28, loss 0.4399, encoder LR 0.000499575
[2026-07-10 17:13:51,800][    INFO] Epoch 54/100, iter 25/28, loss 0.4157, encoder LR 0.000498533
[2026-07-10 17:13:52,004][    INFO] Epoch 54/100, iter 28/28, loss 0.3873, encoder LR 0.000497491
[2026-07-10 17:13:59,835][    INFO] Evaluation class [0 background]: IoU 91.48, Dice 95.55
[2026-07-10 17:13:59,835][    INFO] Evaluation class [1 epithelial tissue]: IoU 0.00, Dice 0.00
[2026-07-10 17:13:59,836][    INFO] Evaluation class [2 slough]: IoU 0.00, Dice 0.00
[2026-07-10 17:13:59,836][    INFO] Evaluation class [3 granulation tissue]: IoU 5.44, Dice 10.31
[2026-07-10 17:13:59,836][    INFO] Evaluation class [4 necrotic tissue]: IoU 0.00, Dice 0.00
[2026-07-10 17:13:59,836][    INFO] Evaluation class [5 other]: IoU 0.00, Dice 0.00
[2026-07-10 17:13:59,836][    INFO] Evaluation epoch 53: MeanIoU 16.15, MeanDice 17.64; BEST mIoU 22.06, Dice 25.61 at epoch 51
[2026-07-10 17:14:00,482][    INFO] Epoch 55/100, iter 1/28, loss 1.1622, encoder LR 0.000497144
[2026-07-10 17:14:01,345][    INFO] Epoch 55/100, iter 4/28, loss 0.4648, encoder LR 0.000496102
[2026-07-10 17:14:02,935][    INFO] Epoch 55/100, iter 7/28, loss 0.3166, encoder LR 0.000495059
[2026-07-10 17:14:03,906][    INFO] Epoch 55/100, iter 10/28, loss 0.4674, encoder LR 0.000494016
[2026-07-10 17:14:05,358][    INFO] Epoch 55/100, iter 13/28, loss 0.8166, encoder LR 0.000492973
[2026-07-10 17:14:05,468][    INFO] Epoch 55/100, iter 16/28, loss 0.6965, encoder LR 0.00049193
[2026-07-10 17:14:07,482][    INFO] Epoch 55/100, iter 19/28, loss 0.6982, encoder LR 0.000490887
[2026-07-10 17:14:08,453][    INFO] Epoch 55/100, iter 22/28, loss 0.6410, encoder LR 0.000489843
[2026-07-10 17:14:08,568][    INFO] Epoch 55/100, iter 25/28, loss 0.5974, encoder LR 0.000488799
[2026-07-10 17:14:09,588][    INFO] Epoch 55/100, iter 28/28, loss 0.5540, encoder LR 0.000487755
[2026-07-10 17:14:16,369][    INFO] Evaluation class [0 background]: IoU 91.83, Dice 95.74
[2026-07-10 17:14:16,370][    INFO] Evaluation class [1 epithelial tissue]: IoU 0.00, Dice 0.00
[2026-07-10 17:14:16,370][    INFO] Evaluation class [2 slough]: IoU 0.00, Dice 0.00
[2026-07-10 17:14:16,370][    INFO] Evaluation class [3 granulation tissue]: IoU 17.51, Dice 29.79
[2026-07-10 17:14:16,370][    INFO] Evaluation class [4 necrotic tissue]: IoU 0.00, Dice 0.00
[2026-07-10 17:14:16,370][    INFO] Evaluation class [5 other]: IoU 0.00, Dice 0.00
[2026-07-10 17:14:16,371][    INFO] Evaluation epoch 54: MeanIoU 18.22, MeanDice 20.92; BEST mIoU 22.06, Dice 25.61 at epoch 51
[2026-07-10 17:14:17,404][    INFO] Epoch 56/100, iter 1/28, loss 0.7016, encoder LR 0.000487406
[2026-07-10 17:14:18,211][    INFO] Epoch 56/100, iter 4/28, loss 0.3537, encoder LR 0.000486362
[2026-07-10 17:14:18,729][    INFO] Epoch 56/100, iter 7/28, loss 0.2979, encoder LR 0.000485317
[2026-07-10 17:14:18,844][    INFO] Epoch 56/100, iter 10/28, loss 0.6335, encoder LR 0.000484272
[2026-07-10 17:14:19,258][    INFO] Epoch 56/100, iter 13/28, loss 0.5754, encoder LR 0.000483227
[2026-07-10 17:14:21,082][    INFO] Epoch 56/100, iter 16/28, loss 0.5954, encoder LR 0.000482181
[2026-07-10 17:14:21,192][    INFO] Epoch 56/100, iter 19/28, loss 0.6280, encoder LR 0.000481135
[2026-07-10 17:14:22,197][    INFO] Epoch 56/100, iter 22/28, loss 0.5818, encoder LR 0.000480089
[2026-07-10 17:14:22,295][    INFO] Epoch 56/100, iter 25/28, loss 0.5481, encoder LR 0.000479043
[2026-07-10 17:14:22,681][    INFO] Epoch 56/100, iter 28/28, loss 0.5230, encoder LR 0.000477996
[2026-07-10 17:14:29,501][    INFO] Evaluation class [0 background]: IoU 91.60, Dice 95.62
[2026-07-10 17:14:29,501][    INFO] Evaluation class [1 epithelial tissue]: IoU 0.00, Dice 0.00
[2026-07-10 17:14:29,501][    INFO] Evaluation class [2 slough]: IoU 0.00, Dice 0.00
[2026-07-10 17:14:29,501][    INFO] Evaluation class [3 granulation tissue]: IoU 10.19, Dice 18.50
[2026-07-10 17:14:29,501][    INFO] Evaluation class [4 necrotic tissue]: IoU 0.00, Dice 0.00
[2026-07-10 17:14:29,501][    INFO] Evaluation class [5 other]: IoU 0.00, Dice 0.00
[2026-07-10 17:14:29,502][    INFO] Evaluation epoch 55: MeanIoU 16.97, MeanDice 19.02; BEST mIoU 22.06, Dice 25.61 at epoch 51
[2026-07-10 17:14:30,489][    INFO] Epoch 57/100, iter 1/28, loss 0.1747, encoder LR 0.000477647
[2026-07-10 17:14:30,690][    INFO] Epoch 57/100, iter 4/28, loss 0.4872, encoder LR 0.0004766
[2026-07-10 17:14:32,197][    INFO] Epoch 57/100, iter 7/28, loss 0.3904, encoder LR 0.000475553
[2026-07-10 17:14:32,597][    INFO] Epoch 57/100, iter 10/28, loss 0.4144, encoder LR 0.000474506
[2026-07-10 17:14:32,959][    INFO] Epoch 57/100, iter 13/28, loss 0.5525, encoder LR 0.000473458
[2026-07-10 17:14:34,631][    INFO] Epoch 57/100, iter 16/28, loss 0.5367, encoder LR 0.00047241
[2026-07-10 17:14:35,005][    INFO] Epoch 57/100, iter 19/28, loss 0.5831, encoder LR 0.000471362
[2026-07-10 17:14:35,107][    INFO] Epoch 57/100, iter 22/28, loss 0.5601, encoder LR 0.000470314
[2026-07-10 17:14:36,213][    INFO] Epoch 57/100, iter 25/28, loss 0.5549, encoder LR 0.000469265
[2026-07-10 17:14:36,553][    INFO] Epoch 57/100, iter 28/28, loss 0.5607, encoder LR 0.000468216
[2026-07-10 17:14:43,326][    INFO] Evaluation class [0 background]: IoU 92.10, Dice 95.89
[2026-07-10 17:14:43,326][    INFO] Evaluation class [1 epithelial tissue]: IoU 0.00, Dice 0.00
[2026-07-10 17:14:43,327][    INFO] Evaluation class [2 slough]: IoU 0.00, Dice 0.00
[2026-07-10 17:14:43,327][    INFO] Evaluation class [3 granulation tissue]: IoU 26.29, Dice 41.64
[2026-07-10 17:14:43,327][    INFO] Evaluation class [4 necrotic tissue]: IoU 0.00, Dice 0.00
[2026-07-10 17:14:43,327][    INFO] Evaluation class [5 other]: IoU 0.00, Dice 0.00
[2026-07-10 17:14:43,327][    INFO] Evaluation epoch 56: MeanIoU 19.73, MeanDice 22.92; BEST mIoU 22.06, Dice 25.61 at epoch 51
[2026-07-10 17:14:44,530][    INFO] Epoch 58/100, iter 1/28, loss 1.4958, encoder LR 0.000467866
[2026-07-10 17:14:45,276][    INFO] Epoch 58/100, iter 4/28, loss 0.6530, encoder LR 0.000466817
[2026-07-10 17:14:45,397][    INFO] Epoch 58/100, iter 7/28, loss 0.5422, encoder LR 0.000465767
[2026-07-10 17:14:46,812][    INFO] Epoch 58/100, iter 10/28, loss 0.5144, encoder LR 0.000464717
[2026-07-10 17:14:46,934][    INFO] Epoch 58/100, iter 13/28, loss 0.4794, encoder LR 0.000463667
[2026-07-10 17:14:48,113][    INFO] Epoch 58/100, iter 16/28, loss 0.4166, encoder LR 0.000462617
[2026-07-10 17:14:49,580][    INFO] Epoch 58/100, iter 19/28, loss 0.3986, encoder LR 0.000461566
[2026-07-10 17:14:49,688][    INFO] Epoch 58/100, iter 22/28, loss 0.4214, encoder LR 0.000460515
[2026-07-10 17:14:50,596][    INFO] Epoch 58/100, iter 25/28, loss 0.4495, encoder LR 0.000459464
[2026-07-10 17:14:51,369][    INFO] Epoch 58/100, iter 28/28, loss 0.4863, encoder LR 0.000458413
[2026-07-10 17:14:58,176][    INFO] Evaluation class [0 background]: IoU 91.73, Dice 95.68
[2026-07-10 17:14:58,177][    INFO] Evaluation class [1 epithelial tissue]: IoU 0.00, Dice 0.00
[2026-07-10 17:14:58,177][    INFO] Evaluation class [2 slough]: IoU 0.00, Dice 0.00
[2026-07-10 17:14:58,177][    INFO] Evaluation class [3 granulation tissue]: IoU 14.85, Dice 25.85
[2026-07-10 17:14:58,177][    INFO] Evaluation class [4 necrotic tissue]: IoU 0.00, Dice 0.00
[2026-07-10 17:14:58,177][    INFO] Evaluation class [5 other]: IoU 0.00, Dice 0.00
[2026-07-10 17:14:58,177][    INFO] Evaluation epoch 57: MeanIoU 17.76, MeanDice 20.26; BEST mIoU 22.06, Dice 25.61 at epoch 51
[2026-07-10 17:14:59,534][    INFO] Epoch 59/100, iter 1/28, loss 0.2266, encoder LR 0.000458062
[2026-07-10 17:14:59,643][    INFO] Epoch 59/100, iter 4/28, loss 0.4244, encoder LR 0.00045701
[2026-07-10 17:15:00,560][    INFO] Epoch 59/100, iter 7/28, loss 0.3368, encoder LR 0.000455958
[2026-07-10 17:15:01,103][    INFO] Epoch 59/100, iter 10/28, loss 0.3322, encoder LR 0.000454906
[2026-07-10 17:15:02,404][    INFO] Epoch 59/100, iter 13/28, loss 0.3652, encoder LR 0.000453853
[2026-07-10 17:15:02,516][    INFO] Epoch 59/100, iter 16/28, loss 0.3300, encoder LR 0.0004528
[2026-07-10 17:15:02,621][    INFO] Epoch 59/100, iter 19/28, loss 0.4245, encoder LR 0.000451747
[2026-07-10 17:15:04,973][    INFO] Epoch 59/100, iter 22/28, loss 0.4293, encoder LR 0.000450694
[2026-07-10 17:15:05,075][    INFO] Epoch 59/100, iter 25/28, loss 0.4397, encoder LR 0.00044964
[2026-07-10 17:15:06,506][    INFO] Epoch 59/100, iter 28/28, loss 0.4383, encoder LR 0.000448586
[2026-07-10 17:15:13,527][    INFO] Evaluation class [0 background]: IoU 91.62, Dice 95.62
[2026-07-10 17:15:13,528][    INFO] Evaluation class [1 epithelial tissue]: IoU 0.00, Dice 0.00
[2026-07-10 17:15:13,528][    INFO] Evaluation class [2 slough]: IoU 0.00, Dice 0.00
[2026-07-10 17:15:13,528][    INFO] Evaluation class [3 granulation tissue]: IoU 10.28, Dice 18.64
[2026-07-10 17:15:13,528][    INFO] Evaluation class [4 necrotic tissue]: IoU 0.00, Dice 0.00
[2026-07-10 17:15:13,528][    INFO] Evaluation class [5 other]: IoU 0.00, Dice 0.00
[2026-07-10 17:15:13,529][    INFO] Evaluation epoch 58: MeanIoU 16.98, MeanDice 19.04; BEST mIoU 22.06, Dice 25.61 at epoch 51
[2026-07-10 17:15:14,650][    INFO] Epoch 60/100, iter 1/28, loss 0.1601, encoder LR 0.000448235
[2026-07-10 17:15:15,529][    INFO] Epoch 60/100, iter 4/28, loss 0.2462, encoder LR 0.00044718
[2026-07-10 17:15:16,650][    INFO] Epoch 60/100, iter 7/28, loss 0.2222, encoder LR 0.000446126
[2026-07-10 17:15:17,454][    INFO] Epoch 60/100, iter 10/28, loss 0.2793, encoder LR 0.000445071
[2026-07-10 17:15:17,570][    INFO] Epoch 60/100, iter 13/28, loss 0.2683, encoder LR 0.000444016
[2026-07-10 17:15:17,952][    INFO] Epoch 60/100, iter 16/28, loss 0.3037, encoder LR 0.00044296
[2026-07-10 17:15:18,328][    INFO] Epoch 60/100, iter 19/28, loss 0.3570, encoder LR 0.000441904
[2026-07-10 17:15:18,932][    INFO] Epoch 60/100, iter 22/28, loss 0.3369, encoder LR 0.000440848
[2026-07-10 17:15:19,541][    INFO] Epoch 60/100, iter 25/28, loss 0.3510, encoder LR 0.000439792
[2026-07-10 17:15:21,032][    INFO] Epoch 60/100, iter 28/28, loss 0.3449, encoder LR 0.000438736
[2026-07-10 17:15:27,680][    INFO] Evaluation class [0 background]: IoU 91.53, Dice 95.58
[2026-07-10 17:15:27,681][    INFO] Evaluation class [1 epithelial tissue]: IoU 0.00, Dice 0.00
[2026-07-10 17:15:27,681][    INFO] Evaluation class [2 slough]: IoU 0.00, Dice 0.00
[2026-07-10 17:15:27,681][    INFO] Evaluation class [3 granulation tissue]: IoU 7.91, Dice 14.66
[2026-07-10 17:15:27,681][    INFO] Evaluation class [4 necrotic tissue]: IoU 0.00, Dice 0.00
[2026-07-10 17:15:27,681][    INFO] Evaluation class [5 other]: IoU 0.00, Dice 0.00
[2026-07-10 17:15:27,681][    INFO] Evaluation epoch 59: MeanIoU 16.57, MeanDice 18.37; BEST mIoU 22.06, Dice 25.61 at epoch 51
[2026-07-10 17:15:28,218][    INFO] Epoch 61/100, iter 1/28, loss 0.6415, encoder LR 0.000438383
[2026-07-10 17:15:28,721][    INFO] Epoch 61/100, iter 4/28, loss 0.4381, encoder LR 0.000437326
[2026-07-10 17:15:28,834][    INFO] Epoch 61/100, iter 7/28, loss 0.7574, encoder LR 0.000436269
[2026-07-10 17:15:30,037][    INFO] Epoch 61/100, iter 10/28, loss 0.6358, encoder LR 0.000435212
[2026-07-10 17:15:30,867][    INFO] Epoch 61/100, iter 13/28, loss 0.7647, encoder LR 0.000434154
[2026-07-10 17:15:31,935][    INFO] Epoch 61/100, iter 16/28, loss 0.6935, encoder LR 0.000433096
[2026-07-10 17:15:32,284][    INFO] Epoch 61/100, iter 19/28, loss 0.6490, encoder LR 0.000432037
[2026-07-10 17:15:33,626][    INFO] Epoch 61/100, iter 22/28, loss 0.6307, encoder LR 0.000430979
[2026-07-10 17:15:34,387][    INFO] Epoch 61/100, iter 25/28, loss 0.6015, encoder LR 0.00042992
[2026-07-10 17:15:35,331][    INFO] Epoch 61/100, iter 28/28, loss 0.5608, encoder LR 0.00042886
[2026-07-10 17:15:42,518][    INFO] Evaluation class [0 background]: IoU 92.26, Dice 95.98
[2026-07-10 17:15:42,519][    INFO] Evaluation class [1 epithelial tissue]: IoU 0.00, Dice 0.00
[2026-07-10 17:15:42,520][    INFO] Evaluation class [2 slough]: IoU 0.00, Dice 0.00
[2026-07-10 17:15:42,522][    INFO] Evaluation class [3 granulation tissue]: IoU 32.95, Dice 49.57
[2026-07-10 17:15:42,522][    INFO] Evaluation class [4 necrotic tissue]: IoU 0.00, Dice 0.00
[2026-07-10 17:15:42,523][    INFO] Evaluation class [5 other]: IoU 0.00, Dice 0.00
[2026-07-10 17:15:42,524][    INFO] Evaluation epoch 60: MeanIoU 20.87, MeanDice 24.26; BEST mIoU 22.06, Dice 25.61 at epoch 51
[2026-07-10 17:15:45,075][    INFO] Epoch 62/100, iter 1/28, loss 0.2852, encoder LR 0.000428507
[2026-07-10 17:15:45,190][    INFO] Epoch 62/100, iter 4/28, loss 0.2764, encoder LR 0.000427448
[2026-07-10 17:15:45,609][    INFO] Epoch 62/100, iter 7/28, loss 0.3764, encoder LR 0.000426388
[2026-07-10 17:15:47,013][    INFO] Epoch 62/100, iter 10/28, loss 0.3430, encoder LR 0.000425327
[2026-07-10 17:15:47,124][    INFO] Epoch 62/100, iter 13/28, loss 0.3929, encoder LR 0.000424267
[2026-07-10 17:15:48,188][    INFO] Epoch 62/100, iter 16/28, loss 0.3809, encoder LR 0.000423206
[2026-07-10 17:15:50,328][    INFO] Epoch 62/100, iter 19/28, loss 0.3503, encoder LR 0.000422145
[2026-07-10 17:15:50,435][    INFO] Epoch 62/100, iter 22/28, loss 0.3601, encoder LR 0.000421084
[2026-07-10 17:15:50,540][    INFO] Epoch 62/100, iter 25/28, loss 0.3729, encoder LR 0.000420022
[2026-07-10 17:15:51,459][    INFO] Epoch 62/100, iter 28/28, loss 0.4740, encoder LR 0.00041896
[2026-07-10 17:15:58,096][    INFO] Evaluation class [0 background]: IoU 91.87, Dice 95.76
[2026-07-10 17:15:58,096][    INFO] Evaluation class [1 epithelial tissue]: IoU 0.00, Dice 0.00
[2026-07-10 17:15:58,096][    INFO] Evaluation class [2 slough]: IoU 0.00, Dice 0.00
[2026-07-10 17:15:58,096][    INFO] Evaluation class [3 granulation tissue]: IoU 20.25, Dice 33.68
[2026-07-10 17:15:58,097][    INFO] Evaluation class [4 necrotic tissue]: IoU 0.00, Dice 0.00
[2026-07-10 17:15:58,097][    INFO] Evaluation class [5 other]: IoU 0.00, Dice 0.00
[2026-07-10 17:15:58,097][    INFO] Evaluation epoch 61: MeanIoU 18.69, MeanDice 21.57; BEST mIoU 22.06, Dice 25.61 at epoch 51
[2026-07-10 17:15:59,770][    INFO] Epoch 63/100, iter 1/28, loss 0.2586, encoder LR 0.000418606
[2026-07-10 17:16:00,195][    INFO] Epoch 63/100, iter 4/28, loss 0.6338, encoder LR 0.000417543
[2026-07-10 17:16:00,962][    INFO] Epoch 63/100, iter 7/28, loss 0.5849, encoder LR 0.000416481
[2026-07-10 17:16:01,553][    INFO] Epoch 63/100, iter 10/28, loss 0.5044, encoder LR 0.000415418
[2026-07-10 17:16:01,677][    INFO] Epoch 63/100, iter 13/28, loss 0.5352, encoder LR 0.000414354
[2026-07-10 17:16:02,982][    INFO] Epoch 63/100, iter 16/28, loss 0.5370, encoder LR 0.000413291
[2026-07-10 17:16:04,002][    INFO] Epoch 63/100, iter 19/28, loss 0.5244, encoder LR 0.000412227
[2026-07-10 17:16:04,733][    INFO] Epoch 63/100, iter 22/28, loss 0.4904, encoder LR 0.000411163
[2026-07-10 17:16:04,838][    INFO] Epoch 63/100, iter 25/28, loss 0.5041, encoder LR 0.000410098
[2026-07-10 17:16:06,305][    INFO] Epoch 63/100, iter 28/28, loss 0.5312, encoder LR 0.000409033
[2026-07-10 17:16:13,047][    INFO] Evaluation class [0 background]: IoU 92.04, Dice 95.85
[2026-07-10 17:16:13,047][    INFO] Evaluation class [1 epithelial tissue]: IoU 0.00, Dice 0.00
[2026-07-10 17:16:13,047][    INFO] Evaluation class [2 slough]: IoU 0.00, Dice 0.00
[2026-07-10 17:16:13,047][    INFO] Evaluation class [3 granulation tissue]: IoU 26.26, Dice 41.60
[2026-07-10 17:16:13,047][    INFO] Evaluation class [4 necrotic tissue]: IoU 0.00, Dice 0.00
[2026-07-10 17:16:13,048][    INFO] Evaluation class [5 other]: IoU 0.00, Dice 0.00
[2026-07-10 17:16:13,048][    INFO] Evaluation epoch 62: MeanIoU 19.72, MeanDice 22.91; BEST mIoU 22.06, Dice 25.61 at epoch 51
[2026-07-10 17:16:13,877][    INFO] Epoch 64/100, iter 1/28, loss 0.1378, encoder LR 0.000408678
[2026-07-10 17:16:14,446][    INFO] Epoch 64/100, iter 4/28, loss 0.2225, encoder LR 0.000407613
[2026-07-10 17:16:15,509][    INFO] Epoch 64/100, iter 7/28, loss 0.4424, encoder LR 0.000406547
[2026-07-10 17:16:17,368][    INFO] Epoch 64/100, iter 10/28, loss 0.3778, encoder LR 0.000405482
[2026-07-10 17:16:17,732][    INFO] Epoch 64/100, iter 13/28, loss 0.3465, encoder LR 0.000404415
[2026-07-10 17:16:18,738][    INFO] Epoch 64/100, iter 16/28, loss 0.3972, encoder LR 0.000403349
[2026-07-10 17:16:19,347][    INFO] Epoch 64/100, iter 19/28, loss 0.3861, encoder LR 0.000402282
[2026-07-10 17:16:19,706][    INFO] Epoch 64/100, iter 22/28, loss 0.3955, encoder LR 0.000401215
[2026-07-10 17:16:19,807][    INFO] Epoch 64/100, iter 25/28, loss 0.3834, encoder LR 0.000400148
[2026-07-10 17:16:19,905][    INFO] Epoch 64/100, iter 28/28, loss 0.3863, encoder LR 0.00039908
[2026-07-10 17:16:26,599][    INFO] Evaluation class [0 background]: IoU 91.73, Dice 95.68
[2026-07-10 17:16:26,600][    INFO] Evaluation class [1 epithelial tissue]: IoU 0.00, Dice 0.00
[2026-07-10 17:16:26,600][    INFO] Evaluation class [2 slough]: IoU 0.00, Dice 0.00
[2026-07-10 17:16:26,600][    INFO] Evaluation class [3 granulation tissue]: IoU 15.44, Dice 26.74
[2026-07-10 17:16:26,600][    INFO] Evaluation class [4 necrotic tissue]: IoU 0.00, Dice 0.00
[2026-07-10 17:16:26,600][    INFO] Evaluation class [5 other]: IoU 0.00, Dice 0.00
[2026-07-10 17:16:26,601][    INFO] Evaluation epoch 63: MeanIoU 17.86, MeanDice 20.40; BEST mIoU 22.06, Dice 25.61 at epoch 51
[2026-07-10 17:16:28,404][    INFO] Epoch 65/100, iter 1/28, loss 0.3517, encoder LR 0.000398724
[2026-07-10 17:16:28,513][    INFO] Epoch 65/100, iter 4/28, loss 0.6348, encoder LR 0.000397656
[2026-07-10 17:16:29,624][    INFO] Epoch 65/100, iter 7/28, loss 0.8112, encoder LR 0.000396587
[2026-07-10 17:16:30,589][    INFO] Epoch 65/100, iter 10/28, loss 0.8253, encoder LR 0.000395518
[2026-07-10 17:16:30,698][    INFO] Epoch 65/100, iter 13/28, loss 0.7251, encoder LR 0.000394449
[2026-07-10 17:16:31,865][    INFO] Epoch 65/100, iter 16/28, loss 0.6396, encoder LR 0.00039338
[2026-07-10 17:16:32,703][    INFO] Epoch 65/100, iter 19/28, loss 0.6354, encoder LR 0.00039231
[2026-07-10 17:16:33,357][    INFO] Epoch 65/100, iter 22/28, loss 0.6233, encoder LR 0.00039124
[2026-07-10 17:16:33,475][    INFO] Epoch 65/100, iter 25/28, loss 0.7022, encoder LR 0.00039017
[2026-07-10 17:16:34,137][    INFO] Epoch 65/100, iter 28/28, loss 0.6920, encoder LR 0.000389099
[2026-07-10 17:16:40,906][    INFO] Evaluation class [0 background]: IoU 92.14, Dice 95.91
[2026-07-10 17:16:40,906][    INFO] Evaluation class [1 epithelial tissue]: IoU 0.13, Dice 0.26
[2026-07-10 17:16:40,906][    INFO] Evaluation class [2 slough]: IoU 0.00, Dice 0.00
[2026-07-10 17:16:40,906][    INFO] Evaluation class [3 granulation tissue]: IoU 30.53, Dice 46.77
[2026-07-10 17:16:40,906][    INFO] Evaluation class [4 necrotic tissue]: IoU 0.00, Dice 0.00
[2026-07-10 17:16:40,906][    INFO] Evaluation class [5 other]: IoU 0.00, Dice 0.00
[2026-07-10 17:16:40,906][    INFO] Evaluation epoch 64: MeanIoU 20.47, MeanDice 23.82; BEST mIoU 22.06, Dice 25.61 at epoch 51
[2026-07-10 17:16:42,079][    INFO] Epoch 66/100, iter 1/28, loss 0.2876, encoder LR 0.000388742
[2026-07-10 17:16:42,776][    INFO] Epoch 66/100, iter 4/28, loss 0.4070, encoder LR 0.000387671
[2026-07-10 17:16:43,779][    INFO] Epoch 66/100, iter 7/28, loss 0.5433, encoder LR 0.000386599
[2026-07-10 17:16:44,273][    INFO] Epoch 66/100, iter 10/28, loss 0.4772, encoder LR 0.000385527
[2026-07-10 17:16:44,390][    INFO] Epoch 66/100, iter 13/28, loss 0.4209, encoder LR 0.000384455
[2026-07-10 17:16:45,466][    INFO] Epoch 66/100, iter 16/28, loss 0.4103, encoder LR 0.000383383
[2026-07-10 17:16:45,959][    INFO] Epoch 66/100, iter 19/28, loss 0.3864, encoder LR 0.00038231
[2026-07-10 17:16:47,205][    INFO] Epoch 66/100, iter 22/28, loss 0.4970, encoder LR 0.000381237
[2026-07-10 17:16:47,516][    INFO] Epoch 66/100, iter 25/28, loss 0.4749, encoder LR 0.000380163
[2026-07-10 17:16:48,589][    INFO] Epoch 66/100, iter 28/28, loss 0.4503, encoder LR 0.000379089
[2026-07-10 17:16:56,508][    INFO] Evaluation class [0 background]: IoU 91.99, Dice 95.83
[2026-07-10 17:16:56,508][    INFO] Evaluation class [1 epithelial tissue]: IoU 0.00, Dice 0.00
[2026-07-10 17:16:56,509][    INFO] Evaluation class [2 slough]: IoU 0.00, Dice 0.00
[2026-07-10 17:16:56,509][    INFO] Evaluation class [3 granulation tissue]: IoU 27.17, Dice 42.73
[2026-07-10 17:16:56,510][    INFO] Evaluation class [4 necrotic tissue]: IoU 0.00, Dice 0.00
[2026-07-10 17:16:56,511][    INFO] Evaluation class [5 other]: IoU 0.00, Dice 0.00
[2026-07-10 17:16:56,511][    INFO] Evaluation epoch 65: MeanIoU 19.86, MeanDice 23.09; BEST mIoU 22.06, Dice 25.61 at epoch 51
[2026-07-10 17:16:57,130][    INFO] Epoch 67/100, iter 1/28, loss 1.3993, encoder LR 0.000378731
[2026-07-10 17:16:59,119][    INFO] Epoch 67/100, iter 4/28, loss 0.4987, encoder LR 0.000377657
[2026-07-10 17:16:59,784][    INFO] Epoch 67/100, iter 7/28, loss 0.8154, encoder LR 0.000376582
[2026-07-10 17:17:00,894][    INFO] Epoch 67/100, iter 10/28, loss 0.6653, encoder LR 0.000375507
[2026-07-10 17:17:01,728][    INFO] Epoch 67/100, iter 13/28, loss 0.6352, encoder LR 0.000374432
[2026-07-10 17:17:01,838][    INFO] Epoch 67/100, iter 16/28, loss 0.5874, encoder LR 0.000373356
[2026-07-10 17:17:02,484][    INFO] Epoch 67/100, iter 19/28, loss 0.5734, encoder LR 0.00037228
[2026-07-10 17:17:02,594][    INFO] Epoch 67/100, iter 22/28, loss 0.5663, encoder LR 0.000371204
[2026-07-10 17:17:02,891][    INFO] Epoch 67/100, iter 25/28, loss 0.5668, encoder LR 0.000370127
[2026-07-10 17:17:04,051][    INFO] Epoch 67/100, iter 28/28, loss 0.5378, encoder LR 0.00036905
[2026-07-10 17:17:10,747][    INFO] Evaluation class [0 background]: IoU 92.25, Dice 95.97
[2026-07-10 17:17:10,747][    INFO] Evaluation class [1 epithelial tissue]: IoU 0.01, Dice 0.01
[2026-07-10 17:17:10,748][    INFO] Evaluation class [2 slough]: IoU 0.00, Dice 0.00
[2026-07-10 17:17:10,748][    INFO] Evaluation class [3 granulation tissue]: IoU 32.33, Dice 48.86
[2026-07-10 17:17:10,748][    INFO] Evaluation class [4 necrotic tissue]: IoU 0.00, Dice 0.00
[2026-07-10 17:17:10,748][    INFO] Evaluation class [5 other]: IoU 0.00, Dice 0.00
[2026-07-10 17:17:10,748][    INFO] Evaluation epoch 66: MeanIoU 20.76, MeanDice 24.14; BEST mIoU 22.06, Dice 25.61 at epoch 51
[2026-07-10 17:17:11,311][    INFO] Epoch 68/100, iter 1/28, loss 0.4081, encoder LR 0.000368691
[2026-07-10 17:17:11,988][    INFO] Epoch 68/100, iter 4/28, loss 0.3747, encoder LR 0.000367613
[2026-07-10 17:17:12,680][    INFO] Epoch 68/100, iter 7/28, loss 0.5014, encoder LR 0.000366536
[2026-07-10 17:17:13,170][    INFO] Epoch 68/100, iter 10/28, loss 0.4181, encoder LR 0.000365457
[2026-07-10 17:17:13,698][    INFO] Epoch 68/100, iter 13/28, loss 0.4030, encoder LR 0.000364379
[2026-07-10 17:17:15,232][    INFO] Epoch 68/100, iter 16/28, loss 0.3975, encoder LR 0.0003633
[2026-07-10 17:17:15,339][    INFO] Epoch 68/100, iter 19/28, loss 0.4497, encoder LR 0.000362221
[2026-07-10 17:17:16,340][    INFO] Epoch 68/100, iter 22/28, loss 0.4394, encoder LR 0.000361141
[2026-07-10 17:17:17,619][    INFO] Epoch 68/100, iter 25/28, loss 0.4187, encoder LR 0.000360061
[2026-07-10 17:17:17,728][    INFO] Epoch 68/100, iter 28/28, loss 0.4641, encoder LR 0.000358981
[2026-07-10 17:17:24,397][    INFO] Evaluation class [0 background]: IoU 91.61, Dice 95.62
[2026-07-10 17:17:24,397][    INFO] Evaluation class [1 epithelial tissue]: IoU 0.00, Dice 0.00
[2026-07-10 17:17:24,397][    INFO] Evaluation class [2 slough]: IoU 0.00, Dice 0.00
[2026-07-10 17:17:24,398][    INFO] Evaluation class [3 granulation tissue]: IoU 12.79, Dice 22.68
[2026-07-10 17:17:24,398][    INFO] Evaluation class [4 necrotic tissue]: IoU 0.00, Dice 0.00
[2026-07-10 17:17:24,398][    INFO] Evaluation class [5 other]: IoU 0.00, Dice 0.00
[2026-07-10 17:17:24,398][    INFO] Evaluation epoch 67: MeanIoU 17.40, MeanDice 19.72; BEST mIoU 22.06, Dice 25.61 at epoch 51
[2026-07-10 17:17:25,651][    INFO] Epoch 69/100, iter 1/28, loss 0.3121, encoder LR 0.00035862
[2026-07-10 17:17:26,539][    INFO] Epoch 69/100, iter 4/28, loss 0.3485, encoder LR 0.00035754
[2026-07-10 17:17:27,279][    INFO] Epoch 69/100, iter 7/28, loss 0.3915, encoder LR 0.000356458
[2026-07-10 17:17:27,391][    INFO] Epoch 69/100, iter 10/28, loss 0.5619, encoder LR 0.000355377
[2026-07-10 17:17:27,876][    INFO] Epoch 69/100, iter 13/28, loss 0.5517, encoder LR 0.000354295
[2026-07-10 17:17:28,649][    INFO] Epoch 69/100, iter 16/28, loss 0.5665, encoder LR 0.000353213
[2026-07-10 17:17:28,903][    INFO] Epoch 69/100, iter 19/28, loss 0.5998, encoder LR 0.00035213
[2026-07-10 17:17:29,359][    INFO] Epoch 69/100, iter 22/28, loss 0.5868, encoder LR 0.000351047
[2026-07-10 17:17:30,194][    INFO] Epoch 69/100, iter 25/28, loss 0.6007, encoder LR 0.000349963
[2026-07-10 17:17:30,668][    INFO] Epoch 69/100, iter 28/28, loss 0.5930, encoder LR 0.00034888
[2026-07-10 17:17:38,482][    INFO] Evaluation class [0 background]: IoU 91.93, Dice 95.80
[2026-07-10 17:17:38,482][    INFO] Evaluation class [1 epithelial tissue]: IoU 0.31, Dice 0.62
[2026-07-10 17:17:38,483][    INFO] Evaluation class [2 slough]: IoU 0.01, Dice 0.02
[2026-07-10 17:17:38,483][    INFO] Evaluation class [3 granulation tissue]: IoU 23.87, Dice 38.54
[2026-07-10 17:17:38,483][    INFO] Evaluation class [4 necrotic tissue]: IoU 0.00, Dice 0.00
[2026-07-10 17:17:38,483][    INFO] Evaluation class [5 other]: IoU 0.00, Dice 0.00
[2026-07-10 17:17:38,483][    INFO] Evaluation epoch 68: MeanIoU 19.35, MeanDice 22.49; BEST mIoU 22.06, Dice 25.61 at epoch 51
[2026-07-10 17:17:39,024][    INFO] Epoch 70/100, iter 1/28, loss 0.3230, encoder LR 0.000348518
[2026-07-10 17:17:39,998][    INFO] Epoch 70/100, iter 4/28, loss 0.3892, encoder LR 0.000347434
[2026-07-10 17:17:41,263][    INFO] Epoch 70/100, iter 7/28, loss 0.3637, encoder LR 0.000346349
[2026-07-10 17:17:41,381][    INFO] Epoch 70/100, iter 10/28, loss 0.3983, encoder LR 0.000345264
[2026-07-10 17:17:42,787][    INFO] Epoch 70/100, iter 13/28, loss 0.3877, encoder LR 0.000344179
[2026-07-10 17:17:43,102][    INFO] Epoch 70/100, iter 16/28, loss 0.3890, encoder LR 0.000343093
[2026-07-10 17:17:43,898][    INFO] Epoch 70/100, iter 19/28, loss 0.4020, encoder LR 0.000342007
[2026-07-10 17:17:44,407][    INFO] Epoch 70/100, iter 22/28, loss 0.3791, encoder LR 0.00034092
[2026-07-10 17:17:46,304][    INFO] Epoch 70/100, iter 25/28, loss 0.3547, encoder LR 0.000339833
[2026-07-10 17:17:46,421][    INFO] Epoch 70/100, iter 28/28, loss 0.3358, encoder LR 0.000338746
[2026-07-10 17:17:53,201][    INFO] Evaluation class [0 background]: IoU 91.55, Dice 95.59
[2026-07-10 17:17:53,201][    INFO] Evaluation class [1 epithelial tissue]: IoU 0.00, Dice 0.00
[2026-07-10 17:17:53,201][    INFO] Evaluation class [2 slough]: IoU 0.00, Dice 0.00
[2026-07-10 17:17:53,201][    INFO] Evaluation class [3 granulation tissue]: IoU 8.54, Dice 15.74
[2026-07-10 17:17:53,201][    INFO] Evaluation class [4 necrotic tissue]: IoU 0.00, Dice 0.00
[2026-07-10 17:17:53,201][    INFO] Evaluation class [5 other]: IoU 0.00, Dice 0.00
[2026-07-10 17:17:53,201][    INFO] Evaluation epoch 69: MeanIoU 16.68, MeanDice 18.55; BEST mIoU 22.06, Dice 25.61 at epoch 51
[2026-07-10 17:17:54,048][    INFO] Epoch 71/100, iter 1/28, loss 1.5127, encoder LR 0.000338383
[2026-07-10 17:17:54,668][    INFO] Epoch 71/100, iter 4/28, loss 0.7288, encoder LR 0.000337296
[2026-07-10 17:17:55,738][    INFO] Epoch 71/100, iter 7/28, loss 0.5599, encoder LR 0.000336207
[2026-07-10 17:17:55,843][    INFO] Epoch 71/100, iter 10/28, loss 0.4265, encoder LR 0.000335119
[2026-07-10 17:17:56,280][    INFO] Epoch 71/100, iter 13/28, loss 0.3605, encoder LR 0.00033403
[2026-07-10 17:17:56,388][    INFO] Epoch 71/100, iter 16/28, loss 0.3576, encoder LR 0.00033294
[2026-07-10 17:17:57,145][    INFO] Epoch 71/100, iter 19/28, loss 0.3282, encoder LR 0.00033185
[2026-07-10 17:17:58,146][    INFO] Epoch 71/100, iter 22/28, loss 0.3246, encoder LR 0.00033076
[2026-07-10 17:17:58,918][    INFO] Epoch 71/100, iter 25/28, loss 0.2964, encoder LR 0.00032967
[2026-07-10 17:17:59,458][    INFO] Epoch 71/100, iter 28/28, loss 0.2825, encoder LR 0.000328579
[2026-07-10 17:18:06,136][    INFO] Evaluation class [0 background]: IoU 91.48, Dice 95.55
[2026-07-10 17:18:06,137][    INFO] Evaluation class [1 epithelial tissue]: IoU 0.00, Dice 0.00
[2026-07-10 17:18:06,137][    INFO] Evaluation class [2 slough]: IoU 0.00, Dice 0.00
[2026-07-10 17:18:06,137][    INFO] Evaluation class [3 granulation tissue]: IoU 5.18, Dice 9.84
[2026-07-10 17:18:06,138][    INFO] Evaluation class [4 necrotic tissue]: IoU 0.00, Dice 0.00
[2026-07-10 17:18:06,138][    INFO] Evaluation class [5 other]: IoU 0.00, Dice 0.00
[2026-07-10 17:18:06,138][    INFO] Evaluation epoch 70: MeanIoU 16.11, MeanDice 17.57; BEST mIoU 22.06, Dice 25.61 at epoch 51
[2026-07-10 17:18:07,353][    INFO] Epoch 72/100, iter 1/28, loss 0.0505, encoder LR 0.000328215
[2026-07-10 17:18:07,496][    INFO] Epoch 72/100, iter 4/28, loss 0.0720, encoder LR 0.000327123
[2026-07-10 17:18:07,819][    INFO] Epoch 72/100, iter 7/28, loss 0.5467, encoder LR 0.000326031
[2026-07-10 17:18:08,777][    INFO] Epoch 72/100, iter 10/28, loss 0.7097, encoder LR 0.000324939
[2026-07-10 17:18:09,538][    INFO] Epoch 72/100, iter 13/28, loss 0.6606, encoder LR 0.000323846
[2026-07-10 17:18:10,948][    INFO] Epoch 72/100, iter 16/28, loss 0.6105, encoder LR 0.000322753
[2026-07-10 17:18:11,113][    INFO] Epoch 72/100, iter 19/28, loss 0.6019, encoder LR 0.000321659
[2026-07-10 17:18:11,272][    INFO] Epoch 72/100, iter 22/28, loss 0.5871, encoder LR 0.000320565
[2026-07-10 17:18:13,063][    INFO] Epoch 72/100, iter 25/28, loss 0.5874, encoder LR 0.000319471
[2026-07-10 17:18:13,177][    INFO] Epoch 72/100, iter 28/28, loss 0.6741, encoder LR 0.000318376
[2026-07-10 17:18:19,897][    INFO] Evaluation class [0 background]: IoU 91.74, Dice 95.69
[2026-07-10 17:18:19,897][    INFO] Evaluation class [1 epithelial tissue]: IoU 0.00, Dice 0.00
[2026-07-10 17:18:19,897][    INFO] Evaluation class [2 slough]: IoU 0.00, Dice 0.00
[2026-07-10 17:18:19,898][    INFO] Evaluation class [3 granulation tissue]: IoU 16.02, Dice 27.61
[2026-07-10 17:18:19,898][    INFO] Evaluation class [4 necrotic tissue]: IoU 0.00, Dice 0.00
[2026-07-10 17:18:19,898][    INFO] Evaluation class [5 other]: IoU 0.00, Dice 0.00
[2026-07-10 17:18:19,898][    INFO] Evaluation epoch 71: MeanIoU 17.96, MeanDice 20.55; BEST mIoU 22.06, Dice 25.61 at epoch 51
[2026-07-10 17:18:20,904][    INFO] Epoch 73/100, iter 1/28, loss 0.1846, encoder LR 0.000318011
[2026-07-10 17:18:21,364][    INFO] Epoch 73/100, iter 4/28, loss 0.1934, encoder LR 0.000316916
[2026-07-10 17:18:23,214][    INFO] Epoch 73/100, iter 7/28, loss 0.1916, encoder LR 0.00031582
[2026-07-10 17:18:23,325][    INFO] Epoch 73/100, iter 10/28, loss 0.2739, encoder LR 0.000314724
[2026-07-10 17:18:23,880][    INFO] Epoch 73/100, iter 13/28, loss 0.3627, encoder LR 0.000313627
[2026-07-10 17:18:24,413][    INFO] Epoch 73/100, iter 16/28, loss 0.3337, encoder LR 0.00031253
[2026-07-10 17:18:24,946][    INFO] Epoch 73/100, iter 19/28, loss 0.3872, encoder LR 0.000311432
[2026-07-10 17:18:25,222][    INFO] Epoch 73/100, iter 22/28, loss 0.3850, encoder LR 0.000310334
[2026-07-10 17:18:26,173][    INFO] Epoch 73/100, iter 25/28, loss 0.3705, encoder LR 0.000309236
[2026-07-10 17:18:26,330][    INFO] Epoch 73/100, iter 28/28, loss 0.4065, encoder LR 0.000308137
[2026-07-10 17:18:33,036][    INFO] Evaluation class [0 background]: IoU 91.81, Dice 95.73
[2026-07-10 17:18:33,036][    INFO] Evaluation class [1 epithelial tissue]: IoU 0.00, Dice 0.00
[2026-07-10 17:18:33,037][    INFO] Evaluation class [2 slough]: IoU 0.00, Dice 0.00
[2026-07-10 17:18:33,037][    INFO] Evaluation class [3 granulation tissue]: IoU 17.08, Dice 29.18
[2026-07-10 17:18:33,037][    INFO] Evaluation class [4 necrotic tissue]: IoU 0.00, Dice 0.00
[2026-07-10 17:18:33,037][    INFO] Evaluation class [5 other]: IoU 0.00, Dice 0.00
[2026-07-10 17:18:33,037][    INFO] Evaluation epoch 72: MeanIoU 18.15, MeanDice 20.82; BEST mIoU 22.06, Dice 25.61 at epoch 51
[2026-07-10 17:18:35,053][    INFO] Epoch 74/100, iter 1/28, loss 0.4038, encoder LR 0.000307771
[2026-07-10 17:18:35,173][    INFO] Epoch 74/100, iter 4/28, loss 0.3895, encoder LR 0.000306671
[2026-07-10 17:18:35,290][    INFO] Epoch 74/100, iter 7/28, loss 0.3367, encoder LR 0.000305572
[2026-07-10 17:18:35,967][    INFO] Epoch 74/100, iter 10/28, loss 0.3247, encoder LR 0.000304471
[2026-07-10 17:18:36,465][    INFO] Epoch 74/100, iter 13/28, loss 0.3652, encoder LR 0.000303371
[2026-07-10 17:18:37,996][    INFO] Epoch 74/100, iter 16/28, loss 0.3692, encoder LR 0.000302269
[2026-07-10 17:18:38,105][    INFO] Epoch 74/100, iter 19/28, loss 0.3535, encoder LR 0.000301168
[2026-07-10 17:18:38,648][    INFO] Epoch 74/100, iter 22/28, loss 0.4049, encoder LR 0.000300066
[2026-07-10 17:18:39,112][    INFO] Epoch 74/100, iter 25/28, loss 0.4154, encoder LR 0.000298963
[2026-07-10 17:18:39,619][    INFO] Epoch 74/100, iter 28/28, loss 0.3878, encoder LR 0.00029786
[2026-07-10 17:18:47,510][    INFO] Evaluation class [0 background]: IoU 91.73, Dice 95.69
[2026-07-10 17:18:47,511][    INFO] Evaluation class [1 epithelial tissue]: IoU 0.00, Dice 0.00
[2026-07-10 17:18:47,511][    INFO] Evaluation class [2 slough]: IoU 0.00, Dice 0.00
[2026-07-10 17:18:47,511][    INFO] Evaluation class [3 granulation tissue]: IoU 15.45, Dice 26.77
[2026-07-10 17:18:47,511][    INFO] Evaluation class [4 necrotic tissue]: IoU 0.00, Dice 0.00
[2026-07-10 17:18:47,511][    INFO] Evaluation class [5 other]: IoU 0.00, Dice 0.00
[2026-07-10 17:18:47,512][    INFO] Evaluation epoch 73: MeanIoU 17.86, MeanDice 20.41; BEST mIoU 22.06, Dice 25.61 at epoch 51
[2026-07-10 17:18:48,720][    INFO] Epoch 75/100, iter 1/28, loss 0.1771, encoder LR 0.000297492
[2026-07-10 17:18:49,739][    INFO] Epoch 75/100, iter 4/28, loss 0.2838, encoder LR 0.000296389
[2026-07-10 17:18:49,953][    INFO] Epoch 75/100, iter 7/28, loss 0.4466, encoder LR 0.000295285
[2026-07-10 17:18:50,062][    INFO] Epoch 75/100, iter 10/28, loss 0.4360, encoder LR 0.00029418
[2026-07-10 17:18:51,085][    INFO] Epoch 75/100, iter 13/28, loss 0.4683, encoder LR 0.000293075
[2026-07-10 17:18:51,795][    INFO] Epoch 75/100, iter 16/28, loss 0.4235, encoder LR 0.00029197
[2026-07-10 17:18:52,665][    INFO] Epoch 75/100, iter 19/28, loss 0.4367, encoder LR 0.000290864
[2026-07-10 17:18:53,257][    INFO] Epoch 75/100, iter 22/28, loss 0.4529, encoder LR 0.000289758
[2026-07-10 17:18:54,786][    INFO] Epoch 75/100, iter 25/28, loss 0.4437, encoder LR 0.000288651
[2026-07-10 17:18:55,005][    INFO] Epoch 75/100, iter 28/28, loss 0.4526, encoder LR 0.000287544
[2026-07-10 17:19:01,587][    INFO] Evaluation class [0 background]: IoU 91.64, Dice 95.64
[2026-07-10 17:19:01,588][    INFO] Evaluation class [1 epithelial tissue]: IoU 0.00, Dice 0.00
[2026-07-10 17:19:01,588][    INFO] Evaluation class [2 slough]: IoU 0.00, Dice 0.00
[2026-07-10 17:19:01,588][    INFO] Evaluation class [3 granulation tissue]: IoU 11.32, Dice 20.33
[2026-07-10 17:19:01,588][    INFO] Evaluation class [4 necrotic tissue]: IoU 0.00, Dice 0.00
[2026-07-10 17:19:01,588][    INFO] Evaluation class [5 other]: IoU 0.00, Dice 0.00
[2026-07-10 17:19:01,588][    INFO] Evaluation epoch 74: MeanIoU 17.16, MeanDice 19.33; BEST mIoU 22.06, Dice 25.61 at epoch 51
[2026-07-10 17:19:02,138][    INFO] Epoch 76/100, iter 1/28, loss 0.4180, encoder LR 0.000287175
[2026-07-10 17:19:03,865][    INFO] Epoch 76/100, iter 4/28, loss 0.3467, encoder LR 0.000286067
[2026-07-10 17:19:04,032][    INFO] Epoch 76/100, iter 7/28, loss 0.2738, encoder LR 0.000284958
[2026-07-10 17:19:05,464][    INFO] Epoch 76/100, iter 10/28, loss 0.5479, encoder LR 0.000283849
[2026-07-10 17:19:05,999][    INFO] Epoch 76/100, iter 13/28, loss 0.5038, encoder LR 0.00028274
[2026-07-10 17:19:07,461][    INFO] Epoch 76/100, iter 16/28, loss 0.5777, encoder LR 0.00028163
[2026-07-10 17:19:07,573][    INFO] Epoch 76/100, iter 19/28, loss 0.5543, encoder LR 0.00028052
[2026-07-10 17:19:07,755][    INFO] Epoch 76/100, iter 22/28, loss 0.5183, encoder LR 0.000279409
[2026-07-10 17:19:10,113][    INFO] Epoch 76/100, iter 25/28, loss 0.4895, encoder LR 0.000278298
[2026-07-10 17:19:11,884][    INFO] Epoch 76/100, iter 28/28, loss 0.4942, encoder LR 0.000277186
[2026-07-10 17:19:18,514][    INFO] Evaluation class [0 background]: IoU 91.76, Dice 95.71
[2026-07-10 17:19:18,514][    INFO] Evaluation class [1 epithelial tissue]: IoU 0.00, Dice 0.00
[2026-07-10 17:19:18,514][    INFO] Evaluation class [2 slough]: IoU 0.00, Dice 0.00
[2026-07-10 17:19:18,514][    INFO] Evaluation class [3 granulation tissue]: IoU 17.02, Dice 29.09
[2026-07-10 17:19:18,514][    INFO] Evaluation class [4 necrotic tissue]: IoU 0.00, Dice 0.00
[2026-07-10 17:19:18,514][    INFO] Evaluation class [5 other]: IoU 0.00, Dice 0.00
[2026-07-10 17:19:18,515][    INFO] Evaluation epoch 75: MeanIoU 18.13, MeanDice 20.80; BEST mIoU 22.06, Dice 25.61 at epoch 51
[2026-07-10 17:19:19,480][    INFO] Epoch 77/100, iter 1/28, loss 0.3015, encoder LR 0.000276815
[2026-07-10 17:19:20,005][    INFO] Epoch 77/100, iter 4/28, loss 0.3249, encoder LR 0.000275703
[2026-07-10 17:19:21,301][    INFO] Epoch 77/100, iter 7/28, loss 0.3273, encoder LR 0.00027459
[2026-07-10 17:19:21,924][    INFO] Epoch 77/100, iter 10/28, loss 0.4166, encoder LR 0.000273476
[2026-07-10 17:19:22,294][    INFO] Epoch 77/100, iter 13/28, loss 0.3735, encoder LR 0.000272363
[2026-07-10 17:19:22,957][    INFO] Epoch 77/100, iter 16/28, loss 0.4506, encoder LR 0.000271248
[2026-07-10 17:19:24,714][    INFO] Epoch 77/100, iter 19/28, loss 0.4186, encoder LR 0.000270133
[2026-07-10 17:19:25,063][    INFO] Epoch 77/100, iter 22/28, loss 0.3956, encoder LR 0.000269018
[2026-07-10 17:19:25,165][    INFO] Epoch 77/100, iter 25/28, loss 0.4175, encoder LR 0.000267902
[2026-07-10 17:19:25,789][    INFO] Epoch 77/100, iter 28/28, loss 0.4416, encoder LR 0.000266785
[2026-07-10 17:19:32,550][    INFO] Evaluation class [0 background]: IoU 91.88, Dice 95.77
[2026-07-10 17:19:32,550][    INFO] Evaluation class [1 epithelial tissue]: IoU 0.00, Dice 0.00
[2026-07-10 17:19:32,551][    INFO] Evaluation class [2 slough]: IoU 0.01, Dice 0.03
[2026-07-10 17:19:32,551][    INFO] Evaluation class [3 granulation tissue]: IoU 22.03, Dice 36.11
[2026-07-10 17:19:32,551][    INFO] Evaluation class [4 necrotic tissue]: IoU 0.00, Dice 0.00
[2026-07-10 17:19:32,551][    INFO] Evaluation class [5 other]: IoU 0.00, Dice 0.00
[2026-07-10 17:19:32,551][    INFO] Evaluation epoch 76: MeanIoU 18.99, MeanDice 21.98; BEST mIoU 22.06, Dice 25.61 at epoch 51
[2026-07-10 17:19:33,088][    INFO] Epoch 78/100, iter 1/28, loss 1.8774, encoder LR 0.000266413
[2026-07-10 17:19:33,915][    INFO] Epoch 78/100, iter 4/28, loss 0.8894, encoder LR 0.000265296
[2026-07-10 17:19:34,831][    INFO] Epoch 78/100, iter 7/28, loss 0.8865, encoder LR 0.000264178
[2026-07-10 17:19:36,161][    INFO] Epoch 78/100, iter 10/28, loss 0.7368, encoder LR 0.00026306
[2026-07-10 17:19:36,269][    INFO] Epoch 78/100, iter 13/28, loss 0.6441, encoder LR 0.000261941
[2026-07-10 17:19:37,244][    INFO] Epoch 78/100, iter 16/28, loss 0.6014, encoder LR 0.000260821
[2026-07-10 17:19:37,715][    INFO] Epoch 78/100, iter 19/28, loss 0.5648, encoder LR 0.000259702
[2026-07-10 17:19:37,821][    INFO] Epoch 78/100, iter 22/28, loss 0.5858, encoder LR 0.000258581
[2026-07-10 17:19:38,722][    INFO] Epoch 78/100, iter 25/28, loss 0.5747, encoder LR 0.00025746
[2026-07-10 17:19:39,750][    INFO] Epoch 78/100, iter 28/28, loss 0.5506, encoder LR 0.000256339
[2026-07-10 17:19:46,311][    INFO] Evaluation class [0 background]: IoU 92.11, Dice 95.89
[2026-07-10 17:19:46,311][    INFO] Evaluation class [1 epithelial tissue]: IoU 0.02, Dice 0.05
[2026-07-10 17:19:46,311][    INFO] Evaluation class [2 slough]: IoU 0.04, Dice 0.08
[2026-07-10 17:19:46,311][    INFO] Evaluation class [3 granulation tissue]: IoU 28.47, Dice 44.33
[2026-07-10 17:19:46,311][    INFO] Evaluation class [4 necrotic tissue]: IoU 0.00, Dice 0.00
[2026-07-10 17:19:46,312][    INFO] Evaluation class [5 other]: IoU 0.00, Dice 0.00
[2026-07-10 17:19:46,312][    INFO] Evaluation epoch 77: MeanIoU 20.11, MeanDice 23.39; BEST mIoU 22.06, Dice 25.61 at epoch 51
[2026-07-10 17:19:48,323][    INFO] Epoch 79/100, iter 1/28, loss 0.4146, encoder LR 0.000255965
[2026-07-10 17:19:48,592][    INFO] Epoch 79/100, iter 4/28, loss 0.3139, encoder LR 0.000254843
[2026-07-10 17:19:49,039][    INFO] Epoch 79/100, iter 7/28, loss 0.6219, encoder LR 0.00025372
[2026-07-10 17:19:50,144][    INFO] Epoch 79/100, iter 10/28, loss 0.5793, encoder LR 0.000252597
[2026-07-10 17:19:50,249][    INFO] Epoch 79/100, iter 13/28, loss 0.5052, encoder LR 0.000251473
[2026-07-10 17:19:51,921][    INFO] Epoch 79/100, iter 16/28, loss 0.5123, encoder LR 0.000250348
[2026-07-10 17:19:52,793][    INFO] Epoch 79/100, iter 19/28, loss 0.4786, encoder LR 0.000249223
[2026-07-10 17:19:54,189][    INFO] Epoch 79/100, iter 22/28, loss 0.4424, encoder LR 0.000248098
[2026-07-10 17:19:54,303][    INFO] Epoch 79/100, iter 25/28, loss 0.5209, encoder LR 0.000246972
[2026-07-10 17:19:54,642][    INFO] Epoch 79/100, iter 28/28, loss 0.5153, encoder LR 0.000245845
[2026-07-10 17:20:02,868][    INFO] Evaluation class [0 background]: IoU 91.72, Dice 95.68
[2026-07-10 17:20:02,869][    INFO] Evaluation class [1 epithelial tissue]: IoU 0.01, Dice 0.01
[2026-07-10 17:20:02,869][    INFO] Evaluation class [2 slough]: IoU 0.00, Dice 0.00
[2026-07-10 17:20:02,869][    INFO] Evaluation class [3 granulation tissue]: IoU 15.14, Dice 26.29
[2026-07-10 17:20:02,870][    INFO] Evaluation class [4 necrotic tissue]: IoU 0.00, Dice 0.00
[2026-07-10 17:20:02,870][    INFO] Evaluation class [5 other]: IoU 0.00, Dice 0.00
[2026-07-10 17:20:02,870][    INFO] Evaluation epoch 78: MeanIoU 17.81, MeanDice 20.33; BEST mIoU 22.06, Dice 25.61 at epoch 51
[2026-07-10 17:20:04,533][    INFO] Epoch 80/100, iter 1/28, loss 0.5516, encoder LR 0.000245469
[2026-07-10 17:20:04,655][    INFO] Epoch 80/100, iter 4/28, loss 0.4630, encoder LR 0.000244342
[2026-07-10 17:20:05,519][    INFO] Epoch 80/100, iter 7/28, loss 0.3683, encoder LR 0.000243214
[2026-07-10 17:20:05,959][    INFO] Epoch 80/100, iter 10/28, loss 0.3672, encoder LR 0.000242085
[2026-07-10 17:20:06,411][    INFO] Epoch 80/100, iter 13/28, loss 0.3266, encoder LR 0.000240956
[2026-07-10 17:20:06,528][    INFO] Epoch 80/100, iter 16/28, loss 0.3196, encoder LR 0.000239826
[2026-07-10 17:20:07,203][    INFO] Epoch 80/100, iter 19/28, loss 0.3055, encoder LR 0.000238696
[2026-07-10 17:20:08,401][    INFO] Epoch 80/100, iter 22/28, loss 0.2900, encoder LR 0.000237565
[2026-07-10 17:20:09,304][    INFO] Epoch 80/100, iter 25/28, loss 0.2760, encoder LR 0.000236433
[2026-07-10 17:20:09,424][    INFO] Epoch 80/100, iter 28/28, loss 0.3039, encoder LR 0.000235301
[2026-07-10 17:20:15,974][    INFO] Evaluation class [0 background]: IoU 92.07, Dice 95.87
[2026-07-10 17:20:15,974][    INFO] Evaluation class [1 epithelial tissue]: IoU 0.00, Dice 0.00
[2026-07-10 17:20:15,974][    INFO] Evaluation class [2 slough]: IoU 0.08, Dice 0.17
[2026-07-10 17:20:15,974][    INFO] Evaluation class [3 granulation tissue]: IoU 26.06, Dice 41.35
[2026-07-10 17:20:15,974][    INFO] Evaluation class [4 necrotic tissue]: IoU 0.00, Dice 0.00
[2026-07-10 17:20:15,975][    INFO] Evaluation class [5 other]: IoU 0.00, Dice 0.00
[2026-07-10 17:20:15,975][    INFO] Evaluation epoch 79: MeanIoU 19.70, MeanDice 22.90; BEST mIoU 22.06, Dice 25.61 at epoch 51
[2026-07-10 17:20:17,519][    INFO] Epoch 81/100, iter 1/28, loss 0.0979, encoder LR 0.000234924
[2026-07-10 17:20:17,924][    INFO] Epoch 81/100, iter 4/28, loss 0.1065, encoder LR 0.000233791
[2026-07-10 17:20:18,781][    INFO] Epoch 81/100, iter 7/28, loss 0.2605, encoder LR 0.000232657
[2026-07-10 17:20:19,087][    INFO] Epoch 81/100, iter 10/28, loss 0.3593, encoder LR 0.000231523
[2026-07-10 17:20:19,766][    INFO] Epoch 81/100, iter 13/28, loss 0.3287, encoder LR 0.000230388
[2026-07-10 17:20:20,281][    INFO] Epoch 81/100, iter 16/28, loss 0.3422, encoder LR 0.000229253
[2026-07-10 17:20:20,838][    INFO] Epoch 81/100, iter 19/28, loss 0.3563, encoder LR 0.000228117
[2026-07-10 17:20:22,186][    INFO] Epoch 81/100, iter 22/28, loss 0.3367, encoder LR 0.00022698
[2026-07-10 17:20:22,308][    INFO] Epoch 81/100, iter 25/28, loss 0.3936, encoder LR 0.000225843
[2026-07-10 17:20:23,207][    INFO] Epoch 81/100, iter 28/28, loss 0.4144, encoder LR 0.000224705
[2026-07-10 17:20:29,861][    INFO] Evaluation class [0 background]: IoU 91.63, Dice 95.63
[2026-07-10 17:20:29,862][    INFO] Evaluation class [1 epithelial tissue]: IoU 0.00, Dice 0.00
[2026-07-10 17:20:29,862][    INFO] Evaluation class [2 slough]: IoU 0.00, Dice 0.00
[2026-07-10 17:20:29,862][    INFO] Evaluation class [3 granulation tissue]: IoU 12.10, Dice 21.58
[2026-07-10 17:20:29,863][    INFO] Evaluation class [4 necrotic tissue]: IoU 0.00, Dice 0.00
[2026-07-10 17:20:29,863][    INFO] Evaluation class [5 other]: IoU 0.00, Dice 0.00
[2026-07-10 17:20:29,863][    INFO] Evaluation epoch 80: MeanIoU 17.29, MeanDice 19.54; BEST mIoU 22.06, Dice 25.61 at epoch 51
[2026-07-10 17:20:31,547][    INFO] Epoch 82/100, iter 1/28, loss 0.2875, encoder LR 0.000224325
[2026-07-10 17:20:31,926][    INFO] Epoch 82/100, iter 4/28, loss 0.5062, encoder LR 0.000223186
[2026-07-10 17:20:33,001][    INFO] Epoch 82/100, iter 7/28, loss 0.5363, encoder LR 0.000222047
[2026-07-10 17:20:33,577][    INFO] Epoch 82/100, iter 10/28, loss 0.5616, encoder LR 0.000220907
[2026-07-10 17:20:34,960][    INFO] Epoch 82/100, iter 13/28, loss 0.5551, encoder LR 0.000219766
[2026-07-10 17:20:35,082][    INFO] Epoch 82/100, iter 16/28, loss 0.5174, encoder LR 0.000218625
[2026-07-10 17:20:35,713][    INFO] Epoch 82/100, iter 19/28, loss 0.4901, encoder LR 0.000217483
[2026-07-10 17:20:36,219][    INFO] Epoch 82/100, iter 22/28, loss 0.5201, encoder LR 0.00021634
[2026-07-10 17:20:36,900][    INFO] Epoch 82/100, iter 25/28, loss 0.4995, encoder LR 0.000215196
[2026-07-10 17:20:37,232][    INFO] Epoch 82/100, iter 28/28, loss 0.5420, encoder LR 0.000214052
[2026-07-10 17:20:44,186][    INFO] Evaluation class [0 background]: IoU 91.92, Dice 95.79
[2026-07-10 17:20:44,187][    INFO] Evaluation class [1 epithelial tissue]: IoU 0.11, Dice 0.22
[2026-07-10 17:20:44,187][    INFO] Evaluation class [2 slough]: IoU 0.30, Dice 0.60
[2026-07-10 17:20:44,187][    INFO] Evaluation class [3 granulation tissue]: IoU 21.51, Dice 35.41
[2026-07-10 17:20:44,187][    INFO] Evaluation class [4 necrotic tissue]: IoU 0.00, Dice 0.00
[2026-07-10 17:20:44,187][    INFO] Evaluation class [5 other]: IoU 0.00, Dice 0.00
[2026-07-10 17:20:44,187][    INFO] Evaluation epoch 81: MeanIoU 18.97, MeanDice 22.00; BEST mIoU 22.06, Dice 25.61 at epoch 51
[2026-07-10 17:20:44,967][    INFO] Epoch 83/100, iter 1/28, loss 1.2266, encoder LR 0.000213671
[2026-07-10 17:20:45,242][    INFO] Epoch 83/100, iter 4/28, loss 0.5382, encoder LR 0.000212526
[2026-07-10 17:20:47,153][    INFO] Epoch 83/100, iter 7/28, loss 0.4799, encoder LR 0.00021138
[2026-07-10 17:20:47,269][    INFO] Epoch 83/100, iter 10/28, loss 0.4008, encoder LR 0.000210234
[2026-07-10 17:20:47,656][    INFO] Epoch 83/100, iter 13/28, loss 0.4072, encoder LR 0.000209087
[2026-07-10 17:20:49,935][    INFO] Epoch 83/100, iter 16/28, loss 0.3956, encoder LR 0.000207939
[2026-07-10 17:20:50,433][    INFO] Epoch 83/100, iter 19/28, loss 0.4053, encoder LR 0.00020679
[2026-07-10 17:20:50,547][    INFO] Epoch 83/100, iter 22/28, loss 0.4698, encoder LR 0.000205641
[2026-07-10 17:20:51,276][    INFO] Epoch 83/100, iter 25/28, loss 0.4377, encoder LR 0.000204491
[2026-07-10 17:20:51,976][    INFO] Epoch 83/100, iter 28/28, loss 0.4780, encoder LR 0.000203341
[2026-07-10 17:20:58,687][    INFO] Evaluation class [0 background]: IoU 91.95, Dice 95.81
[2026-07-10 17:20:58,687][    INFO] Evaluation class [1 epithelial tissue]: IoU 0.00, Dice 0.01
[2026-07-10 17:20:58,687][    INFO] Evaluation class [2 slough]: IoU 0.00, Dice 0.00
[2026-07-10 17:20:58,687][    INFO] Evaluation class [3 granulation tissue]: IoU 22.72, Dice 37.03
[2026-07-10 17:20:58,688][    INFO] Evaluation class [4 necrotic tissue]: IoU 0.00, Dice 0.00
[2026-07-10 17:20:58,688][    INFO] Evaluation class [5 other]: IoU 0.00, Dice 0.00
[2026-07-10 17:20:58,688][    INFO] Evaluation epoch 82: MeanIoU 19.11, MeanDice 22.14; BEST mIoU 22.06, Dice 25.61 at epoch 51
[2026-07-10 17:20:59,594][    INFO] Epoch 84/100, iter 1/28, loss 0.1200, encoder LR 0.000202957
[2026-07-10 17:21:00,550][    INFO] Epoch 84/100, iter 4/28, loss 0.3265, encoder LR 0.000201805
[2026-07-10 17:21:01,265][    INFO] Epoch 84/100, iter 7/28, loss 0.3436, encoder LR 0.000200653
[2026-07-10 17:21:01,379][    INFO] Epoch 84/100, iter 10/28, loss 0.4091, encoder LR 0.0001995
[2026-07-10 17:21:02,270][    INFO] Epoch 84/100, iter 13/28, loss 0.3990, encoder LR 0.000198346
[2026-07-10 17:21:02,401][    INFO] Epoch 84/100, iter 16/28, loss 0.5631, encoder LR 0.000197192
[2026-07-10 17:21:03,587][    INFO] Epoch 84/100, iter 19/28, loss 0.5339, encoder LR 0.000196036
[2026-07-10 17:21:03,728][    INFO] Epoch 84/100, iter 22/28, loss 0.5378, encoder LR 0.00019488
[2026-07-10 17:21:04,546][    INFO] Epoch 84/100, iter 25/28, loss 0.5014, encoder LR 0.000193724
[2026-07-10 17:21:04,956][    INFO] Epoch 84/100, iter 28/28, loss 0.4878, encoder LR 0.000192566
[2026-07-10 17:21:11,620][    INFO] Evaluation class [0 background]: IoU 91.99, Dice 95.83
[2026-07-10 17:21:11,620][    INFO] Evaluation class [1 epithelial tissue]: IoU 0.01, Dice 0.01
[2026-07-10 17:21:11,621][    INFO] Evaluation class [2 slough]: IoU 0.00, Dice 0.00
[2026-07-10 17:21:11,621][    INFO] Evaluation class [3 granulation tissue]: IoU 23.93, Dice 38.61
[2026-07-10 17:21:11,621][    INFO] Evaluation class [4 necrotic tissue]: IoU 0.00, Dice 0.00
[2026-07-10 17:21:11,621][    INFO] Evaluation class [5 other]: IoU 0.00, Dice 0.00
[2026-07-10 17:21:11,622][    INFO] Evaluation epoch 83: MeanIoU 19.32, MeanDice 22.41; BEST mIoU 22.06, Dice 25.61 at epoch 51
[2026-07-10 17:21:13,088][    INFO] Epoch 85/100, iter 1/28, loss 0.2169, encoder LR 0.00019218
[2026-07-10 17:21:13,270][    INFO] Epoch 85/100, iter 4/28, loss 0.2154, encoder LR 0.000191021
[2026-07-10 17:21:14,531][    INFO] Epoch 85/100, iter 7/28, loss 0.6515, encoder LR 0.000189862
[2026-07-10 17:21:14,741][    INFO] Epoch 85/100, iter 10/28, loss 0.6107, encoder LR 0.000188702
[2026-07-10 17:21:15,091][    INFO] Epoch 85/100, iter 13/28, loss 0.5382, encoder LR 0.000187541
[2026-07-10 17:21:16,133][    INFO] Epoch 85/100, iter 16/28, loss 0.4794, encoder LR 0.000186379
[2026-07-10 17:21:16,783][    INFO] Epoch 85/100, iter 19/28, loss 0.4772, encoder LR 0.000185216
[2026-07-10 17:21:17,237][    INFO] Epoch 85/100, iter 22/28, loss 0.4723, encoder LR 0.000184053
[2026-07-10 17:21:18,195][    INFO] Epoch 85/100, iter 25/28, loss 0.4614, encoder LR 0.000182889
[2026-07-10 17:21:18,299][    INFO] Epoch 85/100, iter 28/28, loss 0.4423, encoder LR 0.000181724
[2026-07-10 17:21:25,018][    INFO] Evaluation class [0 background]: IoU 92.22, Dice 95.95
[2026-07-10 17:21:25,018][    INFO] Evaluation class [1 epithelial tissue]: IoU 0.06, Dice 0.12
[2026-07-10 17:21:25,019][    INFO] Evaluation class [2 slough]: IoU 0.01, Dice 0.01
[2026-07-10 17:21:25,019][    INFO] Evaluation class [3 granulation tissue]: IoU 30.22, Dice 46.41
[2026-07-10 17:21:25,019][    INFO] Evaluation class [4 necrotic tissue]: IoU 0.00, Dice 0.00
[2026-07-10 17:21:25,019][    INFO] Evaluation class [5 other]: IoU 0.00, Dice 0.00
[2026-07-10 17:21:25,019][    INFO] Evaluation epoch 84: MeanIoU 20.42, MeanDice 23.75; BEST mIoU 22.06, Dice 25.61 at epoch 51
[2026-07-10 17:21:26,436][    INFO] Epoch 86/100, iter 1/28, loss 0.3659, encoder LR 0.000181335
[2026-07-10 17:21:27,021][    INFO] Epoch 86/100, iter 4/28, loss 0.4394, encoder LR 0.000180169
[2026-07-10 17:21:27,970][    INFO] Epoch 86/100, iter 7/28, loss 0.3224, encoder LR 0.000179002
[2026-07-10 17:21:28,570][    INFO] Epoch 86/100, iter 10/28, loss 0.4236, encoder LR 0.000177834
[2026-07-10 17:21:29,501][    INFO] Epoch 86/100, iter 13/28, loss 0.3902, encoder LR 0.000176666
[2026-07-10 17:21:30,535][    INFO] Epoch 86/100, iter 16/28, loss 0.3812, encoder LR 0.000175496
[2026-07-10 17:21:31,485][    INFO] Epoch 86/100, iter 19/28, loss 0.3941, encoder LR 0.000174326
[2026-07-10 17:21:31,586][    INFO] Epoch 86/100, iter 22/28, loss 0.4446, encoder LR 0.000173154
[2026-07-10 17:21:31,690][    INFO] Epoch 86/100, iter 25/28, loss 0.4528, encoder LR 0.000171982
[2026-07-10 17:21:31,990][    INFO] Epoch 86/100, iter 28/28, loss 0.4733, encoder LR 0.000170809
[2026-07-10 17:21:38,724][    INFO] Evaluation class [0 background]: IoU 91.86, Dice 95.76
[2026-07-10 17:21:38,724][    INFO] Evaluation class [1 epithelial tissue]: IoU 0.01, Dice 0.01
[2026-07-10 17:21:38,725][    INFO] Evaluation class [2 slough]: IoU 0.00, Dice 0.00
[2026-07-10 17:21:38,725][    INFO] Evaluation class [3 granulation tissue]: IoU 20.10, Dice 33.47
[2026-07-10 17:21:38,725][    INFO] Evaluation class [4 necrotic tissue]: IoU 0.00, Dice 0.00
[2026-07-10 17:21:38,725][    INFO] Evaluation class [5 other]: IoU 0.00, Dice 0.00
[2026-07-10 17:21:38,725][    INFO] Evaluation epoch 85: MeanIoU 18.66, MeanDice 21.54; BEST mIoU 22.06, Dice 25.61 at epoch 51
[2026-07-10 17:21:39,287][    INFO] Epoch 87/100, iter 1/28, loss 1.1239, encoder LR 0.000170418
[2026-07-10 17:21:40,296][    INFO] Epoch 87/100, iter 4/28, loss 0.6784, encoder LR 0.000169244
[2026-07-10 17:21:41,175][    INFO] Epoch 87/100, iter 7/28, loss 0.5151, encoder LR 0.000168069
[2026-07-10 17:21:42,148][    INFO] Epoch 87/100, iter 10/28, loss 0.5327, encoder LR 0.000166892
[2026-07-10 17:21:42,351][    INFO] Epoch 87/100, iter 13/28, loss 0.6027, encoder LR 0.000165715
[2026-07-10 17:21:42,468][    INFO] Epoch 87/100, iter 16/28, loss 0.5958, encoder LR 0.000164538
[2026-07-10 17:21:44,143][    INFO] Epoch 87/100, iter 19/28, loss 0.5611, encoder LR 0.000163359
[2026-07-10 17:21:44,387][    INFO] Epoch 87/100, iter 22/28, loss 0.5626, encoder LR 0.000162179
[2026-07-10 17:21:46,400][    INFO] Epoch 87/100, iter 25/28, loss 0.5687, encoder LR 0.000160998
[2026-07-10 17:21:46,630][    INFO] Epoch 87/100, iter 28/28, loss 0.5630, encoder LR 0.000159816
[2026-07-10 17:21:54,059][    INFO] Evaluation class [0 background]: IoU 92.30, Dice 96.00
[2026-07-10 17:21:54,059][    INFO] Evaluation class [1 epithelial tissue]: IoU 0.47, Dice 0.93
[2026-07-10 17:21:54,059][    INFO] Evaluation class [2 slough]: IoU 0.10, Dice 0.20
[2026-07-10 17:21:54,059][    INFO] Evaluation class [3 granulation tissue]: IoU 30.71, Dice 46.99
[2026-07-10 17:21:54,059][    INFO] Evaluation class [4 necrotic tissue]: IoU 0.00, Dice 0.00
[2026-07-10 17:21:54,060][    INFO] Evaluation class [5 other]: IoU 0.00, Dice 0.00
[2026-07-10 17:21:54,060][    INFO] Evaluation epoch 86: MeanIoU 20.60, MeanDice 24.02; BEST mIoU 22.06, Dice 25.61 at epoch 51
[2026-07-10 17:21:55,264][    INFO] Epoch 88/100, iter 1/28, loss 0.2594, encoder LR 0.000159422
[2026-07-10 17:21:55,375][    INFO] Epoch 88/100, iter 4/28, loss 0.2874, encoder LR 0.000158239
[2026-07-10 17:21:56,152][    INFO] Epoch 88/100, iter 7/28, loss 0.3513, encoder LR 0.000157055
[2026-07-10 17:21:56,955][    INFO] Epoch 88/100, iter 10/28, loss 0.3593, encoder LR 0.00015587
[2026-07-10 17:21:57,066][    INFO] Epoch 88/100, iter 13/28, loss 0.4154, encoder LR 0.000154684
[2026-07-10 17:21:58,780][    INFO] Epoch 88/100, iter 16/28, loss 0.4709, encoder LR 0.000153497
[2026-07-10 17:22:00,407][    INFO] Epoch 88/100, iter 19/28, loss 0.5119, encoder LR 0.000152309
[2026-07-10 17:22:01,883][    INFO] Epoch 88/100, iter 22/28, loss 0.4794, encoder LR 0.00015112
[2026-07-10 17:22:01,983][    INFO] Epoch 88/100, iter 25/28, loss 0.4515, encoder LR 0.00014993
[2026-07-10 17:22:03,354][    INFO] Epoch 88/100, iter 28/28, loss 0.4322, encoder LR 0.000148739
[2026-07-10 17:22:10,018][    INFO] Evaluation class [0 background]: IoU 91.79, Dice 95.72
[2026-07-10 17:22:10,018][    INFO] Evaluation class [1 epithelial tissue]: IoU 0.00, Dice 0.00
[2026-07-10 17:22:10,019][    INFO] Evaluation class [2 slough]: IoU 0.00, Dice 0.00
[2026-07-10 17:22:10,019][    INFO] Evaluation class [3 granulation tissue]: IoU 17.05, Dice 29.13
[2026-07-10 17:22:10,019][    INFO] Evaluation class [4 necrotic tissue]: IoU 0.00, Dice 0.00
[2026-07-10 17:22:10,019][    INFO] Evaluation class [5 other]: IoU 0.00, Dice 0.00
[2026-07-10 17:22:10,019][    INFO] Evaluation epoch 87: MeanIoU 18.14, MeanDice 20.81; BEST mIoU 22.06, Dice 25.61 at epoch 51
[2026-07-10 17:22:11,054][    INFO] Epoch 89/100, iter 1/28, loss 0.1419, encoder LR 0.000148342
[2026-07-10 17:22:11,678][    INFO] Epoch 89/100, iter 4/28, loss 1.1182, encoder LR 0.000147149
[2026-07-10 17:22:11,798][    INFO] Epoch 89/100, iter 7/28, loss 1.0505, encoder LR 0.000145955
[2026-07-10 17:22:13,060][    INFO] Epoch 89/100, iter 10/28, loss 0.8098, encoder LR 0.000144761
[2026-07-10 17:22:13,205][    INFO] Epoch 89/100, iter 13/28, loss 0.6866, encoder LR 0.000143565
[2026-07-10 17:22:14,247][    INFO] Epoch 89/100, iter 16/28, loss 0.6575, encoder LR 0.000142368
[2026-07-10 17:22:15,064][    INFO] Epoch 89/100, iter 19/28, loss 0.6169, encoder LR 0.00014117
[2026-07-10 17:22:15,449][    INFO] Epoch 89/100, iter 22/28, loss 0.5703, encoder LR 0.000139971
[2026-07-10 17:22:16,181][    INFO] Epoch 89/100, iter 25/28, loss 0.5452, encoder LR 0.00013877
[2026-07-10 17:22:16,570][    INFO] Epoch 89/100, iter 28/28, loss 0.5143, encoder LR 0.000137569
[2026-07-10 17:22:23,197][    INFO] Evaluation class [0 background]: IoU 91.72, Dice 95.68
[2026-07-10 17:22:23,197][    INFO] Evaluation class [1 epithelial tissue]: IoU 0.00, Dice 0.00
[2026-07-10 17:22:23,197][    INFO] Evaluation class [2 slough]: IoU 0.00, Dice 0.00
[2026-07-10 17:22:23,197][    INFO] Evaluation class [3 granulation tissue]: IoU 14.16, Dice 24.81
[2026-07-10 17:22:23,197][    INFO] Evaluation class [4 necrotic tissue]: IoU 0.00, Dice 0.00
[2026-07-10 17:22:23,197][    INFO] Evaluation class [5 other]: IoU 0.00, Dice 0.00
[2026-07-10 17:22:23,198][    INFO] Evaluation epoch 88: MeanIoU 17.65, MeanDice 20.08; BEST mIoU 22.06, Dice 25.61 at epoch 51
[2026-07-10 17:22:23,817][    INFO] Epoch 90/100, iter 1/28, loss 0.3671, encoder LR 0.000137168
[2026-07-10 17:22:25,683][    INFO] Epoch 90/100, iter 4/28, loss 0.3553, encoder LR 0.000135965
[2026-07-10 17:22:26,125][    INFO] Epoch 90/100, iter 7/28, loss 0.3757, encoder LR 0.000134761
[2026-07-10 17:22:26,607][    INFO] Epoch 90/100, iter 10/28, loss 0.3362, encoder LR 0.000133556
[2026-07-10 17:22:27,348][    INFO] Epoch 90/100, iter 13/28, loss 0.3212, encoder LR 0.000132349
[2026-07-10 17:22:28,153][    INFO] Epoch 90/100, iter 16/28, loss 0.3732, encoder LR 0.000131141
[2026-07-10 17:22:28,347][    INFO] Epoch 90/100, iter 19/28, loss 0.4622, encoder LR 0.000129932
[2026-07-10 17:22:28,980][    INFO] Epoch 90/100, iter 22/28, loss 0.4449, encoder LR 0.000128722
[2026-07-10 17:22:29,083][    INFO] Epoch 90/100, iter 25/28, loss 0.4406, encoder LR 0.00012751
[2026-07-10 17:22:29,574][    INFO] Epoch 90/100, iter 28/28, loss 0.4599, encoder LR 0.000126297
[2026-07-10 17:22:36,226][    INFO] Evaluation class [0 background]: IoU 91.85, Dice 95.75
[2026-07-10 17:22:36,226][    INFO] Evaluation class [1 epithelial tissue]: IoU 0.00, Dice 0.00
[2026-07-10 17:22:36,227][    INFO] Evaluation class [2 slough]: IoU 0.00, Dice 0.00
[2026-07-10 17:22:36,227][    INFO] Evaluation class [3 granulation tissue]: IoU 19.19, Dice 32.21
[2026-07-10 17:22:36,227][    INFO] Evaluation class [4 necrotic tissue]: IoU 0.00, Dice 0.00
[2026-07-10 17:22:36,227][    INFO] Evaluation class [5 other]: IoU 0.00, Dice 0.00
[2026-07-10 17:22:36,227][    INFO] Evaluation epoch 89: MeanIoU 18.51, MeanDice 21.33; BEST mIoU 22.06, Dice 25.61 at epoch 51
[2026-07-10 17:22:37,688][    INFO] Epoch 91/100, iter 1/28, loss 0.3993, encoder LR 0.000125893
[2026-07-10 17:22:38,210][    INFO] Epoch 91/100, iter 4/28, loss 0.2730, encoder LR 0.000124678
[2026-07-10 17:22:38,600][    INFO] Epoch 91/100, iter 7/28, loss 0.2590, encoder LR 0.000123462
[2026-07-10 17:22:39,474][    INFO] Epoch 91/100, iter 10/28, loss 0.2910, encoder LR 0.000122245
[2026-07-10 17:22:40,537][    INFO] Epoch 91/100, iter 13/28, loss 0.2781, encoder LR 0.000121026
[2026-07-10 17:22:40,648][    INFO] Epoch 91/100, iter 16/28, loss 0.2939, encoder LR 0.000119806
[2026-07-10 17:22:40,772][    INFO] Epoch 91/100, iter 19/28, loss 0.3355, encoder LR 0.000118585
[2026-07-10 17:22:41,130][    INFO] Epoch 91/100, iter 22/28, loss 0.3330, encoder LR 0.000117362
[2026-07-10 17:22:42,270][    INFO] Epoch 91/100, iter 25/28, loss 0.3389, encoder LR 0.000116138
[2026-07-10 17:22:42,466][    INFO] Epoch 91/100, iter 28/28, loss 0.4117, encoder LR 0.000114912
[2026-07-10 17:22:49,128][    INFO] Evaluation class [0 background]: IoU 91.93, Dice 95.79
[2026-07-10 17:22:49,128][    INFO] Evaluation class [1 epithelial tissue]: IoU 0.00, Dice 0.00
[2026-07-10 17:22:49,128][    INFO] Evaluation class [2 slough]: IoU 0.01, Dice 0.03
[2026-07-10 17:22:49,129][    INFO] Evaluation class [3 granulation tissue]: IoU 22.27, Dice 36.43
[2026-07-10 17:22:49,129][    INFO] Evaluation class [4 necrotic tissue]: IoU 0.00, Dice 0.00
[2026-07-10 17:22:49,129][    INFO] Evaluation class [5 other]: IoU 0.00, Dice 0.00
[2026-07-10 17:22:49,129][    INFO] Evaluation epoch 90: MeanIoU 19.04, MeanDice 22.04; BEST mIoU 22.06, Dice 25.61 at epoch 51
[2026-07-10 17:22:49,928][    INFO] Epoch 92/100, iter 1/28, loss 0.7744, encoder LR 0.000114503
[2026-07-10 17:22:51,691][    INFO] Epoch 92/100, iter 4/28, loss 0.7661, encoder LR 0.000113276
[2026-07-10 17:22:51,797][    INFO] Epoch 92/100, iter 7/28, loss 0.6880, encoder LR 0.000112047
[2026-07-10 17:22:52,986][    INFO] Epoch 92/100, iter 10/28, loss 0.6202, encoder LR 0.000110816
[2026-07-10 17:22:54,754][    INFO] Epoch 92/100, iter 13/28, loss 0.6177, encoder LR 0.000109584
[2026-07-10 17:22:55,057][    INFO] Epoch 92/100, iter 16/28, loss 0.5423, encoder LR 0.000108351
[2026-07-10 17:22:55,166][    INFO] Epoch 92/100, iter 19/28, loss 0.5005, encoder LR 0.000107115
[2026-07-10 17:22:56,494][    INFO] Epoch 92/100, iter 22/28, loss 0.4984, encoder LR 0.000105879
[2026-07-10 17:22:57,889][    INFO] Epoch 92/100, iter 25/28, loss 0.4628, encoder LR 0.00010464
[2026-07-10 17:22:58,249][    INFO] Epoch 92/100, iter 28/28, loss 0.5183, encoder LR 0.0001034
[2026-07-10 17:23:05,204][    INFO] Evaluation class [0 background]: IoU 91.81, Dice 95.73
[2026-07-10 17:23:05,204][    INFO] Evaluation class [1 epithelial tissue]: IoU 0.00, Dice 0.00
[2026-07-10 17:23:05,204][    INFO] Evaluation class [2 slough]: IoU 0.00, Dice 0.00
[2026-07-10 17:23:05,204][    INFO] Evaluation class [3 granulation tissue]: IoU 17.56, Dice 29.88
[2026-07-10 17:23:05,204][    INFO] Evaluation class [4 necrotic tissue]: IoU 0.00, Dice 0.00
[2026-07-10 17:23:05,204][    INFO] Evaluation class [5 other]: IoU 0.00, Dice 0.00
[2026-07-10 17:23:05,205][    INFO] Evaluation epoch 91: MeanIoU 18.23, MeanDice 20.93; BEST mIoU 22.06, Dice 25.61 at epoch 51
[2026-07-10 17:23:06,538][    INFO] Epoch 93/100, iter 1/28, loss 0.2516, encoder LR 0.000102987
[2026-07-10 17:23:07,168][    INFO] Epoch 93/100, iter 4/28, loss 0.2883, encoder LR 0.000101744
[2026-07-10 17:23:07,760][    INFO] Epoch 93/100, iter 7/28, loss 0.3975, encoder LR 0.000100501
[2026-07-10 17:23:07,867][    INFO] Epoch 93/100, iter 10/28, loss 0.3874, encoder LR 9.9255e-05
[2026-07-10 17:23:09,001][    INFO] Epoch 93/100, iter 13/28, loss 0.3510, encoder LR 9.80077e-05
[2026-07-10 17:23:10,124][    INFO] Epoch 93/100, iter 16/28, loss 0.3418, encoder LR 9.67586e-05
[2026-07-10 17:23:10,251][    INFO] Epoch 93/100, iter 19/28, loss 0.3158, encoder LR 9.55077e-05
[2026-07-10 17:23:11,196][    INFO] Epoch 93/100, iter 22/28, loss 0.3568, encoder LR 9.4255e-05
[2026-07-10 17:23:12,050][    INFO] Epoch 93/100, iter 25/28, loss 0.4054, encoder LR 9.30004e-05
[2026-07-10 17:23:12,634][    INFO] Epoch 93/100, iter 28/28, loss 0.4122, encoder LR 9.17439e-05
[2026-07-10 17:23:19,245][    INFO] Evaluation class [0 background]: IoU 91.61, Dice 95.62
[2026-07-10 17:23:19,245][    INFO] Evaluation class [1 epithelial tissue]: IoU 0.00, Dice 0.00
[2026-07-10 17:23:19,245][    INFO] Evaluation class [2 slough]: IoU 0.00, Dice 0.00
[2026-07-10 17:23:19,245][    INFO] Evaluation class [3 granulation tissue]: IoU 10.65, Dice 19.26
[2026-07-10 17:23:19,245][    INFO] Evaluation class [4 necrotic tissue]: IoU 0.00, Dice 0.00
[2026-07-10 17:23:19,245][    INFO] Evaluation class [5 other]: IoU 0.00, Dice 0.00
[2026-07-10 17:23:19,245][    INFO] Evaluation epoch 92: MeanIoU 17.04, MeanDice 19.15; BEST mIoU 22.06, Dice 25.61 at epoch 51
[2026-07-10 17:23:20,184][    INFO] Epoch 94/100, iter 1/28, loss 0.1482, encoder LR 9.13247e-05
[2026-07-10 17:23:20,963][    INFO] Epoch 94/100, iter 4/28, loss 0.4996, encoder LR 9.00657e-05
[2026-07-10 17:23:21,636][    INFO] Epoch 94/100, iter 7/28, loss 0.4689, encoder LR 8.88047e-05
[2026-07-10 17:23:23,026][    INFO] Epoch 94/100, iter 10/28, loss 0.6573, encoder LR 8.75417e-05
[2026-07-10 17:23:23,359][    INFO] Epoch 94/100, iter 13/28, loss 0.6403, encoder LR 8.62768e-05
[2026-07-10 17:23:24,496][    INFO] Epoch 94/100, iter 16/28, loss 0.7450, encoder LR 8.50097e-05
[2026-07-10 17:23:25,226][    INFO] Epoch 94/100, iter 19/28, loss 0.6710, encoder LR 8.37405e-05
[2026-07-10 17:23:25,336][    INFO] Epoch 94/100, iter 22/28, loss 0.6247, encoder LR 8.24692e-05
[2026-07-10 17:23:25,646][    INFO] Epoch 94/100, iter 25/28, loss 0.6147, encoder LR 8.11958e-05
[2026-07-10 17:23:25,750][    INFO] Epoch 94/100, iter 28/28, loss 0.6096, encoder LR 7.99201e-05
[2026-07-10 17:23:32,321][    INFO] Evaluation class [0 background]: IoU 91.79, Dice 95.72
[2026-07-10 17:23:32,321][    INFO] Evaluation class [1 epithelial tissue]: IoU 0.01, Dice 0.01
[2026-07-10 17:23:32,322][    INFO] Evaluation class [2 slough]: IoU 0.02, Dice 0.04
[2026-07-10 17:23:32,322][    INFO] Evaluation class [3 granulation tissue]: IoU 17.28, Dice 29.46
[2026-07-10 17:23:32,322][    INFO] Evaluation class [4 necrotic tissue]: IoU 0.00, Dice 0.00
[2026-07-10 17:23:32,322][    INFO] Evaluation class [5 other]: IoU 0.00, Dice 0.00
[2026-07-10 17:23:32,322][    INFO] Evaluation epoch 93: MeanIoU 18.18, MeanDice 20.87; BEST mIoU 22.06, Dice 25.61 at epoch 51
[2026-07-10 17:23:32,912][    INFO] Epoch 95/100, iter 1/28, loss 0.2300, encoder LR 7.94943e-05
[2026-07-10 17:23:34,353][    INFO] Epoch 95/100, iter 4/28, loss 0.3675, encoder LR 7.82156e-05
[2026-07-10 17:23:34,909][    INFO] Epoch 95/100, iter 7/28, loss 0.3575, encoder LR 7.69345e-05
[2026-07-10 17:23:35,569][    INFO] Epoch 95/100, iter 10/28, loss 0.3512, encoder LR 7.56511e-05
[2026-07-10 17:23:35,847][    INFO] Epoch 95/100, iter 13/28, loss 0.4383, encoder LR 7.43652e-05
[2026-07-10 17:23:37,658][    INFO] Epoch 95/100, iter 16/28, loss 0.5003, encoder LR 7.30769e-05
[2026-07-10 17:23:37,989][    INFO] Epoch 95/100, iter 19/28, loss 0.4915, encoder LR 7.1786e-05
[2026-07-10 17:23:38,103][    INFO] Epoch 95/100, iter 22/28, loss 0.4822, encoder LR 7.04926e-05
[2026-07-10 17:23:38,837][    INFO] Epoch 95/100, iter 25/28, loss 0.4538, encoder LR 6.91965e-05
[2026-07-10 17:23:39,510][    INFO] Epoch 95/100, iter 28/28, loss 0.5050, encoder LR 6.78977e-05
[2026-07-10 17:23:46,084][    INFO] Evaluation class [0 background]: IoU 91.79, Dice 95.72
[2026-07-10 17:23:46,085][    INFO] Evaluation class [1 epithelial tissue]: IoU 0.01, Dice 0.01
[2026-07-10 17:23:46,085][    INFO] Evaluation class [2 slough]: IoU 0.00, Dice 0.00
[2026-07-10 17:23:46,085][    INFO] Evaluation class [3 granulation tissue]: IoU 17.19, Dice 29.33
[2026-07-10 17:23:46,086][    INFO] Evaluation class [4 necrotic tissue]: IoU 0.00, Dice 0.00
[2026-07-10 17:23:46,086][    INFO] Evaluation class [5 other]: IoU 0.00, Dice 0.00
[2026-07-10 17:23:46,086][    INFO] Evaluation epoch 94: MeanIoU 18.16, MeanDice 20.85; BEST mIoU 22.06, Dice 25.61 at epoch 51
[2026-07-10 17:23:47,712][    INFO] Epoch 96/100, iter 1/28, loss 1.1303, encoder LR 6.74641e-05
[2026-07-10 17:23:47,818][    INFO] Epoch 96/100, iter 4/28, loss 0.4301, encoder LR 6.61616e-05
[2026-07-10 17:23:48,675][    INFO] Epoch 96/100, iter 7/28, loss 0.3861, encoder LR 6.48563e-05
[2026-07-10 17:23:49,060][    INFO] Epoch 96/100, iter 10/28, loss 0.3840, encoder LR 6.3548e-05
[2026-07-10 17:23:49,170][    INFO] Epoch 96/100, iter 13/28, loss 0.3625, encoder LR 6.22367e-05
[2026-07-10 17:23:49,895][    INFO] Epoch 96/100, iter 16/28, loss 0.4219, encoder LR 6.09224e-05
[2026-07-10 17:23:50,896][    INFO] Epoch 96/100, iter 19/28, loss 0.3925, encoder LR 5.96049e-05
[2026-07-10 17:23:51,391][    INFO] Epoch 96/100, iter 22/28, loss 0.3750, encoder LR 5.82841e-05
[2026-07-10 17:23:52,395][    INFO] Epoch 96/100, iter 25/28, loss 0.3742, encoder LR 5.696e-05
[2026-07-10 17:23:52,491][    INFO] Epoch 96/100, iter 28/28, loss 0.3686, encoder LR 5.56325e-05
[2026-07-10 17:23:59,204][    INFO] Evaluation class [0 background]: IoU 91.70, Dice 95.67
[2026-07-10 17:23:59,204][    INFO] Evaluation class [1 epithelial tissue]: IoU 0.00, Dice 0.00
[2026-07-10 17:23:59,205][    INFO] Evaluation class [2 slough]: IoU 0.00, Dice 0.00
[2026-07-10 17:23:59,205][    INFO] Evaluation class [3 granulation tissue]: IoU 13.90, Dice 24.40
[2026-07-10 17:23:59,205][    INFO] Evaluation class [4 necrotic tissue]: IoU 0.00, Dice 0.00
[2026-07-10 17:23:59,205][    INFO] Evaluation class [5 other]: IoU 0.00, Dice 0.00
[2026-07-10 17:23:59,205][    INFO] Evaluation epoch 95: MeanIoU 17.60, MeanDice 20.01; BEST mIoU 22.06, Dice 25.61 at epoch 51
[2026-07-10 17:24:00,665][    INFO] Epoch 97/100, iter 1/28, loss 0.1501, encoder LR 5.51892e-05
[2026-07-10 17:24:00,787][    INFO] Epoch 97/100, iter 4/28, loss 0.4379, encoder LR 5.38569e-05
[2026-07-10 17:24:01,972][    INFO] Epoch 97/100, iter 7/28, loss 0.4018, encoder LR 5.2521e-05
[2026-07-10 17:24:02,865][    INFO] Epoch 97/100, iter 10/28, loss 0.4340, encoder LR 5.11813e-05
[2026-07-10 17:24:03,083][    INFO] Epoch 97/100, iter 13/28, loss 0.5693, encoder LR 4.98377e-05
[2026-07-10 17:24:03,207][    INFO] Epoch 97/100, iter 16/28, loss 0.7100, encoder LR 4.849e-05
[2026-07-10 17:24:04,275][    INFO] Epoch 97/100, iter 19/28, loss 0.6889, encoder LR 4.71382e-05
[2026-07-10 17:24:04,970][    INFO] Epoch 97/100, iter 22/28, loss 0.6306, encoder LR 4.5782e-05
[2026-07-10 17:24:05,587][    INFO] Epoch 97/100, iter 25/28, loss 0.6211, encoder LR 4.44214e-05
[2026-07-10 17:24:06,433][    INFO] Epoch 97/100, iter 28/28, loss 0.6138, encoder LR 4.30561e-05
[2026-07-10 17:24:14,318][    INFO] Evaluation class [0 background]: IoU 91.69, Dice 95.67
[2026-07-10 17:24:14,318][    INFO] Evaluation class [1 epithelial tissue]: IoU 0.00, Dice 0.00
[2026-07-10 17:24:14,318][    INFO] Evaluation class [2 slough]: IoU 0.00, Dice 0.00
[2026-07-10 17:24:14,319][    INFO] Evaluation class [3 granulation tissue]: IoU 14.22, Dice 24.89
[2026-07-10 17:24:14,319][    INFO] Evaluation class [4 necrotic tissue]: IoU 0.00, Dice 0.00
[2026-07-10 17:24:14,319][    INFO] Evaluation class [5 other]: IoU 0.00, Dice 0.00
[2026-07-10 17:24:14,319][    INFO] Evaluation epoch 96: MeanIoU 17.65, MeanDice 20.09; BEST mIoU 22.06, Dice 25.61 at epoch 51
[2026-07-10 17:24:14,849][    INFO] Epoch 98/100, iter 1/28, loss 0.1977, encoder LR 4.26e-05
[2026-07-10 17:24:15,958][    INFO] Epoch 98/100, iter 4/28, loss 0.5237, encoder LR 4.12282e-05
[2026-07-10 17:24:16,153][    INFO] Epoch 98/100, iter 7/28, loss 0.6727, encoder LR 3.98513e-05
[2026-07-10 17:24:17,310][    INFO] Epoch 98/100, iter 10/28, loss 0.6212, encoder LR 3.84692e-05
[2026-07-10 17:24:17,420][    INFO] Epoch 98/100, iter 13/28, loss 0.5556, encoder LR 3.70815e-05
[2026-07-10 17:24:18,911][    INFO] Epoch 98/100, iter 16/28, loss 0.5262, encoder LR 3.5688e-05
[2026-07-10 17:24:19,021][    INFO] Epoch 98/100, iter 19/28, loss 0.4771, encoder LR 3.42884e-05
[2026-07-10 17:24:19,127][    INFO] Epoch 98/100, iter 22/28, loss 0.4542, encoder LR 3.28825e-05
[2026-07-10 17:24:20,110][    INFO] Epoch 98/100, iter 25/28, loss 0.4230, encoder LR 3.14698e-05
[2026-07-10 17:24:21,430][    INFO] Epoch 98/100, iter 28/28, loss 0.4074, encoder LR 3.005e-05
[2026-07-10 17:24:28,078][    INFO] Evaluation class [0 background]: IoU 91.90, Dice 95.78
[2026-07-10 17:24:28,079][    INFO] Evaluation class [1 epithelial tissue]: IoU 0.00, Dice 0.01
[2026-07-10 17:24:28,079][    INFO] Evaluation class [2 slough]: IoU 0.01, Dice 0.01
[2026-07-10 17:24:28,079][    INFO] Evaluation class [3 granulation tissue]: IoU 20.95, Dice 34.64
[2026-07-10 17:24:28,080][    INFO] Evaluation class [4 necrotic tissue]: IoU 0.00, Dice 0.00
[2026-07-10 17:24:28,080][    INFO] Evaluation class [5 other]: IoU 0.00, Dice 0.00
[2026-07-10 17:24:28,080][    INFO] Evaluation epoch 97: MeanIoU 18.81, MeanDice 21.74; BEST mIoU 22.06, Dice 25.61 at epoch 51
[2026-07-10 17:24:29,761][    INFO] Epoch 99/100, iter 1/28, loss 0.4675, encoder LR 2.95752e-05
[2026-07-10 17:24:29,935][    INFO] Epoch 99/100, iter 4/28, loss 0.2740, encoder LR 2.81453e-05
[2026-07-10 17:24:30,902][    INFO] Epoch 99/100, iter 7/28, loss 0.7024, encoder LR 2.67073e-05
[2026-07-10 17:24:31,821][    INFO] Epoch 99/100, iter 10/28, loss 0.6145, encoder LR 2.52607e-05
[2026-07-10 17:24:31,931][    INFO] Epoch 99/100, iter 13/28, loss 0.6350, encoder LR 2.38048e-05
[2026-07-10 17:24:32,602][    INFO] Epoch 99/100, iter 16/28, loss 0.6132, encoder LR 2.2339e-05
[2026-07-10 17:24:33,266][    INFO] Epoch 99/100, iter 19/28, loss 0.5577, encoder LR 2.08623e-05
[2026-07-10 17:24:33,383][    INFO] Epoch 99/100, iter 22/28, loss 0.5393, encoder LR 1.9374e-05
[2026-07-10 17:24:34,821][    INFO] Epoch 99/100, iter 25/28, loss 0.5441, encoder LR 1.78728e-05
[2026-07-10 17:24:34,921][    INFO] Epoch 99/100, iter 28/28, loss 0.5281, encoder LR 1.63575e-05
[2026-07-10 17:24:41,665][    INFO] Evaluation class [0 background]: IoU 91.80, Dice 95.73
[2026-07-10 17:24:41,665][    INFO] Evaluation class [1 epithelial tissue]: IoU 0.00, Dice 0.00
[2026-07-10 17:24:41,665][    INFO] Evaluation class [2 slough]: IoU 0.00, Dice 0.01
[2026-07-10 17:24:41,665][    INFO] Evaluation class [3 granulation tissue]: IoU 18.01, Dice 30.52
[2026-07-10 17:24:41,665][    INFO] Evaluation class [4 necrotic tissue]: IoU 0.00, Dice 0.00
[2026-07-10 17:24:41,665][    INFO] Evaluation class [5 other]: IoU 0.00, Dice 0.00
[2026-07-10 17:24:41,666][    INFO] Evaluation epoch 98: MeanIoU 18.30, MeanDice 21.04; BEST mIoU 22.06, Dice 25.61 at epoch 51
[2026-07-10 17:24:42,222][    INFO] Epoch 100/100, iter 1/28, loss 0.8706, encoder LR 1.58489e-05
[2026-07-10 17:24:43,476][    INFO] Epoch 100/100, iter 4/28, loss 0.5157, encoder LR 1.43121e-05
[2026-07-10 17:24:43,958][    INFO] Epoch 100/100, iter 7/28, loss 0.3929, encoder LR 1.27567e-05
[2026-07-10 17:24:44,658][    INFO] Epoch 100/100, iter 10/28, loss 0.4852, encoder LR 1.11799e-05
[2026-07-10 17:24:45,961][    INFO] Epoch 100/100, iter 13/28, loss 0.4225, encoder LR 9.5778e-06
[2026-07-10 17:24:46,688][    INFO] Epoch 100/100, iter 16/28, loss 0.3836, encoder LR 7.94524e-06
[2026-07-10 17:24:47,396][    INFO] Epoch 100/100, iter 19/28, loss 0.3747, encoder LR 6.27419e-06
[2026-07-10 17:24:49,162][    INFO] Epoch 100/100, iter 22/28, loss 0.3728, encoder LR 4.55141e-06
[2026-07-10 17:24:49,280][    INFO] Epoch 100/100, iter 25/28, loss 0.3604, encoder LR 2.7505e-06
[2026-07-10 17:24:50,123][    INFO] Epoch 100/100, iter 28/28, loss 0.3521, encoder LR 7.89874e-07
[2026-07-10 17:24:56,808][    INFO] Evaluation class [0 background]: IoU 91.79, Dice 95.72
[2026-07-10 17:24:56,808][    INFO] Evaluation class [1 epithelial tissue]: IoU 0.00, Dice 0.01
[2026-07-10 17:24:56,808][    INFO] Evaluation class [2 slough]: IoU 0.00, Dice 0.00
[2026-07-10 17:24:56,809][    INFO] Evaluation class [3 granulation tissue]: IoU 17.33, Dice 29.54
[2026-07-10 17:24:56,809][    INFO] Evaluation class [4 necrotic tissue]: IoU 0.00, Dice 0.00
[2026-07-10 17:24:56,809][    INFO] Evaluation class [5 other]: IoU 0.00, Dice 0.00
[2026-07-10 17:24:56,809][    INFO] Evaluation epoch 99: MeanIoU 18.19, MeanDice 20.88; BEST mIoU 22.06, Dice 25.61 at epoch 51
[2026-07-10 17:24:57,247][    INFO] Training complete. BEST mIoU 22.06, Dice 25.61 at epoch 51
