[2026-07-10 17:00:07,240][    INFO] {'allow_weight_download': False,
 'amp': True,
 'backbone': 'resnet50',
 'batch_size': 4,
 'config': 'configs/lutseg_supervised_deeplabv3plus.yaml',
 'criterion': {'kwargs': {'ignore_index': 255}, 'name': 'CELoss'},
 'crop_size': 126,
 'data_root': 'data/LUTSeg',
 'dataset': 'lutseg',
 'deterministic': False,
 'epochs': 100,
 'eval_every': 1,
 'labeled_id_path': 'splits/lutseg/1_4/labeled.txt',
 'local_rank': 0,
 'lr': 0.001,
 'lr_multi': 10.0,
 'model': 'deeplabv3plus',
 'momentum': 0.9,
 'nclass': 6,
 'nesterov': True,
 'num_workers': 4,
 'output_stride': 16,
 'poly_power': 0.9,
 'port': None,
 'pretrained_path': 'pretrained/resnet50-11ad3fa6.pth',
 'resume': False,
 'samples_per_epoch': 111,
 'save_path': 'exp/lutseg/supervised_deeplabv3plus/resnet50_os16/1_4/seed0',
 'seed': 0,
 'sync_bn': False,
 'unlabeled_id_path': 'splits/lutseg/1_4/unlabeled.txt',
 'val_num_workers': 2,
 'weight_decay': 0.0001,
 'world_size': 1}

[2026-07-10 17:00:07,240][    INFO] Model: DeepLabV3+ ResNet-50 OS16, parameters: 40.3M
[2026-07-10 17:00:07,241][    INFO] Training images in split: 27; samples per epoch: 111; batches per epoch/rank: 28
[2026-07-10 17:00:14,393][    INFO] Epoch 1/100, iter 1/28, loss 3.6572, encoder LR 0.001
[2026-07-10 17:00:14,499][    INFO] Epoch 1/100, iter 4/28, loss 4.4990, encoder LR 0.000999036
[2026-07-10 17:00:14,735][    INFO] Epoch 1/100, iter 7/28, loss 4.2420, encoder LR 0.000998071
[2026-07-10 17:00:15,787][    INFO] Epoch 1/100, iter 10/28, loss 3.5716, encoder LR 0.000997107
[2026-07-10 17:00:16,182][    INFO] Epoch 1/100, iter 13/28, loss 3.1095, encoder LR 0.000996142
[2026-07-10 17:00:16,691][    INFO] Epoch 1/100, iter 16/28, loss 2.9449, encoder LR 0.000995177
[2026-07-10 17:00:17,542][    INFO] Epoch 1/100, iter 19/28, loss 2.8812, encoder LR 0.000994212
[2026-07-10 17:00:18,016][    INFO] Epoch 1/100, iter 22/28, loss 2.9495, encoder LR 0.000993247
[2026-07-10 17:00:19,730][    INFO] Epoch 1/100, iter 25/28, loss 2.7265, encoder LR 0.000992282
[2026-07-10 17:00:24,204][    INFO] Epoch 1/100, iter 28/28, loss 2.5827, encoder LR 0.000991317
[2026-07-10 17:01:13,104][    INFO] Evaluation class [0 background]: IoU 91.35, Dice 95.48
[2026-07-10 17:01:13,104][    INFO] Evaluation class [1 epithelial tissue]: IoU 0.00, Dice 0.00
[2026-07-10 17:01:13,105][    INFO] Evaluation class [2 slough]: IoU 0.00, Dice 0.00
[2026-07-10 17:01:13,105][    INFO] Evaluation class [3 granulation tissue]: IoU 0.00, Dice 0.00
[2026-07-10 17:01:13,105][    INFO] Evaluation class [4 necrotic tissue]: IoU 0.00, Dice 0.00
[2026-07-10 17:01:13,105][    INFO] Evaluation class [5 other]: IoU 0.00, Dice 0.00
[2026-07-10 17:01:13,105][    INFO] Evaluation epoch 0: MeanIoU 15.23, MeanDice 15.91; BEST mIoU 15.23, Dice 15.91 at epoch 0
[2026-07-10 17:01:16,486][    INFO] Epoch 2/100, iter 1/28, loss 1.3836, encoder LR 0.000990995
[2026-07-10 17:01:16,592][    INFO] Epoch 2/100, iter 4/28, loss 1.3877, encoder LR 0.00099003
[2026-07-10 17:01:16,699][    INFO] Epoch 2/100, iter 7/28, loss 1.3309, encoder LR 0.000989065
[2026-07-10 17:01:18,200][    INFO] Epoch 2/100, iter 10/28, loss 1.0500, encoder LR 0.000988099
[2026-07-10 17:01:18,309][    INFO] Epoch 2/100, iter 13/28, loss 0.9302, encoder LR 0.000987134
[2026-07-10 17:01:18,836][    INFO] Epoch 2/100, iter 16/28, loss 1.0561, encoder LR 0.000986168
[2026-07-10 17:01:20,706][    INFO] Epoch 2/100, iter 19/28, loss 0.9116, encoder LR 0.000985202
[2026-07-10 17:01:22,561][    INFO] Epoch 2/100, iter 22/28, loss 0.8015, encoder LR 0.000984236
[2026-07-10 17:01:22,663][    INFO] Epoch 2/100, iter 25/28, loss 0.8146, encoder LR 0.00098327
[2026-07-10 17:01:24,220][    INFO] Epoch 2/100, iter 28/28, loss 0.7869, encoder LR 0.000982304
[2026-07-10 17:01:31,284][    INFO] Evaluation class [0 background]: IoU 91.38, Dice 95.50
[2026-07-10 17:01:31,284][    INFO] Evaluation class [1 epithelial tissue]: IoU 0.08, Dice 0.15
[2026-07-10 17:01:31,284][    INFO] Evaluation class [2 slough]: IoU 0.01, Dice 0.01
[2026-07-10 17:01:31,285][    INFO] Evaluation class [3 granulation tissue]: IoU 0.34, Dice 0.68
[2026-07-10 17:01:31,285][    INFO] Evaluation class [4 necrotic tissue]: IoU 0.03, Dice 0.06
[2026-07-10 17:01:31,285][    INFO] Evaluation class [5 other]: IoU 0.00, Dice 0.00
[2026-07-10 17:01:31,285][    INFO] Evaluation epoch 1: MeanIoU 15.31, MeanDice 16.07; BEST mIoU 15.31, Dice 16.07 at epoch 1
[2026-07-10 17:01:32,290][    INFO] Epoch 3/100, iter 1/28, loss 0.4493, encoder LR 0.000981982
[2026-07-10 17:01:33,676][    INFO] Epoch 3/100, iter 4/28, loss 0.4067, encoder LR 0.000981016
[2026-07-10 17:01:33,969][    INFO] Epoch 3/100, iter 7/28, loss 0.4064, encoder LR 0.000980049
[2026-07-10 17:01:36,489][    INFO] Epoch 3/100, iter 10/28, loss 0.3327, encoder LR 0.000979083
[2026-07-10 17:01:37,193][    INFO] Epoch 3/100, iter 13/28, loss 0.2999, encoder LR 0.000978116
[2026-07-10 17:01:38,204][    INFO] Epoch 3/100, iter 16/28, loss 0.9514, encoder LR 0.000977149
[2026-07-10 17:01:38,317][    INFO] Epoch 3/100, iter 19/28, loss 0.8195, encoder LR 0.000976183
[2026-07-10 17:01:40,883][    INFO] Epoch 3/100, iter 22/28, loss 0.7569, encoder LR 0.000975216
[2026-07-10 17:01:42,245][    INFO] Epoch 3/100, iter 25/28, loss 0.6993, encoder LR 0.000974249
[2026-07-10 17:01:42,621][    INFO] Epoch 3/100, iter 28/28, loss 0.7012, encoder LR 0.000973281
[2026-07-10 17:01:49,699][    INFO] Evaluation class [0 background]: IoU 89.15, Dice 94.26
[2026-07-10 17:01:49,699][    INFO] Evaluation class [1 epithelial tissue]: IoU 0.82, Dice 1.62
[2026-07-10 17:01:49,700][    INFO] Evaluation class [2 slough]: IoU 1.19, Dice 2.34
[2026-07-10 17:01:49,700][    INFO] Evaluation class [3 granulation tissue]: IoU 17.56, Dice 29.88
[2026-07-10 17:01:49,700][    INFO] Evaluation class [4 necrotic tissue]: IoU 0.00, Dice 0.00
[2026-07-10 17:01:49,700][    INFO] Evaluation class [5 other]: IoU 0.00, Dice 0.00
[2026-07-10 17:01:49,701][    INFO] Evaluation epoch 2: MeanIoU 18.12, MeanDice 21.35; BEST mIoU 18.12, Dice 21.35 at epoch 2
[2026-07-10 17:01:52,232][    INFO] Epoch 4/100, iter 1/28, loss 0.2975, encoder LR 0.000972959
[2026-07-10 17:01:52,655][    INFO] Epoch 4/100, iter 4/28, loss 0.3374, encoder LR 0.000971992
[2026-07-10 17:01:54,042][    INFO] Epoch 4/100, iter 7/28, loss 0.3441, encoder LR 0.000971024
[2026-07-10 17:01:55,379][    INFO] Epoch 4/100, iter 10/28, loss 0.2731, encoder LR 0.000970057
[2026-07-10 17:01:55,771][    INFO] Epoch 4/100, iter 13/28, loss 0.2972, encoder LR 0.000969089
[2026-07-10 17:01:55,875][    INFO] Epoch 4/100, iter 16/28, loss 0.3439, encoder LR 0.000968122
[2026-07-10 17:01:57,758][    INFO] Epoch 4/100, iter 19/28, loss 0.3811, encoder LR 0.000967154
[2026-07-10 17:01:57,867][    INFO] Epoch 4/100, iter 22/28, loss 0.3631, encoder LR 0.000966186
[2026-07-10 17:01:58,329][    INFO] Epoch 4/100, iter 25/28, loss 0.5916, encoder LR 0.000965218
[2026-07-10 17:01:58,863][    INFO] Epoch 4/100, iter 28/28, loss 0.5503, encoder LR 0.00096425
[2026-07-10 17:02:05,369][    INFO] Evaluation class [0 background]: IoU 91.53, Dice 95.58
[2026-07-10 17:02:05,369][    INFO] Evaluation class [1 epithelial tissue]: IoU 0.07, Dice 0.14
[2026-07-10 17:02:05,369][    INFO] Evaluation class [2 slough]: IoU 0.00, Dice 0.00
[2026-07-10 17:02:05,370][    INFO] Evaluation class [3 granulation tissue]: IoU 16.20, Dice 27.88
[2026-07-10 17:02:05,370][    INFO] Evaluation class [4 necrotic tissue]: IoU 0.00, Dice 0.00
[2026-07-10 17:02:05,370][    INFO] Evaluation class [5 other]: IoU 0.00, Dice 0.00
[2026-07-10 17:02:05,370][    INFO] Evaluation epoch 3: MeanIoU 17.97, MeanDice 20.60; BEST mIoU 18.12, Dice 21.35 at epoch 2
[2026-07-10 17:02:05,978][    INFO] Epoch 5/100, iter 1/28, loss 0.1746, encoder LR 0.000963927
[2026-07-10 17:02:06,968][    INFO] Epoch 5/100, iter 4/28, loss 0.6983, encoder LR 0.000962959
[2026-07-10 17:02:07,645][    INFO] Epoch 5/100, iter 7/28, loss 0.4397, encoder LR 0.00096199
[2026-07-10 17:02:08,604][    INFO] Epoch 5/100, iter 10/28, loss 0.5890, encoder LR 0.000961022
[2026-07-10 17:02:09,287][    INFO] Epoch 5/100, iter 13/28, loss 0.6399, encoder LR 0.000960053
[2026-07-10 17:02:09,683][    INFO] Epoch 5/100, iter 16/28, loss 0.6118, encoder LR 0.000959084
[2026-07-10 17:02:11,372][    INFO] Epoch 5/100, iter 19/28, loss 0.5546, encoder LR 0.000958116
[2026-07-10 17:02:12,061][    INFO] Epoch 5/100, iter 22/28, loss 0.5434, encoder LR 0.000957147
[2026-07-10 17:02:12,167][    INFO] Epoch 5/100, iter 25/28, loss 0.5207, encoder LR 0.000956178
[2026-07-10 17:02:15,570][    INFO] Epoch 5/100, iter 28/28, loss 0.5066, encoder LR 0.000955208
[2026-07-10 17:02:22,242][    INFO] Evaluation class [0 background]: IoU 91.31, Dice 95.46
[2026-07-10 17:02:22,242][    INFO] Evaluation class [1 epithelial tissue]: IoU 0.03, Dice 0.06
[2026-07-10 17:02:22,242][    INFO] Evaluation class [2 slough]: IoU 0.00, Dice 0.00
[2026-07-10 17:02:22,242][    INFO] Evaluation class [3 granulation tissue]: IoU 0.04, Dice 0.07
[2026-07-10 17:02:22,242][    INFO] Evaluation class [4 necrotic tissue]: IoU 0.00, Dice 0.00
[2026-07-10 17:02:22,242][    INFO] Evaluation class [5 other]: IoU 0.00, Dice 0.00
[2026-07-10 17:02:22,243][    INFO] Evaluation epoch 4: MeanIoU 15.23, MeanDice 15.93; BEST mIoU 18.12, Dice 21.35 at epoch 2
[2026-07-10 17:02:24,330][    INFO] Epoch 6/100, iter 1/28, loss 1.1064, encoder LR 0.000954885
[2026-07-10 17:02:24,432][    INFO] Epoch 6/100, iter 4/28, loss 0.6201, encoder LR 0.000953916
[2026-07-10 17:02:25,103][    INFO] Epoch 6/100, iter 7/28, loss 1.5345, encoder LR 0.000952947
[2026-07-10 17:02:26,857][    INFO] Epoch 6/100, iter 10/28, loss 1.1366, encoder LR 0.000951977
[2026-07-10 17:02:27,737][    INFO] Epoch 6/100, iter 13/28, loss 0.9177, encoder LR 0.000951008
[2026-07-10 17:02:27,844][    INFO] Epoch 6/100, iter 16/28, loss 0.8949, encoder LR 0.000950038
[2026-07-10 17:02:28,821][    INFO] Epoch 6/100, iter 19/28, loss 0.7678, encoder LR 0.000949068
[2026-07-10 17:02:29,563][    INFO] Epoch 6/100, iter 22/28, loss 0.7327, encoder LR 0.000948098
[2026-07-10 17:02:30,097][    INFO] Epoch 6/100, iter 25/28, loss 0.7040, encoder LR 0.000947128
[2026-07-10 17:02:31,206][    INFO] Epoch 6/100, iter 28/28, loss 0.6598, encoder LR 0.000946158
[2026-07-10 17:02:37,821][    INFO] Evaluation class [0 background]: IoU 91.44, Dice 95.53
[2026-07-10 17:02:37,821][    INFO] Evaluation class [1 epithelial tissue]: IoU 0.08, Dice 0.16
[2026-07-10 17:02:37,821][    INFO] Evaluation class [2 slough]: IoU 0.00, Dice 0.00
[2026-07-10 17:02:37,822][    INFO] Evaluation class [3 granulation tissue]: IoU 8.99, Dice 16.50
[2026-07-10 17:02:37,822][    INFO] Evaluation class [4 necrotic tissue]: IoU 0.00, Dice 0.00
[2026-07-10 17:02:37,822][    INFO] Evaluation class [5 other]: IoU 0.00, Dice 0.00
[2026-07-10 17:02:37,822][    INFO] Evaluation epoch 5: MeanIoU 16.75, MeanDice 18.70; BEST mIoU 18.12, Dice 21.35 at epoch 2
[2026-07-10 17:02:38,978][    INFO] Epoch 7/100, iter 1/28, loss 0.2998, encoder LR 0.000945834
[2026-07-10 17:02:40,082][    INFO] Epoch 7/100, iter 4/28, loss 0.3461, encoder LR 0.000944864
[2026-07-10 17:02:40,378][    INFO] Epoch 7/100, iter 7/28, loss 0.2407, encoder LR 0.000943894
[2026-07-10 17:02:41,691][    INFO] Epoch 7/100, iter 10/28, loss 0.2943, encoder LR 0.000942923
[2026-07-10 17:02:42,728][    INFO] Epoch 7/100, iter 13/28, loss 0.3770, encoder LR 0.000941952
[2026-07-10 17:02:43,626][    INFO] Epoch 7/100, iter 16/28, loss 0.4034, encoder LR 0.000940982
[2026-07-10 17:02:43,780][    INFO] Epoch 7/100, iter 19/28, loss 0.3791, encoder LR 0.000940011
[2026-07-10 17:02:44,281][    INFO] Epoch 7/100, iter 22/28, loss 0.3915, encoder LR 0.00093904
[2026-07-10 17:02:46,479][    INFO] Epoch 7/100, iter 25/28, loss 0.3631, encoder LR 0.000938069
[2026-07-10 17:02:47,464][    INFO] Epoch 7/100, iter 28/28, loss 0.3461, encoder LR 0.000937097
[2026-07-10 17:02:54,424][    INFO] Evaluation class [0 background]: IoU 91.34, Dice 95.47
[2026-07-10 17:02:54,424][    INFO] Evaluation class [1 epithelial tissue]: IoU 0.02, Dice 0.04
[2026-07-10 17:02:54,425][    INFO] Evaluation class [2 slough]: IoU 0.00, Dice 0.00
[2026-07-10 17:02:54,425][    INFO] Evaluation class [3 granulation tissue]: IoU 0.94, Dice 1.86
[2026-07-10 17:02:54,425][    INFO] Evaluation class [4 necrotic tissue]: IoU 0.00, Dice 0.00
[2026-07-10 17:02:54,425][    INFO] Evaluation class [5 other]: IoU 0.00, Dice 0.00
[2026-07-10 17:02:54,425][    INFO] Evaluation epoch 6: MeanIoU 15.38, MeanDice 16.23; BEST mIoU 18.12, Dice 21.35 at epoch 2
[2026-07-10 17:02:55,942][    INFO] Epoch 8/100, iter 1/28, loss 0.5396, encoder LR 0.000936774
[2026-07-10 17:02:56,234][    INFO] Epoch 8/100, iter 4/28, loss 0.3976, encoder LR 0.000935802
[2026-07-10 17:02:56,826][    INFO] Epoch 8/100, iter 7/28, loss 0.4279, encoder LR 0.000934831
[2026-07-10 17:02:57,108][    INFO] Epoch 8/100, iter 10/28, loss 0.4744, encoder LR 0.000933859
[2026-07-10 17:02:58,553][    INFO] Epoch 8/100, iter 13/28, loss 0.4600, encoder LR 0.000932887
[2026-07-10 17:02:58,665][    INFO] Epoch 8/100, iter 16/28, loss 0.4406, encoder LR 0.000931916
[2026-07-10 17:02:59,026][    INFO] Epoch 8/100, iter 19/28, loss 0.4927, encoder LR 0.000930944
[2026-07-10 17:02:59,714][    INFO] Epoch 8/100, iter 22/28, loss 0.4737, encoder LR 0.000929972
[2026-07-10 17:03:01,343][    INFO] Epoch 8/100, iter 25/28, loss 0.4459, encoder LR 0.000929
[2026-07-10 17:03:02,202][    INFO] Epoch 8/100, iter 28/28, loss 0.4268, encoder LR 0.000928027
[2026-07-10 17:03:08,913][    INFO] Evaluation class [0 background]: IoU 91.32, Dice 95.46
[2026-07-10 17:03:08,913][    INFO] Evaluation class [1 epithelial tissue]: IoU 0.28, Dice 0.55
[2026-07-10 17:03:08,913][    INFO] Evaluation class [2 slough]: IoU 0.00, Dice 0.00
[2026-07-10 17:03:08,913][    INFO] Evaluation class [3 granulation tissue]: IoU 4.39, Dice 8.41
[2026-07-10 17:03:08,914][    INFO] Evaluation class [4 necrotic tissue]: IoU 0.00, Dice 0.00
[2026-07-10 17:03:08,914][    INFO] Evaluation class [5 other]: IoU 0.00, Dice 0.00
[2026-07-10 17:03:08,914][    INFO] Evaluation epoch 7: MeanIoU 16.00, MeanDice 17.40; BEST mIoU 18.12, Dice 21.35 at epoch 2
[2026-07-10 17:03:09,516][    INFO] Epoch 9/100, iter 1/28, loss 0.6001, encoder LR 0.000927703
[2026-07-10 17:03:10,217][    INFO] Epoch 9/100, iter 4/28, loss 0.8169, encoder LR 0.000926731
[2026-07-10 17:03:10,595][    INFO] Epoch 9/100, iter 7/28, loss 0.6928, encoder LR 0.000925758
[2026-07-10 17:03:11,566][    INFO] Epoch 9/100, iter 10/28, loss 0.5463, encoder LR 0.000924786
[2026-07-10 17:03:12,060][    INFO] Epoch 9/100, iter 13/28, loss 0.5160, encoder LR 0.000923813
[2026-07-10 17:03:12,800][    INFO] Epoch 9/100, iter 16/28, loss 0.4786, encoder LR 0.00092284
[2026-07-10 17:03:14,077][    INFO] Epoch 9/100, iter 19/28, loss 0.4650, encoder LR 0.000921867
[2026-07-10 17:03:15,611][    INFO] Epoch 9/100, iter 22/28, loss 0.5138, encoder LR 0.000920894
[2026-07-10 17:03:15,715][    INFO] Epoch 9/100, iter 25/28, loss 0.5124, encoder LR 0.000919921
[2026-07-10 17:03:16,407][    INFO] Epoch 9/100, iter 28/28, loss 0.4993, encoder LR 0.000918947
[2026-07-10 17:03:23,273][    INFO] Evaluation class [0 background]: IoU 91.82, Dice 95.74
[2026-07-10 17:03:23,273][    INFO] Evaluation class [1 epithelial tissue]: IoU 0.14, Dice 0.28
[2026-07-10 17:03:23,274][    INFO] Evaluation class [2 slough]: IoU 0.00, Dice 0.00
[2026-07-10 17:03:23,274][    INFO] Evaluation class [3 granulation tissue]: IoU 27.39, Dice 43.00
[2026-07-10 17:03:23,274][    INFO] Evaluation class [4 necrotic tissue]: IoU 0.00, Dice 0.00
[2026-07-10 17:03:23,274][    INFO] Evaluation class [5 other]: IoU 0.00, Dice 0.00
[2026-07-10 17:03:23,275][    INFO] Evaluation epoch 8: MeanIoU 19.89, MeanDice 23.17; BEST mIoU 19.89, Dice 23.17 at epoch 8
[2026-07-10 17:03:24,481][    INFO] Epoch 10/100, iter 1/28, loss 0.5912, encoder LR 0.000918623
[2026-07-10 17:03:25,409][    INFO] Epoch 10/100, iter 4/28, loss 0.5445, encoder LR 0.000917649
[2026-07-10 17:03:27,769][    INFO] Epoch 10/100, iter 7/28, loss 0.8214, encoder LR 0.000916676
[2026-07-10 17:03:28,271][    INFO] Epoch 10/100, iter 10/28, loss 0.7313, encoder LR 0.000915702
[2026-07-10 17:03:28,380][    INFO] Epoch 10/100, iter 13/28, loss 0.6562, encoder LR 0.000914728
[2026-07-10 17:03:28,820][    INFO] Epoch 10/100, iter 16/28, loss 0.6177, encoder LR 0.000913754
[2026-07-10 17:03:28,928][    INFO] Epoch 10/100, iter 19/28, loss 0.5709, encoder LR 0.00091278
[2026-07-10 17:03:30,152][    INFO] Epoch 10/100, iter 22/28, loss 0.5786, encoder LR 0.000911806
[2026-07-10 17:03:32,246][    INFO] Epoch 10/100, iter 25/28, loss 0.5311, encoder LR 0.000910832
[2026-07-10 17:03:32,633][    INFO] Epoch 10/100, iter 28/28, loss 0.5513, encoder LR 0.000909857
[2026-07-10 17:03:39,374][    INFO] Evaluation class [0 background]: IoU 91.56, Dice 95.59
[2026-07-10 17:03:39,374][    INFO] Evaluation class [1 epithelial tissue]: IoU 0.37, Dice 0.75
[2026-07-10 17:03:39,375][    INFO] Evaluation class [2 slough]: IoU 0.00, Dice 0.00
[2026-07-10 17:03:39,375][    INFO] Evaluation class [3 granulation tissue]: IoU 13.16, Dice 23.25
[2026-07-10 17:03:39,375][    INFO] Evaluation class [4 necrotic tissue]: IoU 0.00, Dice 0.00
[2026-07-10 17:03:39,375][    INFO] Evaluation class [5 other]: IoU 0.00, Dice 0.00
[2026-07-10 17:03:39,375][    INFO] Evaluation epoch 9: MeanIoU 17.52, MeanDice 19.93; BEST mIoU 19.89, Dice 23.17 at epoch 8
[2026-07-10 17:03:40,972][    INFO] Epoch 11/100, iter 1/28, loss 0.2231, encoder LR 0.000909533
[2026-07-10 17:03:41,914][    INFO] Epoch 11/100, iter 4/28, loss 0.4483, encoder LR 0.000908558
[2026-07-10 17:03:43,009][    INFO] Epoch 11/100, iter 7/28, loss 0.5794, encoder LR 0.000907583
[2026-07-10 17:03:43,365][    INFO] Epoch 11/100, iter 10/28, loss 1.3006, encoder LR 0.000906609
[2026-07-10 17:03:44,287][    INFO] Epoch 11/100, iter 13/28, loss 1.1082, encoder LR 0.000905634
[2026-07-10 17:03:45,744][    INFO] Epoch 11/100, iter 16/28, loss 1.0493, encoder LR 0.000904659
[2026-07-10 17:03:46,816][    INFO] Epoch 11/100, iter 19/28, loss 0.9164, encoder LR 0.000903683
[2026-07-10 17:03:47,623][    INFO] Epoch 11/100, iter 22/28, loss 0.8354, encoder LR 0.000902708
[2026-07-10 17:03:48,155][    INFO] Epoch 11/100, iter 25/28, loss 0.7855, encoder LR 0.000901733
[2026-07-10 17:03:49,478][    INFO] Epoch 11/100, iter 28/28, loss 0.7534, encoder LR 0.000900757
[2026-07-10 17:03:56,312][    INFO] Evaluation class [0 background]: IoU 90.70, Dice 95.12
[2026-07-10 17:03:56,312][    INFO] Evaluation class [1 epithelial tissue]: IoU 0.83, Dice 1.66
[2026-07-10 17:03:56,312][    INFO] Evaluation class [2 slough]: IoU 0.00, Dice 0.00
[2026-07-10 17:03:56,313][    INFO] Evaluation class [3 granulation tissue]: IoU 3.82, Dice 7.36
[2026-07-10 17:03:56,313][    INFO] Evaluation class [4 necrotic tissue]: IoU 0.00, Dice 0.00
[2026-07-10 17:03:56,313][    INFO] Evaluation class [5 other]: IoU 0.00, Dice 0.00
[2026-07-10 17:03:56,313][    INFO] Evaluation epoch 10: MeanIoU 15.89, MeanDice 17.36; BEST mIoU 19.89, Dice 23.17 at epoch 8
[2026-07-10 17:03:58,046][    INFO] Epoch 12/100, iter 1/28, loss 0.4970, encoder LR 0.000900432
[2026-07-10 17:03:58,190][    INFO] Epoch 12/100, iter 4/28, loss 0.5215, encoder LR 0.000899457
[2026-07-10 17:03:58,815][    INFO] Epoch 12/100, iter 7/28, loss 0.3742, encoder LR 0.000898481
[2026-07-10 17:04:00,224][    INFO] Epoch 12/100, iter 10/28, loss 0.3571, encoder LR 0.000897505
[2026-07-10 17:04:00,328][    INFO] Epoch 12/100, iter 13/28, loss 0.3136, encoder LR 0.000896529
[2026-07-10 17:04:00,663][    INFO] Epoch 12/100, iter 16/28, loss 0.3063, encoder LR 0.000895553
[2026-07-10 17:04:01,729][    INFO] Epoch 12/100, iter 19/28, loss 0.3006, encoder LR 0.000894577
[2026-07-10 17:04:03,115][    INFO] Epoch 12/100, iter 22/28, loss 0.2690, encoder LR 0.0008936
[2026-07-10 17:04:05,257][    INFO] Epoch 12/100, iter 25/28, loss 0.3231, encoder LR 0.000892624
[2026-07-10 17:04:05,356][    INFO] Epoch 12/100, iter 28/28, loss 0.3456, encoder LR 0.000891647
[2026-07-10 17:04:12,253][    INFO] Evaluation class [0 background]: IoU 91.12, Dice 95.35
[2026-07-10 17:04:12,253][    INFO] Evaluation class [1 epithelial tissue]: IoU 0.56, Dice 1.12
[2026-07-10 17:04:12,254][    INFO] Evaluation class [2 slough]: IoU 0.00, Dice 0.00
[2026-07-10 17:04:12,254][    INFO] Evaluation class [3 granulation tissue]: IoU 14.71, Dice 25.65
[2026-07-10 17:04:12,254][    INFO] Evaluation class [4 necrotic tissue]: IoU 0.00, Dice 0.00
[2026-07-10 17:04:12,254][    INFO] Evaluation class [5 other]: IoU 0.00, Dice 0.00
[2026-07-10 17:04:12,254][    INFO] Evaluation epoch 11: MeanIoU 17.73, MeanDice 20.35; BEST mIoU 19.89, Dice 23.17 at epoch 8
[2026-07-10 17:04:13,617][    INFO] Epoch 13/100, iter 1/28, loss 0.1033, encoder LR 0.000891322
[2026-07-10 17:04:13,723][    INFO] Epoch 13/100, iter 4/28, loss 0.3637, encoder LR 0.000890345
[2026-07-10 17:04:14,650][    INFO] Epoch 13/100, iter 7/28, loss 0.6336, encoder LR 0.000889368
[2026-07-10 17:04:16,361][    INFO] Epoch 13/100, iter 10/28, loss 1.0296, encoder LR 0.000888391
[2026-07-10 17:04:17,389][    INFO] Epoch 13/100, iter 13/28, loss 0.8670, encoder LR 0.000887414
[2026-07-10 17:04:17,493][    INFO] Epoch 13/100, iter 16/28, loss 0.7953, encoder LR 0.000886437
[2026-07-10 17:04:18,890][    INFO] Epoch 13/100, iter 19/28, loss 0.7191, encoder LR 0.000885459
[2026-07-10 17:04:19,882][    INFO] Epoch 13/100, iter 22/28, loss 0.6768, encoder LR 0.000884482
[2026-07-10 17:04:21,272][    INFO] Epoch 13/100, iter 25/28, loss 0.6234, encoder LR 0.000883504
[2026-07-10 17:04:21,374][    INFO] Epoch 13/100, iter 28/28, loss 0.6531, encoder LR 0.000882526
[2026-07-10 17:04:28,214][    INFO] Evaluation class [0 background]: IoU 87.08, Dice 93.09
[2026-07-10 17:04:28,215][    INFO] Evaluation class [1 epithelial tissue]: IoU 1.58, Dice 3.11
[2026-07-10 17:04:28,215][    INFO] Evaluation class [2 slough]: IoU 0.00, Dice 0.00
[2026-07-10 17:04:28,215][    INFO] Evaluation class [3 granulation tissue]: IoU 2.71, Dice 5.27
[2026-07-10 17:04:28,215][    INFO] Evaluation class [4 necrotic tissue]: IoU 0.00, Dice 0.00
[2026-07-10 17:04:28,215][    INFO] Evaluation class [5 other]: IoU 0.00, Dice 0.00
[2026-07-10 17:04:28,216][    INFO] Evaluation epoch 12: MeanIoU 15.23, MeanDice 16.91; BEST mIoU 19.89, Dice 23.17 at epoch 8
[2026-07-10 17:04:29,092][    INFO] Epoch 14/100, iter 1/28, loss 0.5462, encoder LR 0.000882201
[2026-07-10 17:04:29,599][    INFO] Epoch 14/100, iter 4/28, loss 0.4062, encoder LR 0.000881223
[2026-07-10 17:04:30,493][    INFO] Epoch 14/100, iter 7/28, loss 0.5396, encoder LR 0.000880245
[2026-07-10 17:04:31,574][    INFO] Epoch 14/100, iter 10/28, loss 0.4537, encoder LR 0.000879267
[2026-07-10 17:04:32,686][    INFO] Epoch 14/100, iter 13/28, loss 0.4538, encoder LR 0.000878288
[2026-07-10 17:04:32,808][    INFO] Epoch 14/100, iter 16/28, loss 0.4740, encoder LR 0.00087731
[2026-07-10 17:04:33,324][    INFO] Epoch 14/100, iter 19/28, loss 0.5311, encoder LR 0.000876332
[2026-07-10 17:04:35,150][    INFO] Epoch 14/100, iter 22/28, loss 0.4998, encoder LR 0.000875353
[2026-07-10 17:04:35,531][    INFO] Epoch 14/100, iter 25/28, loss 0.5141, encoder LR 0.000874374
[2026-07-10 17:04:36,190][    INFO] Epoch 14/100, iter 28/28, loss 0.4992, encoder LR 0.000873395
[2026-07-10 17:04:43,100][    INFO] Evaluation class [0 background]: IoU 91.36, Dice 95.48
[2026-07-10 17:04:43,100][    INFO] Evaluation class [1 epithelial tissue]: IoU 0.25, Dice 0.50
[2026-07-10 17:04:43,100][    INFO] Evaluation class [2 slough]: IoU 0.00, Dice 0.00
[2026-07-10 17:04:43,100][    INFO] Evaluation class [3 granulation tissue]: IoU 9.15, Dice 16.77
[2026-07-10 17:04:43,100][    INFO] Evaluation class [4 necrotic tissue]: IoU 0.00, Dice 0.00
[2026-07-10 17:04:43,101][    INFO] Evaluation class [5 other]: IoU 0.00, Dice 0.00
[2026-07-10 17:04:43,101][    INFO] Evaluation epoch 13: MeanIoU 16.79, MeanDice 18.79; BEST mIoU 19.89, Dice 23.17 at epoch 8
[2026-07-10 17:04:43,661][    INFO] Epoch 15/100, iter 1/28, loss 0.8802, encoder LR 0.000873069
[2026-07-10 17:04:44,624][    INFO] Epoch 15/100, iter 4/28, loss 0.3422, encoder LR 0.00087209
[2026-07-10 17:04:45,696][    INFO] Epoch 15/100, iter 7/28, loss 0.4427, encoder LR 0.000871111
[2026-07-10 17:04:46,629][    INFO] Epoch 15/100, iter 10/28, loss 0.4377, encoder LR 0.000870132
[2026-07-10 17:04:47,608][    INFO] Epoch 15/100, iter 13/28, loss 0.4583, encoder LR 0.000869152
[2026-07-10 17:04:48,657][    INFO] Epoch 15/100, iter 16/28, loss 0.4888, encoder LR 0.000868173
[2026-07-10 17:04:48,762][    INFO] Epoch 15/100, iter 19/28, loss 0.6430, encoder LR 0.000867193
[2026-07-10 17:04:49,038][    INFO] Epoch 15/100, iter 22/28, loss 0.6103, encoder LR 0.000866214
[2026-07-10 17:04:49,989][    INFO] Epoch 15/100, iter 25/28, loss 0.5844, encoder LR 0.000865234
[2026-07-10 17:04:50,327][    INFO] Epoch 15/100, iter 28/28, loss 0.5409, encoder LR 0.000864254
[2026-07-10 17:04:57,042][    INFO] Evaluation class [0 background]: IoU 89.06, Dice 94.21
[2026-07-10 17:04:57,042][    INFO] Evaluation class [1 epithelial tissue]: IoU 0.43, Dice 0.85
[2026-07-10 17:04:57,043][    INFO] Evaluation class [2 slough]: IoU 0.00, Dice 0.00
[2026-07-10 17:04:57,043][    INFO] Evaluation class [3 granulation tissue]: IoU 6.67, Dice 12.51
[2026-07-10 17:04:57,043][    INFO] Evaluation class [4 necrotic tissue]: IoU 0.00, Dice 0.00
[2026-07-10 17:04:57,043][    INFO] Evaluation class [5 other]: IoU 0.00, Dice 0.00
[2026-07-10 17:04:57,043][    INFO] Evaluation epoch 14: MeanIoU 16.03, MeanDice 17.93; BEST mIoU 19.89, Dice 23.17 at epoch 8
[2026-07-10 17:04:58,550][    INFO] Epoch 16/100, iter 1/28, loss 0.1117, encoder LR 0.000863927
[2026-07-10 17:04:59,242][    INFO] Epoch 16/100, iter 4/28, loss 0.2587, encoder LR 0.000862947
[2026-07-10 17:05:00,357][    INFO] Epoch 16/100, iter 7/28, loss 0.2507, encoder LR 0.000861967
[2026-07-10 17:05:00,609][    INFO] Epoch 16/100, iter 10/28, loss 0.2268, encoder LR 0.000860986
[2026-07-10 17:05:01,315][    INFO] Epoch 16/100, iter 13/28, loss 0.5218, encoder LR 0.000860006
[2026-07-10 17:05:01,853][    INFO] Epoch 16/100, iter 16/28, loss 0.4486, encoder LR 0.000859025
[2026-07-10 17:05:02,791][    INFO] Epoch 16/100, iter 19/28, loss 0.4993, encoder LR 0.000858044
[2026-07-10 17:05:03,848][    INFO] Epoch 16/100, iter 22/28, loss 0.5018, encoder LR 0.000857063
[2026-07-10 17:05:05,066][    INFO] Epoch 16/100, iter 25/28, loss 0.4741, encoder LR 0.000856082
[2026-07-10 17:05:05,571][    INFO] Epoch 16/100, iter 28/28, loss 0.5175, encoder LR 0.000855101
[2026-07-10 17:05:12,955][    INFO] Evaluation class [0 background]: IoU 91.48, Dice 95.55
[2026-07-10 17:05:12,956][    INFO] Evaluation class [1 epithelial tissue]: IoU 0.37, Dice 0.73
[2026-07-10 17:05:12,956][    INFO] Evaluation class [2 slough]: IoU 0.00, Dice 0.00
[2026-07-10 17:05:12,956][    INFO] Evaluation class [3 granulation tissue]: IoU 15.33, Dice 26.59
[2026-07-10 17:05:12,956][    INFO] Evaluation class [4 necrotic tissue]: IoU 0.00, Dice 0.00
[2026-07-10 17:05:12,956][    INFO] Evaluation class [5 other]: IoU 0.00, Dice 0.00
[2026-07-10 17:05:12,956][    INFO] Evaluation epoch 15: MeanIoU 17.86, MeanDice 20.48; BEST mIoU 19.89, Dice 23.17 at epoch 8
[2026-07-10 17:05:14,026][    INFO] Epoch 17/100, iter 1/28, loss 0.3811, encoder LR 0.000854774
[2026-07-10 17:05:15,111][    INFO] Epoch 17/100, iter 4/28, loss 0.4084, encoder LR 0.000853793
[2026-07-10 17:05:16,409][    INFO] Epoch 17/100, iter 7/28, loss 0.6783, encoder LR 0.000852811
[2026-07-10 17:05:16,513][    INFO] Epoch 17/100, iter 10/28, loss 0.5745, encoder LR 0.00085183
[2026-07-10 17:05:17,325][    INFO] Epoch 17/100, iter 13/28, loss 0.5272, encoder LR 0.000850848
[2026-07-10 17:05:18,893][    INFO] Epoch 17/100, iter 16/28, loss 0.6092, encoder LR 0.000849866
[2026-07-10 17:05:19,470][    INFO] Epoch 17/100, iter 19/28, loss 0.5440, encoder LR 0.000848884
[2026-07-10 17:05:19,574][    INFO] Epoch 17/100, iter 22/28, loss 0.5135, encoder LR 0.000847902
[2026-07-10 17:05:20,128][    INFO] Epoch 17/100, iter 25/28, loss 0.4744, encoder LR 0.00084692
[2026-07-10 17:05:21,564][    INFO] Epoch 17/100, iter 28/28, loss 0.5093, encoder LR 0.000845938
[2026-07-10 17:05:28,388][    INFO] Evaluation class [0 background]: IoU 91.39, Dice 95.50
[2026-07-10 17:05:28,389][    INFO] Evaluation class [1 epithelial tissue]: IoU 0.03, Dice 0.06
[2026-07-10 17:05:28,389][    INFO] Evaluation class [2 slough]: IoU 0.00, Dice 0.00
[2026-07-10 17:05:28,389][    INFO] Evaluation class [3 granulation tissue]: IoU 2.13, Dice 4.17
[2026-07-10 17:05:28,389][    INFO] Evaluation class [4 necrotic tissue]: IoU 0.00, Dice 0.00
[2026-07-10 17:05:28,389][    INFO] Evaluation class [5 other]: IoU 0.00, Dice 0.00
[2026-07-10 17:05:28,390][    INFO] Evaluation epoch 16: MeanIoU 15.59, MeanDice 16.62; BEST mIoU 19.89, Dice 23.17 at epoch 8
[2026-07-10 17:05:29,695][    INFO] Epoch 18/100, iter 1/28, loss 0.0819, encoder LR 0.00084561
[2026-07-10 17:05:30,513][    INFO] Epoch 18/100, iter 4/28, loss 0.2596, encoder LR 0.000844628
[2026-07-10 17:05:31,839][    INFO] Epoch 18/100, iter 7/28, loss 0.3287, encoder LR 0.000843645
[2026-07-10 17:05:31,947][    INFO] Epoch 18/100, iter 10/28, loss 0.3694, encoder LR 0.000842663
[2026-07-10 17:05:32,052][    INFO] Epoch 18/100, iter 13/28, loss 0.3663, encoder LR 0.00084168
[2026-07-10 17:05:33,192][    INFO] Epoch 18/100, iter 16/28, loss 0.3759, encoder LR 0.000840697
[2026-07-10 17:05:35,636][    INFO] Epoch 18/100, iter 19/28, loss 0.4198, encoder LR 0.000839714
[2026-07-10 17:05:36,845][    INFO] Epoch 18/100, iter 22/28, loss 0.4196, encoder LR 0.00083873
[2026-07-10 17:05:36,948][    INFO] Epoch 18/100, iter 25/28, loss 0.4094, encoder LR 0.000837747
[2026-07-10 17:05:38,115][    INFO] Epoch 18/100, iter 28/28, loss 0.4098, encoder LR 0.000836763
[2026-07-10 17:05:44,996][    INFO] Evaluation class [0 background]: IoU 91.42, Dice 95.52
[2026-07-10 17:05:44,996][    INFO] Evaluation class [1 epithelial tissue]: IoU 0.04, Dice 0.09
[2026-07-10 17:05:44,997][    INFO] Evaluation class [2 slough]: IoU 0.00, Dice 0.00
[2026-07-10 17:05:44,997][    INFO] Evaluation class [3 granulation tissue]: IoU 3.40, Dice 6.58
[2026-07-10 17:05:44,997][    INFO] Evaluation class [4 necrotic tissue]: IoU 0.00, Dice 0.00
[2026-07-10 17:05:44,997][    INFO] Evaluation class [5 other]: IoU 0.00, Dice 0.00
[2026-07-10 17:05:44,997][    INFO] Evaluation epoch 17: MeanIoU 15.81, MeanDice 17.03; BEST mIoU 19.89, Dice 23.17 at epoch 8
[2026-07-10 17:05:46,229][    INFO] Epoch 19/100, iter 1/28, loss 0.4573, encoder LR 0.000836436
[2026-07-10 17:05:47,149][    INFO] Epoch 19/100, iter 4/28, loss 0.2736, encoder LR 0.000835452
[2026-07-10 17:05:47,700][    INFO] Epoch 19/100, iter 7/28, loss 1.1011, encoder LR 0.000834468
[2026-07-10 17:05:47,897][    INFO] Epoch 19/100, iter 10/28, loss 0.9366, encoder LR 0.000833484
[2026-07-10 17:05:48,711][    INFO] Epoch 19/100, iter 13/28, loss 0.8246, encoder LR 0.0008325
[2026-07-10 17:05:49,015][    INFO] Epoch 19/100, iter 16/28, loss 0.7284, encoder LR 0.000831516
[2026-07-10 17:05:49,847][    INFO] Epoch 19/100, iter 19/28, loss 0.6423, encoder LR 0.000830532
[2026-07-10 17:05:50,124][    INFO] Epoch 19/100, iter 22/28, loss 0.6430, encoder LR 0.000829547
[2026-07-10 17:05:51,814][    INFO] Epoch 19/100, iter 25/28, loss 0.5969, encoder LR 0.000828562
[2026-07-10 17:05:52,209][    INFO] Epoch 19/100, iter 28/28, loss 0.6677, encoder LR 0.000827578
[2026-07-10 17:05:59,074][    INFO] Evaluation class [0 background]: IoU 91.42, Dice 95.52
[2026-07-10 17:05:59,075][    INFO] Evaluation class [1 epithelial tissue]: IoU 0.13, Dice 0.27
[2026-07-10 17:05:59,075][    INFO] Evaluation class [2 slough]: IoU 0.00, Dice 0.00
[2026-07-10 17:05:59,075][    INFO] Evaluation class [3 granulation tissue]: IoU 13.86, Dice 24.35
[2026-07-10 17:05:59,075][    INFO] Evaluation class [4 necrotic tissue]: IoU 0.00, Dice 0.00
[2026-07-10 17:05:59,075][    INFO] Evaluation class [5 other]: IoU 0.00, Dice 0.00
[2026-07-10 17:05:59,076][    INFO] Evaluation epoch 18: MeanIoU 17.57, MeanDice 20.02; BEST mIoU 19.89, Dice 23.17 at epoch 8
[2026-07-10 17:06:01,702][    INFO] Epoch 20/100, iter 1/28, loss 0.1202, encoder LR 0.00082725
[2026-07-10 17:06:01,808][    INFO] Epoch 20/100, iter 4/28, loss 0.2413, encoder LR 0.000826265
[2026-07-10 17:06:02,524][    INFO] Epoch 20/100, iter 7/28, loss 0.2517, encoder LR 0.00082528
[2026-07-10 17:06:03,967][    INFO] Epoch 20/100, iter 10/28, loss 0.2336, encoder LR 0.000824294
[2026-07-10 17:06:04,643][    INFO] Epoch 20/100, iter 13/28, loss 0.2493, encoder LR 0.000823309
[2026-07-10 17:06:04,750][    INFO] Epoch 20/100, iter 16/28, loss 0.2461, encoder LR 0.000822324
[2026-07-10 17:06:05,620][    INFO] Epoch 20/100, iter 19/28, loss 0.2688, encoder LR 0.000821338
[2026-07-10 17:06:07,466][    INFO] Epoch 20/100, iter 22/28, loss 0.2444, encoder LR 0.000820353
[2026-07-10 17:06:07,724][    INFO] Epoch 20/100, iter 25/28, loss 0.2506, encoder LR 0.000819367
[2026-07-10 17:06:07,841][    INFO] Epoch 20/100, iter 28/28, loss 0.2364, encoder LR 0.000818381
[2026-07-10 17:06:14,799][    INFO] Evaluation class [0 background]: IoU 91.35, Dice 95.48
[2026-07-10 17:06:14,799][    INFO] Evaluation class [1 epithelial tissue]: IoU 0.02, Dice 0.03
[2026-07-10 17:06:14,800][    INFO] Evaluation class [2 slough]: IoU 0.00, Dice 0.00
[2026-07-10 17:06:14,800][    INFO] Evaluation class [3 granulation tissue]: IoU 0.00, Dice 0.00
[2026-07-10 17:06:14,800][    INFO] Evaluation class [4 necrotic tissue]: IoU 0.00, Dice 0.00
[2026-07-10 17:06:14,800][    INFO] Evaluation class [5 other]: IoU 0.00, Dice 0.00
[2026-07-10 17:06:14,800][    INFO] Evaluation epoch 19: MeanIoU 15.23, MeanDice 15.92; BEST mIoU 19.89, Dice 23.17 at epoch 8
[2026-07-10 17:06:15,378][    INFO] Epoch 21/100, iter 1/28, loss 0.5906, encoder LR 0.000818052
[2026-07-10 17:06:18,738][    INFO] Epoch 21/100, iter 4/28, loss 0.4190, encoder LR 0.000817066
[2026-07-10 17:06:20,127][    INFO] Epoch 21/100, iter 7/28, loss 0.3446, encoder LR 0.00081608
[2026-07-10 17:06:22,169][    INFO] Epoch 21/100, iter 10/28, loss 0.3380, encoder LR 0.000815093
[2026-07-10 17:06:22,276][    INFO] Epoch 21/100, iter 13/28, loss 0.3608, encoder LR 0.000814107
[2026-07-10 17:06:23,391][    INFO] Epoch 21/100, iter 16/28, loss 0.3212, encoder LR 0.00081312
[2026-07-10 17:06:23,499][    INFO] Epoch 21/100, iter 19/28, loss 0.3222, encoder LR 0.000812133
[2026-07-10 17:06:25,065][    INFO] Epoch 21/100, iter 22/28, loss 0.2905, encoder LR 0.000811147
[2026-07-10 17:06:25,162][    INFO] Epoch 21/100, iter 25/28, loss 0.2672, encoder LR 0.00081016
[2026-07-10 17:06:26,595][    INFO] Epoch 21/100, iter 28/28, loss 0.2527, encoder LR 0.000809172
[2026-07-10 17:06:33,306][    INFO] Evaluation class [0 background]: IoU 91.35, Dice 95.48
[2026-07-10 17:06:33,307][    INFO] Evaluation class [1 epithelial tissue]: IoU 0.00, Dice 0.00
[2026-07-10 17:06:33,307][    INFO] Evaluation class [2 slough]: IoU 0.00, Dice 0.00
[2026-07-10 17:06:33,307][    INFO] Evaluation class [3 granulation tissue]: IoU 0.00, Dice 0.00
[2026-07-10 17:06:33,307][    INFO] Evaluation class [4 necrotic tissue]: IoU 0.00, Dice 0.00
[2026-07-10 17:06:33,307][    INFO] Evaluation class [5 other]: IoU 0.00, Dice 0.00
[2026-07-10 17:06:33,307][    INFO] Evaluation epoch 20: MeanIoU 15.23, MeanDice 15.91; BEST mIoU 19.89, Dice 23.17 at epoch 8
[2026-07-10 17:06:34,879][    INFO] Epoch 22/100, iter 1/28, loss 0.1608, encoder LR 0.000808843
[2026-07-10 17:06:34,987][    INFO] Epoch 22/100, iter 4/28, loss 0.0797, encoder LR 0.000807856
[2026-07-10 17:06:36,322][    INFO] Epoch 22/100, iter 7/28, loss 0.1855, encoder LR 0.000806868
[2026-07-10 17:06:36,448][    INFO] Epoch 22/100, iter 10/28, loss 0.1737, encoder LR 0.000805881
[2026-07-10 17:06:36,960][    INFO] Epoch 22/100, iter 13/28, loss 0.1655, encoder LR 0.000804893
[2026-07-10 17:06:37,698][    INFO] Epoch 22/100, iter 16/28, loss 0.2431, encoder LR 0.000803905
[2026-07-10 17:06:38,795][    INFO] Epoch 22/100, iter 19/28, loss 0.2518, encoder LR 0.000802917
[2026-07-10 17:06:39,969][    INFO] Epoch 22/100, iter 22/28, loss 0.2579, encoder LR 0.000801929
[2026-07-10 17:06:40,893][    INFO] Epoch 22/100, iter 25/28, loss 0.2632, encoder LR 0.000800941
[2026-07-10 17:06:40,989][    INFO] Epoch 22/100, iter 28/28, loss 0.2467, encoder LR 0.000799952
[2026-07-10 17:06:48,154][    INFO] Evaluation class [0 background]: IoU 91.61, Dice 95.62
[2026-07-10 17:06:48,154][    INFO] Evaluation class [1 epithelial tissue]: IoU 0.00, Dice 0.00
[2026-07-10 17:06:48,155][    INFO] Evaluation class [2 slough]: IoU 0.00, Dice 0.00
[2026-07-10 17:06:48,155][    INFO] Evaluation class [3 granulation tissue]: IoU 21.88, Dice 35.91
[2026-07-10 17:06:48,155][    INFO] Evaluation class [4 necrotic tissue]: IoU 0.00, Dice 0.00
[2026-07-10 17:06:48,155][    INFO] Evaluation class [5 other]: IoU 0.00, Dice 0.00
[2026-07-10 17:06:48,155][    INFO] Evaluation epoch 21: MeanIoU 18.92, MeanDice 21.92; BEST mIoU 19.89, Dice 23.17 at epoch 8
[2026-07-10 17:06:50,080][    INFO] Epoch 23/100, iter 1/28, loss 1.1381, encoder LR 0.000799623
[2026-07-10 17:06:50,185][    INFO] Epoch 23/100, iter 4/28, loss 0.8042, encoder LR 0.000798634
[2026-07-10 17:06:51,105][    INFO] Epoch 23/100, iter 7/28, loss 0.6768, encoder LR 0.000797645
[2026-07-10 17:06:52,054][    INFO] Epoch 23/100, iter 10/28, loss 0.6416, encoder LR 0.000796657
[2026-07-10 17:06:52,612][    INFO] Epoch 23/100, iter 13/28, loss 0.6494, encoder LR 0.000795667
[2026-07-10 17:06:53,078][    INFO] Epoch 23/100, iter 16/28, loss 0.5842, encoder LR 0.000794678
[2026-07-10 17:06:54,273][    INFO] Epoch 23/100, iter 19/28, loss 0.5296, encoder LR 0.000793689
[2026-07-10 17:06:54,988][    INFO] Epoch 23/100, iter 22/28, loss 0.5197, encoder LR 0.0007927
[2026-07-10 17:06:55,257][    INFO] Epoch 23/100, iter 25/28, loss 0.5092, encoder LR 0.00079171
[2026-07-10 17:06:56,655][    INFO] Epoch 23/100, iter 28/28, loss 0.5176, encoder LR 0.00079072
[2026-07-10 17:07:03,330][    INFO] Evaluation class [0 background]: IoU 91.40, Dice 95.51
[2026-07-10 17:07:03,331][    INFO] Evaluation class [1 epithelial tissue]: IoU 0.00, Dice 0.00
[2026-07-10 17:07:03,331][    INFO] Evaluation class [2 slough]: IoU 0.00, Dice 0.00
[2026-07-10 17:07:03,331][    INFO] Evaluation class [3 granulation tissue]: IoU 4.30, Dice 8.25
[2026-07-10 17:07:03,331][    INFO] Evaluation class [4 necrotic tissue]: IoU 0.00, Dice 0.00
[2026-07-10 17:07:03,332][    INFO] Evaluation class [5 other]: IoU 0.00, Dice 0.00
[2026-07-10 17:07:03,332][    INFO] Evaluation epoch 22: MeanIoU 15.95, MeanDice 17.29; BEST mIoU 19.89, Dice 23.17 at epoch 8
[2026-07-10 17:07:04,410][    INFO] Epoch 24/100, iter 1/28, loss 1.2547, encoder LR 0.00079039
[2026-07-10 17:07:05,080][    INFO] Epoch 24/100, iter 4/28, loss 0.5988, encoder LR 0.000789401
[2026-07-10 17:07:05,980][    INFO] Epoch 24/100, iter 7/28, loss 0.5067, encoder LR 0.00078841
[2026-07-10 17:07:07,391][    INFO] Epoch 24/100, iter 10/28, loss 0.4323, encoder LR 0.00078742
[2026-07-10 17:07:08,330][    INFO] Epoch 24/100, iter 13/28, loss 0.4235, encoder LR 0.00078643
[2026-07-10 17:07:08,946][    INFO] Epoch 24/100, iter 16/28, loss 0.5634, encoder LR 0.00078544
[2026-07-10 17:07:09,529][    INFO] Epoch 24/100, iter 19/28, loss 0.5171, encoder LR 0.000784449
[2026-07-10 17:07:09,936][    INFO] Epoch 24/100, iter 22/28, loss 0.4979, encoder LR 0.000783458
[2026-07-10 17:07:11,317][    INFO] Epoch 24/100, iter 25/28, loss 0.4911, encoder LR 0.000782467
[2026-07-10 17:07:11,419][    INFO] Epoch 24/100, iter 28/28, loss 0.4614, encoder LR 0.000781476
[2026-07-10 17:07:18,077][    INFO] Evaluation class [0 background]: IoU 91.29, Dice 95.45
[2026-07-10 17:07:18,077][    INFO] Evaluation class [1 epithelial tissue]: IoU 0.02, Dice 0.03
[2026-07-10 17:07:18,077][    INFO] Evaluation class [2 slough]: IoU 0.00, Dice 0.00
[2026-07-10 17:07:18,078][    INFO] Evaluation class [3 granulation tissue]: IoU 7.39, Dice 13.76
[2026-07-10 17:07:18,078][    INFO] Evaluation class [4 necrotic tissue]: IoU 0.00, Dice 0.00
[2026-07-10 17:07:18,078][    INFO] Evaluation class [5 other]: IoU 0.00, Dice 0.00
[2026-07-10 17:07:18,078][    INFO] Evaluation epoch 23: MeanIoU 16.45, MeanDice 18.21; BEST mIoU 19.89, Dice 23.17 at epoch 8
[2026-07-10 17:07:20,918][    INFO] Epoch 25/100, iter 1/28, loss 0.3169, encoder LR 0.000781146
[2026-07-10 17:07:21,082][    INFO] Epoch 25/100, iter 4/28, loss 0.2162, encoder LR 0.000780155
[2026-07-10 17:07:22,069][    INFO] Epoch 25/100, iter 7/28, loss 0.2547, encoder LR 0.000779164
[2026-07-10 17:07:22,178][    INFO] Epoch 25/100, iter 10/28, loss 0.2307, encoder LR 0.000778172
[2026-07-10 17:07:23,101][    INFO] Epoch 25/100, iter 13/28, loss 0.3710, encoder LR 0.00077718
[2026-07-10 17:07:23,208][    INFO] Epoch 25/100, iter 16/28, loss 0.4254, encoder LR 0.000776189
[2026-07-10 17:07:24,114][    INFO] Epoch 25/100, iter 19/28, loss 0.4149, encoder LR 0.000775197
[2026-07-10 17:07:24,707][    INFO] Epoch 25/100, iter 22/28, loss 0.4102, encoder LR 0.000774205
[2026-07-10 17:07:26,383][    INFO] Epoch 25/100, iter 25/28, loss 0.4879, encoder LR 0.000773213
[2026-07-10 17:07:26,895][    INFO] Epoch 25/100, iter 28/28, loss 0.4727, encoder LR 0.00077222
[2026-07-10 17:07:33,544][    INFO] Evaluation class [0 background]: IoU 91.47, Dice 95.54
[2026-07-10 17:07:33,545][    INFO] Evaluation class [1 epithelial tissue]: IoU 0.06, Dice 0.11
[2026-07-10 17:07:33,545][    INFO] Evaluation class [2 slough]: IoU 0.00, Dice 0.00
[2026-07-10 17:07:33,545][    INFO] Evaluation class [3 granulation tissue]: IoU 15.70, Dice 27.14
[2026-07-10 17:07:33,545][    INFO] Evaluation class [4 necrotic tissue]: IoU 0.00, Dice 0.00
[2026-07-10 17:07:33,545][    INFO] Evaluation class [5 other]: IoU 0.00, Dice 0.00
[2026-07-10 17:07:33,546][    INFO] Evaluation epoch 24: MeanIoU 17.87, MeanDice 20.47; BEST mIoU 19.89, Dice 23.17 at epoch 8
[2026-07-10 17:07:34,106][    INFO] Epoch 26/100, iter 1/28, loss 0.5361, encoder LR 0.00077189
[2026-07-10 17:07:35,144][    INFO] Epoch 26/100, iter 4/28, loss 0.4407, encoder LR 0.000770897
[2026-07-10 17:07:36,848][    INFO] Epoch 26/100, iter 7/28, loss 0.3687, encoder LR 0.000769904
[2026-07-10 17:07:37,732][    INFO] Epoch 26/100, iter 10/28, loss 0.4542, encoder LR 0.000768912
[2026-07-10 17:07:37,842][    INFO] Epoch 26/100, iter 13/28, loss 0.3990, encoder LR 0.000767919
[2026-07-10 17:07:38,985][    INFO] Epoch 26/100, iter 16/28, loss 0.4093, encoder LR 0.000766926
[2026-07-10 17:07:41,399][    INFO] Epoch 26/100, iter 19/28, loss 0.3723, encoder LR 0.000765932
[2026-07-10 17:07:42,260][    INFO] Epoch 26/100, iter 22/28, loss 0.3917, encoder LR 0.000764939
[2026-07-10 17:07:42,363][    INFO] Epoch 26/100, iter 25/28, loss 0.3643, encoder LR 0.000763946
[2026-07-10 17:07:42,855][    INFO] Epoch 26/100, iter 28/28, loss 0.3632, encoder LR 0.000762952
[2026-07-10 17:07:49,607][    INFO] Evaluation class [0 background]: IoU 91.36, Dice 95.49
[2026-07-10 17:07:49,607][    INFO] Evaluation class [1 epithelial tissue]: IoU 0.00, Dice 0.00
[2026-07-10 17:07:49,607][    INFO] Evaluation class [2 slough]: IoU 0.00, Dice 0.00
[2026-07-10 17:07:49,608][    INFO] Evaluation class [3 granulation tissue]: IoU 0.73, Dice 1.45
[2026-07-10 17:07:49,608][    INFO] Evaluation class [4 necrotic tissue]: IoU 0.00, Dice 0.00
[2026-07-10 17:07:49,608][    INFO] Evaluation class [5 other]: IoU 0.00, Dice 0.00
[2026-07-10 17:07:49,608][    INFO] Evaluation epoch 25: MeanIoU 15.35, MeanDice 16.16; BEST mIoU 19.89, Dice 23.17 at epoch 8
[2026-07-10 17:07:50,627][    INFO] Epoch 27/100, iter 1/28, loss 1.4515, encoder LR 0.000762621
[2026-07-10 17:07:51,551][    INFO] Epoch 27/100, iter 4/28, loss 0.7483, encoder LR 0.000761627
[2026-07-10 17:07:52,598][    INFO] Epoch 27/100, iter 7/28, loss 0.5368, encoder LR 0.000760633
[2026-07-10 17:07:52,914][    INFO] Epoch 27/100, iter 10/28, loss 0.4967, encoder LR 0.000759639
[2026-07-10 17:07:53,697][    INFO] Epoch 27/100, iter 13/28, loss 0.5061, encoder LR 0.000758644
[2026-07-10 17:07:54,025][    INFO] Epoch 27/100, iter 16/28, loss 0.4536, encoder LR 0.00075765
[2026-07-10 17:07:54,333][    INFO] Epoch 27/100, iter 19/28, loss 0.4750, encoder LR 0.000756655
[2026-07-10 17:07:55,419][    INFO] Epoch 27/100, iter 22/28, loss 0.5007, encoder LR 0.000755661
[2026-07-10 17:07:56,577][    INFO] Epoch 27/100, iter 25/28, loss 0.4636, encoder LR 0.000754666
[2026-07-10 17:07:57,283][    INFO] Epoch 27/100, iter 28/28, loss 0.4525, encoder LR 0.000753671
[2026-07-10 17:08:04,045][    INFO] Evaluation class [0 background]: IoU 91.54, Dice 95.59
[2026-07-10 17:08:04,045][    INFO] Evaluation class [1 epithelial tissue]: IoU 0.00, Dice 0.00
[2026-07-10 17:08:04,045][    INFO] Evaluation class [2 slough]: IoU 0.00, Dice 0.00
[2026-07-10 17:08:04,045][    INFO] Evaluation class [3 granulation tissue]: IoU 11.15, Dice 20.07
[2026-07-10 17:08:04,046][    INFO] Evaluation class [4 necrotic tissue]: IoU 0.00, Dice 0.00
[2026-07-10 17:08:04,046][    INFO] Evaluation class [5 other]: IoU 0.00, Dice 0.00
[2026-07-10 17:08:04,046][    INFO] Evaluation epoch 26: MeanIoU 17.12, MeanDice 19.28; BEST mIoU 19.89, Dice 23.17 at epoch 8
[2026-07-10 17:08:05,739][    INFO] Epoch 28/100, iter 1/28, loss 0.4403, encoder LR 0.000753339
[2026-07-10 17:08:06,038][    INFO] Epoch 28/100, iter 4/28, loss 0.4577, encoder LR 0.000752344
[2026-07-10 17:08:06,475][    INFO] Epoch 28/100, iter 7/28, loss 0.5596, encoder LR 0.000751349
[2026-07-10 17:08:07,585][    INFO] Epoch 28/100, iter 10/28, loss 0.5451, encoder LR 0.000750353
[2026-07-10 17:08:08,941][    INFO] Epoch 28/100, iter 13/28, loss 0.4970, encoder LR 0.000749358
[2026-07-10 17:08:09,241][    INFO] Epoch 28/100, iter 16/28, loss 0.4603, encoder LR 0.000748362
[2026-07-10 17:08:10,204][    INFO] Epoch 28/100, iter 19/28, loss 0.5145, encoder LR 0.000747366
[2026-07-10 17:08:11,219][    INFO] Epoch 28/100, iter 22/28, loss 0.4924, encoder LR 0.00074637
[2026-07-10 17:08:11,321][    INFO] Epoch 28/100, iter 25/28, loss 0.4933, encoder LR 0.000745374
[2026-07-10 17:08:12,202][    INFO] Epoch 28/100, iter 28/28, loss 0.4754, encoder LR 0.000744377
[2026-07-10 17:08:18,894][    INFO] Evaluation class [0 background]: IoU 91.35, Dice 95.48
[2026-07-10 17:08:18,894][    INFO] Evaluation class [1 epithelial tissue]: IoU 0.08, Dice 0.16
[2026-07-10 17:08:18,894][    INFO] Evaluation class [2 slough]: IoU 0.00, Dice 0.00
[2026-07-10 17:08:18,894][    INFO] Evaluation class [3 granulation tissue]: IoU 0.02, Dice 0.04
[2026-07-10 17:08:18,894][    INFO] Evaluation class [4 necrotic tissue]: IoU 0.00, Dice 0.00
[2026-07-10 17:08:18,895][    INFO] Evaluation class [5 other]: IoU 0.00, Dice 0.00
[2026-07-10 17:08:18,895][    INFO] Evaluation epoch 27: MeanIoU 15.24, MeanDice 15.95; BEST mIoU 19.89, Dice 23.17 at epoch 8
[2026-07-10 17:08:21,503][    INFO] Epoch 29/100, iter 1/28, loss 0.8288, encoder LR 0.000744045
[2026-07-10 17:08:21,612][    INFO] Epoch 29/100, iter 4/28, loss 0.3057, encoder LR 0.000743049
[2026-07-10 17:08:21,722][    INFO] Epoch 29/100, iter 7/28, loss 0.2751, encoder LR 0.000742052
[2026-07-10 17:08:22,671][    INFO] Epoch 29/100, iter 10/28, loss 0.2388, encoder LR 0.000741055
[2026-07-10 17:08:23,444][    INFO] Epoch 29/100, iter 13/28, loss 0.2751, encoder LR 0.000740058
[2026-07-10 17:08:24,756][    INFO] Epoch 29/100, iter 16/28, loss 0.3694, encoder LR 0.000739061
[2026-07-10 17:08:25,613][    INFO] Epoch 29/100, iter 19/28, loss 0.3665, encoder LR 0.000738063
[2026-07-10 17:08:26,083][    INFO] Epoch 29/100, iter 22/28, loss 0.3829, encoder LR 0.000737066
[2026-07-10 17:08:26,184][    INFO] Epoch 29/100, iter 25/28, loss 0.3726, encoder LR 0.000736068
[2026-07-10 17:08:26,547][    INFO] Epoch 29/100, iter 28/28, loss 0.3862, encoder LR 0.000735071
[2026-07-10 17:08:33,968][    INFO] Evaluation class [0 background]: IoU 91.48, Dice 95.55
[2026-07-10 17:08:33,969][    INFO] Evaluation class [1 epithelial tissue]: IoU 0.00, Dice 0.01
[2026-07-10 17:08:33,969][    INFO] Evaluation class [2 slough]: IoU 0.00, Dice 0.00
[2026-07-10 17:08:33,969][    INFO] Evaluation class [3 granulation tissue]: IoU 6.71, Dice 12.58
[2026-07-10 17:08:33,970][    INFO] Evaluation class [4 necrotic tissue]: IoU 0.00, Dice 0.00
[2026-07-10 17:08:33,970][    INFO] Evaluation class [5 other]: IoU 0.00, Dice 0.00
[2026-07-10 17:08:33,970][    INFO] Evaluation epoch 28: MeanIoU 16.37, MeanDice 18.02; BEST mIoU 19.89, Dice 23.17 at epoch 8
[2026-07-10 17:08:35,462][    INFO] Epoch 30/100, iter 1/28, loss 0.1807, encoder LR 0.000734738
[2026-07-10 17:08:36,705][    INFO] Epoch 30/100, iter 4/28, loss 0.3182, encoder LR 0.00073374
[2026-07-10 17:08:37,441][    INFO] Epoch 30/100, iter 7/28, loss 0.3126, encoder LR 0.000732742
[2026-07-10 17:08:38,106][    INFO] Epoch 30/100, iter 10/28, loss 0.3270, encoder LR 0.000731744
[2026-07-10 17:08:38,300][    INFO] Epoch 30/100, iter 13/28, loss 0.3652, encoder LR 0.000730745
[2026-07-10 17:08:39,163][    INFO] Epoch 30/100, iter 16/28, loss 0.3815, encoder LR 0.000729747
[2026-07-10 17:08:40,492][    INFO] Epoch 30/100, iter 19/28, loss 0.3758, encoder LR 0.000728748
[2026-07-10 17:08:41,521][    INFO] Epoch 30/100, iter 22/28, loss 0.3590, encoder LR 0.000727749
[2026-07-10 17:08:42,558][    INFO] Epoch 30/100, iter 25/28, loss 0.3837, encoder LR 0.00072675
[2026-07-10 17:08:42,657][    INFO] Epoch 30/100, iter 28/28, loss 0.3759, encoder LR 0.000725751
[2026-07-10 17:08:49,490][    INFO] Evaluation class [0 background]: IoU 91.38, Dice 95.50
[2026-07-10 17:08:49,491][    INFO] Evaluation class [1 epithelial tissue]: IoU 0.01, Dice 0.03
[2026-07-10 17:08:49,491][    INFO] Evaluation class [2 slough]: IoU 0.00, Dice 0.00
[2026-07-10 17:08:49,491][    INFO] Evaluation class [3 granulation tissue]: IoU 2.19, Dice 4.28
[2026-07-10 17:08:49,491][    INFO] Evaluation class [4 necrotic tissue]: IoU 0.00, Dice 0.00
[2026-07-10 17:08:49,492][    INFO] Evaluation class [5 other]: IoU 0.00, Dice 0.00
[2026-07-10 17:08:49,492][    INFO] Evaluation epoch 29: MeanIoU 15.60, MeanDice 16.63; BEST mIoU 19.89, Dice 23.17 at epoch 8
[2026-07-10 17:08:50,748][    INFO] Epoch 31/100, iter 1/28, loss 0.1296, encoder LR 0.000725418
[2026-07-10 17:08:51,673][    INFO] Epoch 31/100, iter 4/28, loss 0.4129, encoder LR 0.000724418
[2026-07-10 17:08:52,550][    INFO] Epoch 31/100, iter 7/28, loss 1.1715, encoder LR 0.000723419
[2026-07-10 17:08:53,619][    INFO] Epoch 31/100, iter 10/28, loss 0.8934, encoder LR 0.000722419
[2026-07-10 17:08:53,724][    INFO] Epoch 31/100, iter 13/28, loss 0.7565, encoder LR 0.000721419
[2026-07-10 17:08:54,131][    INFO] Epoch 31/100, iter 16/28, loss 0.6434, encoder LR 0.000720419
[2026-07-10 17:08:55,366][    INFO] Epoch 31/100, iter 19/28, loss 0.6109, encoder LR 0.000719419
[2026-07-10 17:08:56,003][    INFO] Epoch 31/100, iter 22/28, loss 0.6453, encoder LR 0.000718419
[2026-07-10 17:08:56,109][    INFO] Epoch 31/100, iter 25/28, loss 0.6092, encoder LR 0.000717419
[2026-07-10 17:08:57,605][    INFO] Epoch 31/100, iter 28/28, loss 0.5762, encoder LR 0.000716418
[2026-07-10 17:09:04,451][    INFO] Evaluation class [0 background]: IoU 91.38, Dice 95.49
[2026-07-10 17:09:04,451][    INFO] Evaluation class [1 epithelial tissue]: IoU 0.01, Dice 0.02
[2026-07-10 17:09:04,451][    INFO] Evaluation class [2 slough]: IoU 0.00, Dice 0.00
[2026-07-10 17:09:04,452][    INFO] Evaluation class [3 granulation tissue]: IoU 1.19, Dice 2.34
[2026-07-10 17:09:04,452][    INFO] Evaluation class [4 necrotic tissue]: IoU 0.00, Dice 0.00
[2026-07-10 17:09:04,452][    INFO] Evaluation class [5 other]: IoU 0.00, Dice 0.00
[2026-07-10 17:09:04,452][    INFO] Evaluation epoch 30: MeanIoU 15.43, MeanDice 16.31; BEST mIoU 19.89, Dice 23.17 at epoch 8
[2026-07-10 17:09:06,167][    INFO] Epoch 32/100, iter 1/28, loss 0.0892, encoder LR 0.000716084
[2026-07-10 17:09:06,418][    INFO] Epoch 32/100, iter 4/28, loss 0.4245, encoder LR 0.000715084
[2026-07-10 17:09:07,568][    INFO] Epoch 32/100, iter 7/28, loss 0.3015, encoder LR 0.000714083
[2026-07-10 17:09:08,602][    INFO] Epoch 32/100, iter 10/28, loss 0.3225, encoder LR 0.000713081
[2026-07-10 17:09:09,227][    INFO] Epoch 32/100, iter 13/28, loss 0.3802, encoder LR 0.00071208
[2026-07-10 17:09:10,150][    INFO] Epoch 32/100, iter 16/28, loss 0.4864, encoder LR 0.000711079
[2026-07-10 17:09:10,503][    INFO] Epoch 32/100, iter 19/28, loss 0.5033, encoder LR 0.000710077
[2026-07-10 17:09:10,694][    INFO] Epoch 32/100, iter 22/28, loss 0.4858, encoder LR 0.000709075
[2026-07-10 17:09:11,317][    INFO] Epoch 32/100, iter 25/28, loss 0.6011, encoder LR 0.000708073
[2026-07-10 17:09:13,212][    INFO] Epoch 32/100, iter 28/28, loss 0.6005, encoder LR 0.000707071
[2026-07-10 17:09:19,995][    INFO] Evaluation class [0 background]: IoU 91.41, Dice 95.51
[2026-07-10 17:09:19,995][    INFO] Evaluation class [1 epithelial tissue]: IoU 0.21, Dice 0.43
[2026-07-10 17:09:19,995][    INFO] Evaluation class [2 slough]: IoU 0.00, Dice 0.00
[2026-07-10 17:09:19,995][    INFO] Evaluation class [3 granulation tissue]: IoU 2.68, Dice 5.22
[2026-07-10 17:09:19,996][    INFO] Evaluation class [4 necrotic tissue]: IoU 0.00, Dice 0.00
[2026-07-10 17:09:19,996][    INFO] Evaluation class [5 other]: IoU 0.00, Dice 0.00
[2026-07-10 17:09:19,996][    INFO] Evaluation epoch 31: MeanIoU 15.72, MeanDice 16.86; BEST mIoU 19.89, Dice 23.17 at epoch 8
[2026-07-10 17:09:22,611][    INFO] Epoch 33/100, iter 1/28, loss 0.3696, encoder LR 0.000706737
[2026-07-10 17:09:22,715][    INFO] Epoch 33/100, iter 4/28, loss 0.8291, encoder LR 0.000705735
[2026-07-10 17:09:23,340][    INFO] Epoch 33/100, iter 7/28, loss 0.6452, encoder LR 0.000704733
[2026-07-10 17:09:24,031][    INFO] Epoch 33/100, iter 10/28, loss 0.6309, encoder LR 0.00070373
[2026-07-10 17:09:25,156][    INFO] Epoch 33/100, iter 13/28, loss 0.5692, encoder LR 0.000702727
[2026-07-10 17:09:25,299][    INFO] Epoch 33/100, iter 16/28, loss 0.5228, encoder LR 0.000701724
[2026-07-10 17:09:25,861][    INFO] Epoch 33/100, iter 19/28, loss 0.4893, encoder LR 0.000700721
[2026-07-10 17:09:26,592][    INFO] Epoch 33/100, iter 22/28, loss 0.5017, encoder LR 0.000699718
[2026-07-10 17:09:26,699][    INFO] Epoch 33/100, iter 25/28, loss 0.4711, encoder LR 0.000698715
[2026-07-10 17:09:28,337][    INFO] Epoch 33/100, iter 28/28, loss 0.5589, encoder LR 0.000697711
[2026-07-10 17:09:34,990][    INFO] Evaluation class [0 background]: IoU 91.44, Dice 95.53
[2026-07-10 17:09:34,991][    INFO] Evaluation class [1 epithelial tissue]: IoU 0.04, Dice 0.07
[2026-07-10 17:09:34,991][    INFO] Evaluation class [2 slough]: IoU 0.00, Dice 0.00
[2026-07-10 17:09:34,991][    INFO] Evaluation class [3 granulation tissue]: IoU 4.96, Dice 9.45
[2026-07-10 17:09:34,991][    INFO] Evaluation class [4 necrotic tissue]: IoU 0.00, Dice 0.00
[2026-07-10 17:09:34,991][    INFO] Evaluation class [5 other]: IoU 0.00, Dice 0.00
[2026-07-10 17:09:34,991][    INFO] Evaluation epoch 32: MeanIoU 16.07, MeanDice 17.51; BEST mIoU 19.89, Dice 23.17 at epoch 8
[2026-07-10 17:09:37,055][    INFO] Epoch 34/100, iter 1/28, loss 0.6822, encoder LR 0.000697377
[2026-07-10 17:09:37,162][    INFO] Epoch 34/100, iter 4/28, loss 0.5050, encoder LR 0.000696373
[2026-07-10 17:09:37,610][    INFO] Epoch 34/100, iter 7/28, loss 0.7725, encoder LR 0.000695369
[2026-07-10 17:09:38,658][    INFO] Epoch 34/100, iter 10/28, loss 0.6488, encoder LR 0.000694365
[2026-07-10 17:09:39,953][    INFO] Epoch 34/100, iter 13/28, loss 0.5577, encoder LR 0.00069336
[2026-07-10 17:09:40,061][    INFO] Epoch 34/100, iter 16/28, loss 0.5012, encoder LR 0.000692356
[2026-07-10 17:09:41,171][    INFO] Epoch 34/100, iter 19/28, loss 0.4388, encoder LR 0.000691352
[2026-07-10 17:09:41,279][    INFO] Epoch 34/100, iter 22/28, loss 0.5161, encoder LR 0.000690347
[2026-07-10 17:09:42,249][    INFO] Epoch 34/100, iter 25/28, loss 0.5216, encoder LR 0.000689342
[2026-07-10 17:09:43,719][    INFO] Epoch 34/100, iter 28/28, loss 0.4826, encoder LR 0.000688337
[2026-07-10 17:09:50,830][    INFO] Evaluation class [0 background]: IoU 91.30, Dice 95.45
[2026-07-10 17:09:50,831][    INFO] Evaluation class [1 epithelial tissue]: IoU 0.08, Dice 0.16
[2026-07-10 17:09:50,831][    INFO] Evaluation class [2 slough]: IoU 0.00, Dice 0.00
[2026-07-10 17:09:50,831][    INFO] Evaluation class [3 granulation tissue]: IoU 0.73, Dice 1.46
[2026-07-10 17:09:50,831][    INFO] Evaluation class [4 necrotic tissue]: IoU 0.00, Dice 0.00
[2026-07-10 17:09:50,831][    INFO] Evaluation class [5 other]: IoU 0.00, Dice 0.00
[2026-07-10 17:09:50,831][    INFO] Evaluation epoch 33: MeanIoU 15.35, MeanDice 16.18; BEST mIoU 19.89, Dice 23.17 at epoch 8
[2026-07-10 17:09:51,412][    INFO] Epoch 35/100, iter 1/28, loss 0.1549, encoder LR 0.000688002
[2026-07-10 17:09:52,614][    INFO] Epoch 35/100, iter 4/28, loss 0.2473, encoder LR 0.000686996
[2026-07-10 17:09:53,244][    INFO] Epoch 35/100, iter 7/28, loss 0.1841, encoder LR 0.000685991
[2026-07-10 17:09:53,733][    INFO] Epoch 35/100, iter 10/28, loss 0.2958, encoder LR 0.000684985
[2026-07-10 17:09:55,101][    INFO] Epoch 35/100, iter 13/28, loss 0.2974, encoder LR 0.00068398
[2026-07-10 17:09:55,900][    INFO] Epoch 35/100, iter 16/28, loss 0.2793, encoder LR 0.000682974
[2026-07-10 17:09:57,410][    INFO] Epoch 35/100, iter 19/28, loss 0.3045, encoder LR 0.000681968
[2026-07-10 17:09:57,512][    INFO] Epoch 35/100, iter 22/28, loss 0.2901, encoder LR 0.000680961
[2026-07-10 17:09:58,577][    INFO] Epoch 35/100, iter 25/28, loss 0.3251, encoder LR 0.000679955
[2026-07-10 17:09:59,224][    INFO] Epoch 35/100, iter 28/28, loss 0.3379, encoder LR 0.000678948
[2026-07-10 17:10:06,091][    INFO] Evaluation class [0 background]: IoU 91.52, Dice 95.57
[2026-07-10 17:10:06,091][    INFO] Evaluation class [1 epithelial tissue]: IoU 0.00, Dice 0.00
[2026-07-10 17:10:06,091][    INFO] Evaluation class [2 slough]: IoU 0.00, Dice 0.00
[2026-07-10 17:10:06,091][    INFO] Evaluation class [3 granulation tissue]: IoU 10.37, Dice 18.80
[2026-07-10 17:10:06,091][    INFO] Evaluation class [4 necrotic tissue]: IoU 0.00, Dice 0.00
[2026-07-10 17:10:06,092][    INFO] Evaluation class [5 other]: IoU 0.00, Dice 0.00
[2026-07-10 17:10:06,092][    INFO] Evaluation epoch 34: MeanIoU 16.98, MeanDice 19.06; BEST mIoU 19.89, Dice 23.17 at epoch 8
[2026-07-10 17:10:07,053][    INFO] Epoch 36/100, iter 1/28, loss 0.1571, encoder LR 0.000678613
[2026-07-10 17:10:08,723][    INFO] Epoch 36/100, iter 4/28, loss 0.3629, encoder LR 0.000677606
[2026-07-10 17:10:09,223][    INFO] Epoch 36/100, iter 7/28, loss 0.2961, encoder LR 0.000676599
[2026-07-10 17:10:10,346][    INFO] Epoch 36/100, iter 10/28, loss 0.2469, encoder LR 0.000675592
[2026-07-10 17:10:10,853][    INFO] Epoch 36/100, iter 13/28, loss 0.2989, encoder LR 0.000674584
[2026-07-10 17:10:11,723][    INFO] Epoch 36/100, iter 16/28, loss 0.2584, encoder LR 0.000673577
[2026-07-10 17:10:12,188][    INFO] Epoch 36/100, iter 19/28, loss 0.3037, encoder LR 0.000672569
[2026-07-10 17:10:12,330][    INFO] Epoch 36/100, iter 22/28, loss 0.2901, encoder LR 0.000671562
[2026-07-10 17:10:13,079][    INFO] Epoch 36/100, iter 25/28, loss 0.3392, encoder LR 0.000670554
[2026-07-10 17:10:14,253][    INFO] Epoch 36/100, iter 28/28, loss 0.3276, encoder LR 0.000669545
[2026-07-10 17:10:21,372][    INFO] Evaluation class [0 background]: IoU 91.39, Dice 95.50
[2026-07-10 17:10:21,373][    INFO] Evaluation class [1 epithelial tissue]: IoU 0.00, Dice 0.01
[2026-07-10 17:10:21,374][    INFO] Evaluation class [2 slough]: IoU 0.00, Dice 0.00
[2026-07-10 17:10:21,375][    INFO] Evaluation class [3 granulation tissue]: IoU 2.32, Dice 4.53
[2026-07-10 17:10:21,375][    INFO] Evaluation class [4 necrotic tissue]: IoU 0.00, Dice 0.00
[2026-07-10 17:10:21,375][    INFO] Evaluation class [5 other]: IoU 0.00, Dice 0.00
[2026-07-10 17:10:21,375][    INFO] Evaluation epoch 35: MeanIoU 15.62, MeanDice 16.67; BEST mIoU 19.89, Dice 23.17 at epoch 8
[2026-07-10 17:10:23,337][    INFO] Epoch 37/100, iter 1/28, loss 1.0972, encoder LR 0.000669209
[2026-07-10 17:10:23,445][    INFO] Epoch 37/100, iter 4/28, loss 0.5600, encoder LR 0.000668201
[2026-07-10 17:10:24,687][    INFO] Epoch 37/100, iter 7/28, loss 0.5399, encoder LR 0.000667192
[2026-07-10 17:10:26,225][    INFO] Epoch 37/100, iter 10/28, loss 0.5322, encoder LR 0.000666184
[2026-07-10 17:10:27,530][    INFO] Epoch 37/100, iter 13/28, loss 0.6631, encoder LR 0.000665175
[2026-07-10 17:10:27,637][    INFO] Epoch 37/100, iter 16/28, loss 0.7354, encoder LR 0.000664166
[2026-07-10 17:10:28,458][    INFO] Epoch 37/100, iter 19/28, loss 0.6823, encoder LR 0.000663156
[2026-07-10 17:10:28,567][    INFO] Epoch 37/100, iter 22/28, loss 0.6409, encoder LR 0.000662147
[2026-07-10 17:10:29,519][    INFO] Epoch 37/100, iter 25/28, loss 0.6395, encoder LR 0.000661138
[2026-07-10 17:10:29,619][    INFO] Epoch 37/100, iter 28/28, loss 0.6136, encoder LR 0.000660128
[2026-07-10 17:10:36,453][    INFO] Evaluation class [0 background]: IoU 91.40, Dice 95.51
[2026-07-10 17:10:36,453][    INFO] Evaluation class [1 epithelial tissue]: IoU 0.08, Dice 0.16
[2026-07-10 17:10:36,453][    INFO] Evaluation class [2 slough]: IoU 0.00, Dice 0.00
[2026-07-10 17:10:36,454][    INFO] Evaluation class [3 granulation tissue]: IoU 2.04, Dice 4.00
[2026-07-10 17:10:36,454][    INFO] Evaluation class [4 necrotic tissue]: IoU 0.00, Dice 0.00
[2026-07-10 17:10:36,454][    INFO] Evaluation class [5 other]: IoU 0.00, Dice 0.00
[2026-07-10 17:10:36,454][    INFO] Evaluation epoch 36: MeanIoU 15.59, MeanDice 16.61; BEST mIoU 19.89, Dice 23.17 at epoch 8
[2026-07-10 17:10:38,306][    INFO] Epoch 38/100, iter 1/28, loss 0.2630, encoder LR 0.000659791
[2026-07-10 17:10:38,414][    INFO] Epoch 38/100, iter 4/28, loss 0.3764, encoder LR 0.000658781
[2026-07-10 17:10:39,074][    INFO] Epoch 38/100, iter 7/28, loss 0.4888, encoder LR 0.000657771
[2026-07-10 17:10:39,838][    INFO] Epoch 38/100, iter 10/28, loss 0.6007, encoder LR 0.000656761
[2026-07-10 17:10:40,591][    INFO] Epoch 38/100, iter 13/28, loss 0.5311, encoder LR 0.00065575
[2026-07-10 17:10:41,792][    INFO] Epoch 38/100, iter 16/28, loss 0.4742, encoder LR 0.00065474
[2026-07-10 17:10:42,805][    INFO] Epoch 38/100, iter 19/28, loss 0.4218, encoder LR 0.000653729
[2026-07-10 17:10:43,190][    INFO] Epoch 38/100, iter 22/28, loss 0.3953, encoder LR 0.000652718
[2026-07-10 17:10:43,370][    INFO] Epoch 38/100, iter 25/28, loss 0.3766, encoder LR 0.000651707
[2026-07-10 17:10:44,168][    INFO] Epoch 38/100, iter 28/28, loss 0.3736, encoder LR 0.000650695
[2026-07-10 17:10:50,998][    INFO] Evaluation class [0 background]: IoU 91.36, Dice 95.49
[2026-07-10 17:10:50,998][    INFO] Evaluation class [1 epithelial tissue]: IoU 0.00, Dice 0.00
[2026-07-10 17:10:50,999][    INFO] Evaluation class [2 slough]: IoU 0.00, Dice 0.00
[2026-07-10 17:10:50,999][    INFO] Evaluation class [3 granulation tissue]: IoU 0.63, Dice 1.25
[2026-07-10 17:10:50,999][    INFO] Evaluation class [4 necrotic tissue]: IoU 0.00, Dice 0.00
[2026-07-10 17:10:50,999][    INFO] Evaluation class [5 other]: IoU 0.00, Dice 0.00
[2026-07-10 17:10:50,999][    INFO] Evaluation epoch 37: MeanIoU 15.33, MeanDice 16.12; BEST mIoU 19.89, Dice 23.17 at epoch 8
[2026-07-10 17:10:52,094][    INFO] Epoch 39/100, iter 1/28, loss 0.4464, encoder LR 0.000650358
[2026-07-10 17:10:52,201][    INFO] Epoch 39/100, iter 4/28, loss 0.7698, encoder LR 0.000649346
[2026-07-10 17:10:53,756][    INFO] Epoch 39/100, iter 7/28, loss 0.5024, encoder LR 0.000648335
[2026-07-10 17:10:54,104][    INFO] Epoch 39/100, iter 10/28, loss 0.5611, encoder LR 0.000647323
[2026-07-10 17:10:55,307][    INFO] Epoch 39/100, iter 13/28, loss 0.5238, encoder LR 0.000646311
[2026-07-10 17:10:55,890][    INFO] Epoch 39/100, iter 16/28, loss 0.4776, encoder LR 0.000645298
[2026-07-10 17:10:56,293][    INFO] Epoch 39/100, iter 19/28, loss 0.6221, encoder LR 0.000644286
[2026-07-10 17:10:57,842][    INFO] Epoch 39/100, iter 22/28, loss 0.5576, encoder LR 0.000643273
[2026-07-10 17:10:58,471][    INFO] Epoch 39/100, iter 25/28, loss 0.5024, encoder LR 0.00064226
[2026-07-10 17:10:59,721][    INFO] Epoch 39/100, iter 28/28, loss 0.4875, encoder LR 0.000641247
[2026-07-10 17:11:06,509][    INFO] Evaluation class [0 background]: IoU 91.61, Dice 95.62
[2026-07-10 17:11:06,510][    INFO] Evaluation class [1 epithelial tissue]: IoU 0.00, Dice 0.00
[2026-07-10 17:11:06,510][    INFO] Evaluation class [2 slough]: IoU 0.00, Dice 0.00
[2026-07-10 17:11:06,510][    INFO] Evaluation class [3 granulation tissue]: IoU 13.49, Dice 23.77
[2026-07-10 17:11:06,510][    INFO] Evaluation class [4 necrotic tissue]: IoU 0.00, Dice 0.00
[2026-07-10 17:11:06,511][    INFO] Evaluation class [5 other]: IoU 0.00, Dice 0.00
[2026-07-10 17:11:06,511][    INFO] Evaluation epoch 38: MeanIoU 17.52, MeanDice 19.90; BEST mIoU 19.89, Dice 23.17 at epoch 8
[2026-07-10 17:11:07,387][    INFO] Epoch 40/100, iter 1/28, loss 0.5090, encoder LR 0.00064091
[2026-07-10 17:11:08,386][    INFO] Epoch 40/100, iter 4/28, loss 0.2906, encoder LR 0.000639896
[2026-07-10 17:11:08,821][    INFO] Epoch 40/100, iter 7/28, loss 0.3838, encoder LR 0.000638883
[2026-07-10 17:11:10,184][    INFO] Epoch 40/100, iter 10/28, loss 0.4131, encoder LR 0.000637869
[2026-07-10 17:11:11,382][    INFO] Epoch 40/100, iter 13/28, loss 0.4020, encoder LR 0.000636856
[2026-07-10 17:11:11,483][    INFO] Epoch 40/100, iter 16/28, loss 0.4126, encoder LR 0.000635842
[2026-07-10 17:11:12,737][    INFO] Epoch 40/100, iter 19/28, loss 0.3842, encoder LR 0.000634828
[2026-07-10 17:11:13,198][    INFO] Epoch 40/100, iter 22/28, loss 0.4261, encoder LR 0.000633813
[2026-07-10 17:11:14,451][    INFO] Epoch 40/100, iter 25/28, loss 0.4225, encoder LR 0.000632799
[2026-07-10 17:11:14,551][    INFO] Epoch 40/100, iter 28/28, loss 0.4057, encoder LR 0.000631784
[2026-07-10 17:11:21,337][    INFO] Evaluation class [0 background]: IoU 91.82, Dice 95.73
[2026-07-10 17:11:21,337][    INFO] Evaluation class [1 epithelial tissue]: IoU 1.32, Dice 2.60
[2026-07-10 17:11:21,337][    INFO] Evaluation class [2 slough]: IoU 0.00, Dice 0.00
[2026-07-10 17:11:21,337][    INFO] Evaluation class [3 granulation tissue]: IoU 17.79, Dice 30.20
[2026-07-10 17:11:21,338][    INFO] Evaluation class [4 necrotic tissue]: IoU 0.00, Dice 0.00
[2026-07-10 17:11:21,338][    INFO] Evaluation class [5 other]: IoU 0.00, Dice 0.00
[2026-07-10 17:11:21,338][    INFO] Evaluation epoch 39: MeanIoU 18.49, MeanDice 21.42; BEST mIoU 19.89, Dice 23.17 at epoch 8
[2026-07-10 17:11:23,037][    INFO] Epoch 41/100, iter 1/28, loss 0.4195, encoder LR 0.000631446
[2026-07-10 17:11:23,611][    INFO] Epoch 41/100, iter 4/28, loss 0.3021, encoder LR 0.000630431
[2026-07-10 17:11:24,782][    INFO] Epoch 41/100, iter 7/28, loss 0.2622, encoder LR 0.000629416
[2026-07-10 17:11:26,179][    INFO] Epoch 41/100, iter 10/28, loss 0.3092, encoder LR 0.000628401
[2026-07-10 17:11:26,846][    INFO] Epoch 41/100, iter 13/28, loss 0.2960, encoder LR 0.000627385
[2026-07-10 17:11:26,951][    INFO] Epoch 41/100, iter 16/28, loss 0.4184, encoder LR 0.000626369
[2026-07-10 17:11:27,550][    INFO] Epoch 41/100, iter 19/28, loss 0.4138, encoder LR 0.000625354
[2026-07-10 17:11:28,802][    INFO] Epoch 41/100, iter 22/28, loss 0.4051, encoder LR 0.000624338
[2026-07-10 17:11:29,457][    INFO] Epoch 41/100, iter 25/28, loss 0.4089, encoder LR 0.000623321
[2026-07-10 17:11:29,560][    INFO] Epoch 41/100, iter 28/28, loss 0.3841, encoder LR 0.000622305
[2026-07-10 17:11:36,953][    INFO] Evaluation class [0 background]: IoU 91.48, Dice 95.55
[2026-07-10 17:11:36,953][    INFO] Evaluation class [1 epithelial tissue]: IoU 0.01, Dice 0.01
[2026-07-10 17:11:36,954][    INFO] Evaluation class [2 slough]: IoU 0.00, Dice 0.00
[2026-07-10 17:11:36,954][    INFO] Evaluation class [3 granulation tissue]: IoU 7.52, Dice 13.99
[2026-07-10 17:11:36,954][    INFO] Evaluation class [4 necrotic tissue]: IoU 0.00, Dice 0.00
[2026-07-10 17:11:36,954][    INFO] Evaluation class [5 other]: IoU 0.00, Dice 0.00
[2026-07-10 17:11:36,954][    INFO] Evaluation epoch 40: MeanIoU 16.50, MeanDice 18.26; BEST mIoU 19.89, Dice 23.17 at epoch 8
[2026-07-10 17:11:37,838][    INFO] Epoch 42/100, iter 1/28, loss 0.1525, encoder LR 0.000621966
[2026-07-10 17:11:38,907][    INFO] Epoch 42/100, iter 4/28, loss 0.5872, encoder LR 0.00062095
[2026-07-10 17:11:39,015][    INFO] Epoch 42/100, iter 7/28, loss 0.4902, encoder LR 0.000619933
[2026-07-10 17:11:39,720][    INFO] Epoch 42/100, iter 10/28, loss 0.4313, encoder LR 0.000618916
[2026-07-10 17:11:41,326][    INFO] Epoch 42/100, iter 13/28, loss 0.3686, encoder LR 0.000617899
[2026-07-10 17:11:43,685][    INFO] Epoch 42/100, iter 16/28, loss 0.3365, encoder LR 0.000616881
[2026-07-10 17:11:43,792][    INFO] Epoch 42/100, iter 19/28, loss 0.3232, encoder LR 0.000615864
[2026-07-10 17:11:44,226][    INFO] Epoch 42/100, iter 22/28, loss 0.3214, encoder LR 0.000614846
[2026-07-10 17:11:44,608][    INFO] Epoch 42/100, iter 25/28, loss 0.3834, encoder LR 0.000613828
[2026-07-10 17:11:45,352][    INFO] Epoch 42/100, iter 28/28, loss 0.3715, encoder LR 0.00061281
[2026-07-10 17:11:52,213][    INFO] Evaluation class [0 background]: IoU 91.45, Dice 95.53
[2026-07-10 17:11:52,214][    INFO] Evaluation class [1 epithelial tissue]: IoU 0.00, Dice 0.00
[2026-07-10 17:11:52,214][    INFO] Evaluation class [2 slough]: IoU 0.00, Dice 0.00
[2026-07-10 17:11:52,214][    INFO] Evaluation class [3 granulation tissue]: IoU 4.82, Dice 9.19
[2026-07-10 17:11:52,214][    INFO] Evaluation class [4 necrotic tissue]: IoU 0.00, Dice 0.00
[2026-07-10 17:11:52,214][    INFO] Evaluation class [5 other]: IoU 0.00, Dice 0.00
[2026-07-10 17:11:52,215][    INFO] Evaluation epoch 41: MeanIoU 16.04, MeanDice 17.45; BEST mIoU 19.89, Dice 23.17 at epoch 8
[2026-07-10 17:11:53,053][    INFO] Epoch 43/100, iter 1/28, loss 0.2303, encoder LR 0.000612471
[2026-07-10 17:11:54,024][    INFO] Epoch 43/100, iter 4/28, loss 0.3132, encoder LR 0.000611452
[2026-07-10 17:11:54,667][    INFO] Epoch 43/100, iter 7/28, loss 0.2479, encoder LR 0.000610434
[2026-07-10 17:11:56,558][    INFO] Epoch 43/100, iter 10/28, loss 0.2528, encoder LR 0.000609415
[2026-07-10 17:11:56,660][    INFO] Epoch 43/100, iter 13/28, loss 0.2867, encoder LR 0.000608396
[2026-07-10 17:11:58,264][    INFO] Epoch 43/100, iter 16/28, loss 0.2731, encoder LR 0.000607377
[2026-07-10 17:11:58,663][    INFO] Epoch 43/100, iter 19/28, loss 0.2686, encoder LR 0.000606358
[2026-07-10 17:11:58,954][    INFO] Epoch 43/100, iter 22/28, loss 0.3407, encoder LR 0.000605338
[2026-07-10 17:12:00,050][    INFO] Epoch 43/100, iter 25/28, loss 0.4222, encoder LR 0.000604318
[2026-07-10 17:12:00,154][    INFO] Epoch 43/100, iter 28/28, loss 0.4055, encoder LR 0.000603298
[2026-07-10 17:12:06,992][    INFO] Evaluation class [0 background]: IoU 91.43, Dice 95.52
[2026-07-10 17:12:06,993][    INFO] Evaluation class [1 epithelial tissue]: IoU 0.03, Dice 0.06
[2026-07-10 17:12:06,993][    INFO] Evaluation class [2 slough]: IoU 0.00, Dice 0.00
[2026-07-10 17:12:06,994][    INFO] Evaluation class [3 granulation tissue]: IoU 4.02, Dice 7.73
[2026-07-10 17:12:06,994][    INFO] Evaluation class [4 necrotic tissue]: IoU 0.00, Dice 0.00
[2026-07-10 17:12:06,994][    INFO] Evaluation class [5 other]: IoU 0.00, Dice 0.00
[2026-07-10 17:12:06,994][    INFO] Evaluation epoch 42: MeanIoU 15.91, MeanDice 17.22; BEST mIoU 19.89, Dice 23.17 at epoch 8
[2026-07-10 17:12:08,416][    INFO] Epoch 44/100, iter 1/28, loss 0.6547, encoder LR 0.000602958
[2026-07-10 17:12:08,564][    INFO] Epoch 44/100, iter 4/28, loss 0.3037, encoder LR 0.000601938
[2026-07-10 17:12:11,074][    INFO] Epoch 44/100, iter 7/28, loss 0.3782, encoder LR 0.000600918
[2026-07-10 17:12:11,180][    INFO] Epoch 44/100, iter 10/28, loss 0.3456, encoder LR 0.000599897
[2026-07-10 17:12:11,463][    INFO] Epoch 44/100, iter 13/28, loss 0.4386, encoder LR 0.000598877
[2026-07-10 17:12:12,388][    INFO] Epoch 44/100, iter 16/28, loss 0.4821, encoder LR 0.000597856
[2026-07-10 17:12:13,248][    INFO] Epoch 44/100, iter 19/28, loss 0.4402, encoder LR 0.000596835
[2026-07-10 17:12:13,984][    INFO] Epoch 44/100, iter 22/28, loss 0.4546, encoder LR 0.000595813
[2026-07-10 17:12:15,226][    INFO] Epoch 44/100, iter 25/28, loss 0.4210, encoder LR 0.000594792
[2026-07-10 17:12:15,328][    INFO] Epoch 44/100, iter 28/28, loss 0.4324, encoder LR 0.00059377
[2026-07-10 17:12:22,092][    INFO] Evaluation class [0 background]: IoU 91.96, Dice 95.81
[2026-07-10 17:12:22,093][    INFO] Evaluation class [1 epithelial tissue]: IoU 0.03, Dice 0.05
[2026-07-10 17:12:22,093][    INFO] Evaluation class [2 slough]: IoU 0.00, Dice 0.00
[2026-07-10 17:12:22,093][    INFO] Evaluation class [3 granulation tissue]: IoU 25.90, Dice 41.14
[2026-07-10 17:12:22,093][    INFO] Evaluation class [4 necrotic tissue]: IoU 0.00, Dice 0.00
[2026-07-10 17:12:22,094][    INFO] Evaluation class [5 other]: IoU 0.00, Dice 0.00
[2026-07-10 17:12:22,094][    INFO] Evaluation epoch 43: MeanIoU 19.65, MeanDice 22.84; BEST mIoU 19.89, Dice 23.17 at epoch 8
[2026-07-10 17:12:22,762][    INFO] Epoch 45/100, iter 1/28, loss 0.4590, encoder LR 0.00059343
[2026-07-10 17:12:24,774][    INFO] Epoch 45/100, iter 4/28, loss 0.3032, encoder LR 0.000592408
[2026-07-10 17:12:25,562][    INFO] Epoch 45/100, iter 7/28, loss 0.3050, encoder LR 0.000591386
[2026-07-10 17:12:26,598][    INFO] Epoch 45/100, iter 10/28, loss 0.4315, encoder LR 0.000590363
[2026-07-10 17:12:28,402][    INFO] Epoch 45/100, iter 13/28, loss 0.5798, encoder LR 0.000589341
[2026-07-10 17:12:28,978][    INFO] Epoch 45/100, iter 16/28, loss 0.6332, encoder LR 0.000588318
[2026-07-10 17:12:29,083][    INFO] Epoch 45/100, iter 19/28, loss 0.5661, encoder LR 0.000587295
[2026-07-10 17:12:30,010][    INFO] Epoch 45/100, iter 22/28, loss 0.5918, encoder LR 0.000586272
[2026-07-10 17:12:31,240][    INFO] Epoch 45/100, iter 25/28, loss 0.5453, encoder LR 0.000585249
[2026-07-10 17:12:31,934][    INFO] Epoch 45/100, iter 28/28, loss 0.5562, encoder LR 0.000584225
[2026-07-10 17:12:38,774][    INFO] Evaluation class [0 background]: IoU 91.74, Dice 95.69
[2026-07-10 17:12:38,774][    INFO] Evaluation class [1 epithelial tissue]: IoU 0.09, Dice 0.17
[2026-07-10 17:12:38,774][    INFO] Evaluation class [2 slough]: IoU 0.00, Dice 0.00
[2026-07-10 17:12:38,774][    INFO] Evaluation class [3 granulation tissue]: IoU 20.22, Dice 33.65
[2026-07-10 17:12:38,774][    INFO] Evaluation class [4 necrotic tissue]: IoU 0.00, Dice 0.00
[2026-07-10 17:12:38,775][    INFO] Evaluation class [5 other]: IoU 0.00, Dice 0.00
[2026-07-10 17:12:38,775][    INFO] Evaluation epoch 44: MeanIoU 18.68, MeanDice 21.58; BEST mIoU 19.89, Dice 23.17 at epoch 8
[2026-07-10 17:12:41,222][    INFO] Epoch 46/100, iter 1/28, loss 0.1880, encoder LR 0.000583884
[2026-07-10 17:12:41,326][    INFO] Epoch 46/100, iter 4/28, loss 0.4311, encoder LR 0.00058286
[2026-07-10 17:12:42,761][    INFO] Epoch 46/100, iter 7/28, loss 0.3340, encoder LR 0.000581836
[2026-07-10 17:12:43,253][    INFO] Epoch 46/100, iter 10/28, loss 0.4262, encoder LR 0.000580812
[2026-07-10 17:12:43,373][    INFO] Epoch 46/100, iter 13/28, loss 0.5280, encoder LR 0.000579787
[2026-07-10 17:12:44,355][    INFO] Epoch 46/100, iter 16/28, loss 0.5546, encoder LR 0.000578763
[2026-07-10 17:12:44,644][    INFO] Epoch 46/100, iter 19/28, loss 0.5364, encoder LR 0.000577738
[2026-07-10 17:12:45,730][    INFO] Epoch 46/100, iter 22/28, loss 0.5024, encoder LR 0.000576713
[2026-07-10 17:12:47,120][    INFO] Epoch 46/100, iter 25/28, loss 0.4990, encoder LR 0.000575688
[2026-07-10 17:12:47,224][    INFO] Epoch 46/100, iter 28/28, loss 0.5119, encoder LR 0.000574662
[2026-07-10 17:12:54,006][    INFO] Evaluation class [0 background]: IoU 91.55, Dice 95.59
[2026-07-10 17:12:54,006][    INFO] Evaluation class [1 epithelial tissue]: IoU 0.00, Dice 0.00
[2026-07-10 17:12:54,006][    INFO] Evaluation class [2 slough]: IoU 0.00, Dice 0.00
[2026-07-10 17:12:54,007][    INFO] Evaluation class [3 granulation tissue]: IoU 8.69, Dice 15.99
[2026-07-10 17:12:54,007][    INFO] Evaluation class [4 necrotic tissue]: IoU 0.00, Dice 0.00
[2026-07-10 17:12:54,007][    INFO] Evaluation class [5 other]: IoU 0.00, Dice 0.00
[2026-07-10 17:12:54,007][    INFO] Evaluation epoch 45: MeanIoU 16.71, MeanDice 18.60; BEST mIoU 19.89, Dice 23.17 at epoch 8
[2026-07-10 17:12:55,559][    INFO] Epoch 47/100, iter 1/28, loss 0.1920, encoder LR 0.000574321
[2026-07-10 17:12:56,327][    INFO] Epoch 47/100, iter 4/28, loss 0.4131, encoder LR 0.000573295
[2026-07-10 17:12:57,803][    INFO] Epoch 47/100, iter 7/28, loss 0.4146, encoder LR 0.000572269
[2026-07-10 17:12:58,599][    INFO] Epoch 47/100, iter 10/28, loss 0.3675, encoder LR 0.000571243
[2026-07-10 17:12:58,704][    INFO] Epoch 47/100, iter 13/28, loss 0.3240, encoder LR 0.000570217
[2026-07-10 17:13:00,439][    INFO] Epoch 47/100, iter 16/28, loss 0.3026, encoder LR 0.00056919
[2026-07-10 17:13:01,590][    INFO] Epoch 47/100, iter 19/28, loss 0.3185, encoder LR 0.000568163
[2026-07-10 17:13:02,006][    INFO] Epoch 47/100, iter 22/28, loss 0.3683, encoder LR 0.000567137
[2026-07-10 17:13:02,108][    INFO] Epoch 47/100, iter 25/28, loss 0.3831, encoder LR 0.000566109
[2026-07-10 17:13:03,725][    INFO] Epoch 47/100, iter 28/28, loss 0.3556, encoder LR 0.000565082
[2026-07-10 17:13:10,496][    INFO] Evaluation class [0 background]: IoU 91.39, Dice 95.50
[2026-07-10 17:13:10,496][    INFO] Evaluation class [1 epithelial tissue]: IoU 0.00, Dice 0.00
[2026-07-10 17:13:10,497][    INFO] Evaluation class [2 slough]: IoU 0.00, Dice 0.00
[2026-07-10 17:13:10,497][    INFO] Evaluation class [3 granulation tissue]: IoU 1.84, Dice 3.62
[2026-07-10 17:13:10,497][    INFO] Evaluation class [4 necrotic tissue]: IoU 0.00, Dice 0.00
[2026-07-10 17:13:10,497][    INFO] Evaluation class [5 other]: IoU 0.00, Dice 0.00
[2026-07-10 17:13:10,497][    INFO] Evaluation epoch 46: MeanIoU 15.54, MeanDice 16.52; BEST mIoU 19.89, Dice 23.17 at epoch 8
[2026-07-10 17:13:11,390][    INFO] Epoch 48/100, iter 1/28, loss 0.0654, encoder LR 0.00056474
[2026-07-10 17:13:12,581][    INFO] Epoch 48/100, iter 4/28, loss 0.2247, encoder LR 0.000563712
[2026-07-10 17:13:14,224][    INFO] Epoch 48/100, iter 7/28, loss 0.5416, encoder LR 0.000562684
[2026-07-10 17:13:14,329][    INFO] Epoch 48/100, iter 10/28, loss 0.4583, encoder LR 0.000561656
[2026-07-10 17:13:15,189][    INFO] Epoch 48/100, iter 13/28, loss 0.5678, encoder LR 0.000560628
[2026-07-10 17:13:17,390][    INFO] Epoch 48/100, iter 16/28, loss 0.5228, encoder LR 0.0005596
[2026-07-10 17:13:18,419][    INFO] Epoch 48/100, iter 19/28, loss 0.5212, encoder LR 0.000558571
[2026-07-10 17:13:18,523][    INFO] Epoch 48/100, iter 22/28, loss 0.5279, encoder LR 0.000557542
[2026-07-10 17:13:18,826][    INFO] Epoch 48/100, iter 25/28, loss 0.4913, encoder LR 0.000556513
[2026-07-10 17:13:19,280][    INFO] Epoch 48/100, iter 28/28, loss 0.4751, encoder LR 0.000555484
[2026-07-10 17:13:26,256][    INFO] Evaluation class [0 background]: IoU 91.84, Dice 95.74
[2026-07-10 17:13:26,257][    INFO] Evaluation class [1 epithelial tissue]: IoU 0.00, Dice 0.00
[2026-07-10 17:13:26,257][    INFO] Evaluation class [2 slough]: IoU 0.00, Dice 0.00
[2026-07-10 17:13:26,257][    INFO] Evaluation class [3 granulation tissue]: IoU 20.73, Dice 34.34
[2026-07-10 17:13:26,257][    INFO] Evaluation class [4 necrotic tissue]: IoU 0.00, Dice 0.00
[2026-07-10 17:13:26,257][    INFO] Evaluation class [5 other]: IoU 0.00, Dice 0.00
[2026-07-10 17:13:26,257][    INFO] Evaluation epoch 47: MeanIoU 18.76, MeanDice 21.68; BEST mIoU 19.89, Dice 23.17 at epoch 8
[2026-07-10 17:13:28,202][    INFO] Epoch 49/100, iter 1/28, loss 0.3633, encoder LR 0.000555141
[2026-07-10 17:13:28,305][    INFO] Epoch 49/100, iter 4/28, loss 0.4826, encoder LR 0.000554111
[2026-07-10 17:13:29,921][    INFO] Epoch 49/100, iter 7/28, loss 0.3575, encoder LR 0.000553081
[2026-07-10 17:13:30,420][    INFO] Epoch 49/100, iter 10/28, loss 0.3355, encoder LR 0.000552051
[2026-07-10 17:13:32,218][    INFO] Epoch 49/100, iter 13/28, loss 0.3612, encoder LR 0.000551021
[2026-07-10 17:13:32,326][    INFO] Epoch 49/100, iter 16/28, loss 0.3876, encoder LR 0.000549991
[2026-07-10 17:13:33,605][    INFO] Epoch 49/100, iter 19/28, loss 0.3468, encoder LR 0.00054896
[2026-07-10 17:13:34,109][    INFO] Epoch 49/100, iter 22/28, loss 0.3812, encoder LR 0.000547929
[2026-07-10 17:13:34,309][    INFO] Epoch 49/100, iter 25/28, loss 0.3656, encoder LR 0.000546898
[2026-07-10 17:13:35,012][    INFO] Epoch 49/100, iter 28/28, loss 0.3523, encoder LR 0.000545867
[2026-07-10 17:13:41,771][    INFO] Evaluation class [0 background]: IoU 91.69, Dice 95.66
[2026-07-10 17:13:41,772][    INFO] Evaluation class [1 epithelial tissue]: IoU 0.00, Dice 0.00
[2026-07-10 17:13:41,772][    INFO] Evaluation class [2 slough]: IoU 0.00, Dice 0.00
[2026-07-10 17:13:41,772][    INFO] Evaluation class [3 granulation tissue]: IoU 16.49, Dice 28.31
[2026-07-10 17:13:41,772][    INFO] Evaluation class [4 necrotic tissue]: IoU 0.00, Dice 0.00
[2026-07-10 17:13:41,772][    INFO] Evaluation class [5 other]: IoU 0.00, Dice 0.00
[2026-07-10 17:13:41,772][    INFO] Evaluation epoch 48: MeanIoU 18.03, MeanDice 20.66; BEST mIoU 19.89, Dice 23.17 at epoch 8
[2026-07-10 17:13:42,345][    INFO] Epoch 50/100, iter 1/28, loss 0.2165, encoder LR 0.000545523
[2026-07-10 17:13:43,819][    INFO] Epoch 50/100, iter 4/28, loss 0.2540, encoder LR 0.000544492
[2026-07-10 17:13:44,255][    INFO] Epoch 50/100, iter 7/28, loss 0.3110, encoder LR 0.00054346
[2026-07-10 17:13:44,951][    INFO] Epoch 50/100, iter 10/28, loss 0.2651, encoder LR 0.000542428
[2026-07-10 17:13:45,059][    INFO] Epoch 50/100, iter 13/28, loss 0.2865, encoder LR 0.000541396
[2026-07-10 17:13:46,111][    INFO] Epoch 50/100, iter 16/28, loss 0.3146, encoder LR 0.000540363
[2026-07-10 17:13:47,059][    INFO] Epoch 50/100, iter 19/28, loss 0.3354, encoder LR 0.00053933
[2026-07-10 17:13:48,376][    INFO] Epoch 50/100, iter 22/28, loss 0.3821, encoder LR 0.000538298
[2026-07-10 17:13:48,481][    INFO] Epoch 50/100, iter 25/28, loss 0.3674, encoder LR 0.000537265
[2026-07-10 17:13:49,400][    INFO] Epoch 50/100, iter 28/28, loss 0.3442, encoder LR 0.000536231
[2026-07-10 17:13:56,362][    INFO] Evaluation class [0 background]: IoU 91.71, Dice 95.68
[2026-07-10 17:13:56,363][    INFO] Evaluation class [1 epithelial tissue]: IoU 0.00, Dice 0.00
[2026-07-10 17:13:56,364][    INFO] Evaluation class [2 slough]: IoU 0.00, Dice 0.00
[2026-07-10 17:13:56,365][    INFO] Evaluation class [3 granulation tissue]: IoU 17.31, Dice 29.51
[2026-07-10 17:13:56,366][    INFO] Evaluation class [4 necrotic tissue]: IoU 0.00, Dice 0.00
[2026-07-10 17:13:56,367][    INFO] Evaluation class [5 other]: IoU 0.00, Dice 0.00
[2026-07-10 17:13:56,367][    INFO] Evaluation epoch 49: MeanIoU 18.17, MeanDice 20.86; BEST mIoU 19.89, Dice 23.17 at epoch 8
[2026-07-10 17:13:57,988][    INFO] Epoch 51/100, iter 1/28, loss 0.8220, encoder LR 0.000535887
[2026-07-10 17:13:59,251][    INFO] Epoch 51/100, iter 4/28, loss 0.5245, encoder LR 0.000534853
[2026-07-10 17:13:59,620][    INFO] Epoch 51/100, iter 7/28, loss 0.4138, encoder LR 0.000533819
[2026-07-10 17:14:00,660][    INFO] Epoch 51/100, iter 10/28, loss 0.4007, encoder LR 0.000532785
[2026-07-10 17:14:00,767][    INFO] Epoch 51/100, iter 13/28, loss 0.4208, encoder LR 0.000531751
[2026-07-10 17:14:02,000][    INFO] Epoch 51/100, iter 16/28, loss 0.4071, encoder LR 0.000530716
[2026-07-10 17:14:02,565][    INFO] Epoch 51/100, iter 19/28, loss 0.4280, encoder LR 0.000529682
[2026-07-10 17:14:03,524][    INFO] Epoch 51/100, iter 22/28, loss 0.4091, encoder LR 0.000528647
[2026-07-10 17:14:03,880][    INFO] Epoch 51/100, iter 25/28, loss 0.3844, encoder LR 0.000527612
[2026-07-10 17:14:04,314][    INFO] Epoch 51/100, iter 28/28, loss 0.5181, encoder LR 0.000526576
[2026-07-10 17:14:10,917][    INFO] Evaluation class [0 background]: IoU 91.42, Dice 95.52
[2026-07-10 17:14:10,918][    INFO] Evaluation class [1 epithelial tissue]: IoU 0.00, Dice 0.00
[2026-07-10 17:14:10,918][    INFO] Evaluation class [2 slough]: IoU 0.00, Dice 0.00
[2026-07-10 17:14:10,918][    INFO] Evaluation class [3 granulation tissue]: IoU 4.45, Dice 8.52
[2026-07-10 17:14:10,918][    INFO] Evaluation class [4 necrotic tissue]: IoU 0.00, Dice 0.00
[2026-07-10 17:14:10,919][    INFO] Evaluation class [5 other]: IoU 0.00, Dice 0.00
[2026-07-10 17:14:10,919][    INFO] Evaluation epoch 50: MeanIoU 15.98, MeanDice 17.34; BEST mIoU 19.89, Dice 23.17 at epoch 8
[2026-07-10 17:14:12,495][    INFO] Epoch 52/100, iter 1/28, loss 0.0822, encoder LR 0.000526231
[2026-07-10 17:14:13,402][    INFO] Epoch 52/100, iter 4/28, loss 0.3711, encoder LR 0.000525195
[2026-07-10 17:14:13,507][    INFO] Epoch 52/100, iter 7/28, loss 0.3565, encoder LR 0.000524159
[2026-07-10 17:14:13,612][    INFO] Epoch 52/100, iter 10/28, loss 0.4441, encoder LR 0.000523123
[2026-07-10 17:14:15,026][    INFO] Epoch 52/100, iter 13/28, loss 0.3957, encoder LR 0.000522087
[2026-07-10 17:14:16,115][    INFO] Epoch 52/100, iter 16/28, loss 0.3765, encoder LR 0.00052105
[2026-07-10 17:14:16,460][    INFO] Epoch 52/100, iter 19/28, loss 0.3672, encoder LR 0.000520013
[2026-07-10 17:14:16,986][    INFO] Epoch 52/100, iter 22/28, loss 0.3610, encoder LR 0.000518976
[2026-07-10 17:14:17,773][    INFO] Epoch 52/100, iter 25/28, loss 0.3788, encoder LR 0.000517939
[2026-07-10 17:14:18,171][    INFO] Epoch 52/100, iter 28/28, loss 0.3874, encoder LR 0.000516902
[2026-07-10 17:14:24,860][    INFO] Evaluation class [0 background]: IoU 91.53, Dice 95.58
[2026-07-10 17:14:24,860][    INFO] Evaluation class [1 epithelial tissue]: IoU 0.00, Dice 0.00
[2026-07-10 17:14:24,860][    INFO] Evaluation class [2 slough]: IoU 0.00, Dice 0.00
[2026-07-10 17:14:24,861][    INFO] Evaluation class [3 granulation tissue]: IoU 10.85, Dice 19.57
[2026-07-10 17:14:24,861][    INFO] Evaluation class [4 necrotic tissue]: IoU 0.00, Dice 0.00
[2026-07-10 17:14:24,861][    INFO] Evaluation class [5 other]: IoU 0.00, Dice 0.00
[2026-07-10 17:14:24,861][    INFO] Evaluation epoch 51: MeanIoU 17.06, MeanDice 19.19; BEST mIoU 19.89, Dice 23.17 at epoch 8
[2026-07-10 17:14:25,853][    INFO] Epoch 53/100, iter 1/28, loss 0.1520, encoder LR 0.000516556
[2026-07-10 17:14:26,893][    INFO] Epoch 53/100, iter 4/28, loss 0.1415, encoder LR 0.000515518
[2026-07-10 17:14:27,444][    INFO] Epoch 53/100, iter 7/28, loss 0.1896, encoder LR 0.00051448
[2026-07-10 17:14:28,205][    INFO] Epoch 53/100, iter 10/28, loss 0.1840, encoder LR 0.000513441
[2026-07-10 17:14:29,595][    INFO] Epoch 53/100, iter 13/28, loss 0.1936, encoder LR 0.000512403
[2026-07-10 17:14:29,703][    INFO] Epoch 53/100, iter 16/28, loss 0.2626, encoder LR 0.000511364
[2026-07-10 17:14:29,851][    INFO] Epoch 53/100, iter 19/28, loss 0.2401, encoder LR 0.000510325
[2026-07-10 17:14:31,280][    INFO] Epoch 53/100, iter 22/28, loss 0.2799, encoder LR 0.000509286
[2026-07-10 17:14:31,801][    INFO] Epoch 53/100, iter 25/28, loss 0.3121, encoder LR 0.000508246
[2026-07-10 17:14:32,443][    INFO] Epoch 53/100, iter 28/28, loss 0.3373, encoder LR 0.000507207
[2026-07-10 17:14:39,127][    INFO] Evaluation class [0 background]: IoU 91.55, Dice 95.59
[2026-07-10 17:14:39,127][    INFO] Evaluation class [1 epithelial tissue]: IoU 0.00, Dice 0.01
[2026-07-10 17:14:39,127][    INFO] Evaluation class [2 slough]: IoU 0.00, Dice 0.00
[2026-07-10 17:14:39,128][    INFO] Evaluation class [3 granulation tissue]: IoU 10.43, Dice 18.89
[2026-07-10 17:14:39,128][    INFO] Evaluation class [4 necrotic tissue]: IoU 0.00, Dice 0.00
[2026-07-10 17:14:39,128][    INFO] Evaluation class [5 other]: IoU 0.00, Dice 0.00
[2026-07-10 17:14:39,128][    INFO] Evaluation epoch 52: MeanIoU 17.00, MeanDice 19.08; BEST mIoU 19.89, Dice 23.17 at epoch 8
[2026-07-10 17:14:40,473][    INFO] Epoch 54/100, iter 1/28, loss 0.4722, encoder LR 0.00050686
[2026-07-10 17:14:41,996][    INFO] Epoch 54/100, iter 4/28, loss 0.4318, encoder LR 0.00050582
[2026-07-10 17:14:42,544][    INFO] Epoch 54/100, iter 7/28, loss 0.4419, encoder LR 0.00050478
[2026-07-10 17:14:43,232][    INFO] Epoch 54/100, iter 10/28, loss 0.3718, encoder LR 0.000503739
[2026-07-10 17:14:43,352][    INFO] Epoch 54/100, iter 13/28, loss 0.4064, encoder LR 0.000502699
[2026-07-10 17:14:44,715][    INFO] Epoch 54/100, iter 16/28, loss 0.3999, encoder LR 0.000501658
[2026-07-10 17:14:45,378][    INFO] Epoch 54/100, iter 19/28, loss 0.4286, encoder LR 0.000500616
[2026-07-10 17:14:46,194][    INFO] Epoch 54/100, iter 22/28, loss 0.4062, encoder LR 0.000499575
[2026-07-10 17:14:47,838][    INFO] Epoch 54/100, iter 25/28, loss 0.3728, encoder LR 0.000498533
[2026-07-10 17:14:48,318][    INFO] Epoch 54/100, iter 28/28, loss 0.3747, encoder LR 0.000497491
[2026-07-10 17:14:55,041][    INFO] Evaluation class [0 background]: IoU 91.40, Dice 95.51
[2026-07-10 17:14:55,041][    INFO] Evaluation class [1 epithelial tissue]: IoU 0.00, Dice 0.00
[2026-07-10 17:14:55,042][    INFO] Evaluation class [2 slough]: IoU 0.00, Dice 0.00
[2026-07-10 17:14:55,042][    INFO] Evaluation class [3 granulation tissue]: IoU 2.56, Dice 5.00
[2026-07-10 17:14:55,042][    INFO] Evaluation class [4 necrotic tissue]: IoU 0.00, Dice 0.00
[2026-07-10 17:14:55,042][    INFO] Evaluation class [5 other]: IoU 0.00, Dice 0.00
[2026-07-10 17:14:55,042][    INFO] Evaluation epoch 53: MeanIoU 15.66, MeanDice 16.75; BEST mIoU 19.89, Dice 23.17 at epoch 8
[2026-07-10 17:14:56,223][    INFO] Epoch 55/100, iter 1/28, loss 0.1355, encoder LR 0.000497144
[2026-07-10 17:14:56,330][    INFO] Epoch 55/100, iter 4/28, loss 0.1338, encoder LR 0.000496102
[2026-07-10 17:14:58,029][    INFO] Epoch 55/100, iter 7/28, loss 0.2131, encoder LR 0.000495059
[2026-07-10 17:14:58,136][    INFO] Epoch 55/100, iter 10/28, loss 0.2046, encoder LR 0.000494016
[2026-07-10 17:14:58,572][    INFO] Epoch 55/100, iter 13/28, loss 0.2411, encoder LR 0.000492973
[2026-07-10 17:14:59,486][    INFO] Epoch 55/100, iter 16/28, loss 0.2565, encoder LR 0.00049193
[2026-07-10 17:15:01,191][    INFO] Epoch 55/100, iter 19/28, loss 0.2495, encoder LR 0.000490887
[2026-07-10 17:15:01,301][    INFO] Epoch 55/100, iter 22/28, loss 0.2815, encoder LR 0.000489843
[2026-07-10 17:15:01,881][    INFO] Epoch 55/100, iter 25/28, loss 0.2878, encoder LR 0.000488799
[2026-07-10 17:15:02,684][    INFO] Epoch 55/100, iter 28/28, loss 0.2686, encoder LR 0.000487755
[2026-07-10 17:15:10,036][    INFO] Evaluation class [0 background]: IoU 91.47, Dice 95.54
[2026-07-10 17:15:10,037][    INFO] Evaluation class [1 epithelial tissue]: IoU 0.00, Dice 0.00
[2026-07-10 17:15:10,037][    INFO] Evaluation class [2 slough]: IoU 0.00, Dice 0.00
[2026-07-10 17:15:10,037][    INFO] Evaluation class [3 granulation tissue]: IoU 5.79, Dice 10.95
[2026-07-10 17:15:10,037][    INFO] Evaluation class [4 necrotic tissue]: IoU 0.00, Dice 0.00
[2026-07-10 17:15:10,037][    INFO] Evaluation class [5 other]: IoU 0.00, Dice 0.00
[2026-07-10 17:15:10,037][    INFO] Evaluation epoch 54: MeanIoU 16.21, MeanDice 17.75; BEST mIoU 19.89, Dice 23.17 at epoch 8
[2026-07-10 17:15:11,661][    INFO] Epoch 56/100, iter 1/28, loss 0.1431, encoder LR 0.000487406
[2026-07-10 17:15:11,762][    INFO] Epoch 56/100, iter 4/28, loss 0.6595, encoder LR 0.000486362
[2026-07-10 17:15:13,477][    INFO] Epoch 56/100, iter 7/28, loss 0.5576, encoder LR 0.000485317
[2026-07-10 17:15:15,226][    INFO] Epoch 56/100, iter 10/28, loss 0.4692, encoder LR 0.000484272
[2026-07-10 17:15:15,335][    INFO] Epoch 56/100, iter 13/28, loss 0.4056, encoder LR 0.000483227
[2026-07-10 17:15:16,331][    INFO] Epoch 56/100, iter 16/28, loss 0.3933, encoder LR 0.000482181
[2026-07-10 17:15:16,437][    INFO] Epoch 56/100, iter 19/28, loss 0.3955, encoder LR 0.000481135
[2026-07-10 17:15:16,541][    INFO] Epoch 56/100, iter 22/28, loss 0.3732, encoder LR 0.000480089
[2026-07-10 17:15:17,543][    INFO] Epoch 56/100, iter 25/28, loss 0.3680, encoder LR 0.000479043
[2026-07-10 17:15:18,381][    INFO] Epoch 56/100, iter 28/28, loss 0.3529, encoder LR 0.000477996
[2026-07-10 17:15:25,099][    INFO] Evaluation class [0 background]: IoU 91.72, Dice 95.68
[2026-07-10 17:15:25,100][    INFO] Evaluation class [1 epithelial tissue]: IoU 0.00, Dice 0.00
[2026-07-10 17:15:25,100][    INFO] Evaluation class [2 slough]: IoU 0.00, Dice 0.00
[2026-07-10 17:15:25,100][    INFO] Evaluation class [3 granulation tissue]: IoU 16.06, Dice 27.67
[2026-07-10 17:15:25,100][    INFO] Evaluation class [4 necrotic tissue]: IoU 0.00, Dice 0.00
[2026-07-10 17:15:25,101][    INFO] Evaluation class [5 other]: IoU 0.00, Dice 0.00
[2026-07-10 17:15:25,101][    INFO] Evaluation epoch 55: MeanIoU 17.96, MeanDice 20.56; BEST mIoU 19.89, Dice 23.17 at epoch 8
[2026-07-10 17:15:26,499][    INFO] Epoch 57/100, iter 1/28, loss 1.1133, encoder LR 0.000477647
[2026-07-10 17:15:27,057][    INFO] Epoch 57/100, iter 4/28, loss 0.4839, encoder LR 0.0004766
[2026-07-10 17:15:28,627][    INFO] Epoch 57/100, iter 7/28, loss 0.7191, encoder LR 0.000475553
[2026-07-10 17:15:29,330][    INFO] Epoch 57/100, iter 10/28, loss 0.5639, encoder LR 0.000474506
[2026-07-10 17:15:29,438][    INFO] Epoch 57/100, iter 13/28, loss 0.4909, encoder LR 0.000473458
[2026-07-10 17:15:30,552][    INFO] Epoch 57/100, iter 16/28, loss 0.4545, encoder LR 0.00047241
[2026-07-10 17:15:31,755][    INFO] Epoch 57/100, iter 19/28, loss 0.4326, encoder LR 0.000471362
[2026-07-10 17:15:32,751][    INFO] Epoch 57/100, iter 22/28, loss 0.3876, encoder LR 0.000470314
[2026-07-10 17:15:32,851][    INFO] Epoch 57/100, iter 25/28, loss 0.3500, encoder LR 0.000469265
[2026-07-10 17:15:34,622][    INFO] Epoch 57/100, iter 28/28, loss 0.3347, encoder LR 0.000468216
[2026-07-10 17:15:41,345][    INFO] Evaluation class [0 background]: IoU 91.61, Dice 95.62
[2026-07-10 17:15:41,346][    INFO] Evaluation class [1 epithelial tissue]: IoU 0.00, Dice 0.00
[2026-07-10 17:15:41,346][    INFO] Evaluation class [2 slough]: IoU 0.00, Dice 0.00
[2026-07-10 17:15:41,346][    INFO] Evaluation class [3 granulation tissue]: IoU 12.52, Dice 22.25
[2026-07-10 17:15:41,346][    INFO] Evaluation class [4 necrotic tissue]: IoU 0.00, Dice 0.00
[2026-07-10 17:15:41,346][    INFO] Evaluation class [5 other]: IoU 0.00, Dice 0.00
[2026-07-10 17:15:41,346][    INFO] Evaluation epoch 56: MeanIoU 17.36, MeanDice 19.65; BEST mIoU 19.89, Dice 23.17 at epoch 8
[2026-07-10 17:15:42,001][    INFO] Epoch 58/100, iter 1/28, loss 0.4375, encoder LR 0.000467866
[2026-07-10 17:15:43,115][    INFO] Epoch 58/100, iter 4/28, loss 0.4097, encoder LR 0.000466817
[2026-07-10 17:15:43,810][    INFO] Epoch 58/100, iter 7/28, loss 0.3092, encoder LR 0.000465767
[2026-07-10 17:15:44,231][    INFO] Epoch 58/100, iter 10/28, loss 0.2818, encoder LR 0.000464717
[2026-07-10 17:15:45,371][    INFO] Epoch 58/100, iter 13/28, loss 0.2450, encoder LR 0.000463667
[2026-07-10 17:15:46,868][    INFO] Epoch 58/100, iter 16/28, loss 0.2575, encoder LR 0.000462617
[2026-07-10 17:15:46,974][    INFO] Epoch 58/100, iter 19/28, loss 0.2946, encoder LR 0.000461566
[2026-07-10 17:15:48,075][    INFO] Epoch 58/100, iter 22/28, loss 0.3024, encoder LR 0.000460515
[2026-07-10 17:15:48,694][    INFO] Epoch 58/100, iter 25/28, loss 0.2894, encoder LR 0.000459464
[2026-07-10 17:15:49,269][    INFO] Epoch 58/100, iter 28/28, loss 0.2943, encoder LR 0.000458413
[2026-07-10 17:15:55,935][    INFO] Evaluation class [0 background]: IoU 91.62, Dice 95.63
[2026-07-10 17:15:55,935][    INFO] Evaluation class [1 epithelial tissue]: IoU 0.00, Dice 0.00
[2026-07-10 17:15:55,935][    INFO] Evaluation class [2 slough]: IoU 0.00, Dice 0.00
[2026-07-10 17:15:55,935][    INFO] Evaluation class [3 granulation tissue]: IoU 12.70, Dice 22.54
[2026-07-10 17:15:55,935][    INFO] Evaluation class [4 necrotic tissue]: IoU 0.00, Dice 0.00
[2026-07-10 17:15:55,936][    INFO] Evaluation class [5 other]: IoU 0.00, Dice 0.00
[2026-07-10 17:15:55,936][    INFO] Evaluation epoch 57: MeanIoU 17.39, MeanDice 19.69; BEST mIoU 19.89, Dice 23.17 at epoch 8
[2026-07-10 17:15:56,542][    INFO] Epoch 59/100, iter 1/28, loss 0.8692, encoder LR 0.000458062
[2026-07-10 17:15:57,680][    INFO] Epoch 59/100, iter 4/28, loss 0.2877, encoder LR 0.00045701
[2026-07-10 17:15:58,179][    INFO] Epoch 59/100, iter 7/28, loss 0.4541, encoder LR 0.000455958
[2026-07-10 17:15:58,974][    INFO] Epoch 59/100, iter 10/28, loss 0.3765, encoder LR 0.000454906
[2026-07-10 17:16:00,501][    INFO] Epoch 59/100, iter 13/28, loss 0.3235, encoder LR 0.000453853
[2026-07-10 17:16:00,607][    INFO] Epoch 59/100, iter 16/28, loss 0.4563, encoder LR 0.0004528
[2026-07-10 17:16:01,186][    INFO] Epoch 59/100, iter 19/28, loss 0.5324, encoder LR 0.000451747
[2026-07-10 17:16:03,273][    INFO] Epoch 59/100, iter 22/28, loss 0.4937, encoder LR 0.000450694
[2026-07-10 17:16:04,224][    INFO] Epoch 59/100, iter 25/28, loss 0.4662, encoder LR 0.00044964
[2026-07-10 17:16:04,321][    INFO] Epoch 59/100, iter 28/28, loss 0.4334, encoder LR 0.000448586
[2026-07-10 17:16:11,081][    INFO] Evaluation class [0 background]: IoU 91.45, Dice 95.53
[2026-07-10 17:16:11,082][    INFO] Evaluation class [1 epithelial tissue]: IoU 0.00, Dice 0.00
[2026-07-10 17:16:11,082][    INFO] Evaluation class [2 slough]: IoU 0.00, Dice 0.00
[2026-07-10 17:16:11,082][    INFO] Evaluation class [3 granulation tissue]: IoU 4.53, Dice 8.67
[2026-07-10 17:16:11,083][    INFO] Evaluation class [4 necrotic tissue]: IoU 0.00, Dice 0.00
[2026-07-10 17:16:11,083][    INFO] Evaluation class [5 other]: IoU 0.00, Dice 0.00
[2026-07-10 17:16:11,083][    INFO] Evaluation epoch 58: MeanIoU 16.00, MeanDice 17.37; BEST mIoU 19.89, Dice 23.17 at epoch 8
[2026-07-10 17:16:11,648][    INFO] Epoch 60/100, iter 1/28, loss 0.7738, encoder LR 0.000448235
[2026-07-10 17:16:12,988][    INFO] Epoch 60/100, iter 4/28, loss 0.3668, encoder LR 0.00044718
[2026-07-10 17:16:14,435][    INFO] Epoch 60/100, iter 7/28, loss 0.6551, encoder LR 0.000446126
[2026-07-10 17:16:16,039][    INFO] Epoch 60/100, iter 10/28, loss 0.6353, encoder LR 0.000445071
[2026-07-10 17:16:16,148][    INFO] Epoch 60/100, iter 13/28, loss 0.5611, encoder LR 0.000444016
[2026-07-10 17:16:17,050][    INFO] Epoch 60/100, iter 16/28, loss 0.5061, encoder LR 0.00044296
[2026-07-10 17:16:18,609][    INFO] Epoch 60/100, iter 19/28, loss 0.5142, encoder LR 0.000441904
[2026-07-10 17:16:19,649][    INFO] Epoch 60/100, iter 22/28, loss 0.4839, encoder LR 0.000440848
[2026-07-10 17:16:19,753][    INFO] Epoch 60/100, iter 25/28, loss 0.5616, encoder LR 0.000439792
[2026-07-10 17:16:20,588][    INFO] Epoch 60/100, iter 28/28, loss 0.5244, encoder LR 0.000438736
[2026-07-10 17:16:27,258][    INFO] Evaluation class [0 background]: IoU 91.53, Dice 95.58
[2026-07-10 17:16:27,259][    INFO] Evaluation class [1 epithelial tissue]: IoU 0.00, Dice 0.00
[2026-07-10 17:16:27,259][    INFO] Evaluation class [2 slough]: IoU 0.00, Dice 0.00
[2026-07-10 17:16:27,259][    INFO] Evaluation class [3 granulation tissue]: IoU 8.72, Dice 16.04
[2026-07-10 17:16:27,259][    INFO] Evaluation class [4 necrotic tissue]: IoU 0.00, Dice 0.00
[2026-07-10 17:16:27,259][    INFO] Evaluation class [5 other]: IoU 0.00, Dice 0.00
[2026-07-10 17:16:27,259][    INFO] Evaluation epoch 59: MeanIoU 16.71, MeanDice 18.60; BEST mIoU 19.89, Dice 23.17 at epoch 8
[2026-07-10 17:16:27,864][    INFO] Epoch 61/100, iter 1/28, loss 0.1509, encoder LR 0.000438383
[2026-07-10 17:16:29,075][    INFO] Epoch 61/100, iter 4/28, loss 0.1741, encoder LR 0.000437326
[2026-07-10 17:16:30,157][    INFO] Epoch 61/100, iter 7/28, loss 0.2724, encoder LR 0.000436269
[2026-07-10 17:16:30,456][    INFO] Epoch 61/100, iter 10/28, loss 0.2370, encoder LR 0.000435212
[2026-07-10 17:16:30,806][    INFO] Epoch 61/100, iter 13/28, loss 0.2955, encoder LR 0.000434154
[2026-07-10 17:16:31,362][    INFO] Epoch 61/100, iter 16/28, loss 0.3043, encoder LR 0.000433096
[2026-07-10 17:16:32,642][    INFO] Epoch 61/100, iter 19/28, loss 0.2818, encoder LR 0.000432037
[2026-07-10 17:16:33,123][    INFO] Epoch 61/100, iter 22/28, loss 0.2632, encoder LR 0.000430979
[2026-07-10 17:16:33,231][    INFO] Epoch 61/100, iter 25/28, loss 0.2637, encoder LR 0.00042992
[2026-07-10 17:16:34,158][    INFO] Epoch 61/100, iter 28/28, loss 0.2513, encoder LR 0.00042886
[2026-07-10 17:16:40,862][    INFO] Evaluation class [0 background]: IoU 91.49, Dice 95.55
[2026-07-10 17:16:40,863][    INFO] Evaluation class [1 epithelial tissue]: IoU 0.00, Dice 0.00
[2026-07-10 17:16:40,863][    INFO] Evaluation class [2 slough]: IoU 0.00, Dice 0.00
[2026-07-10 17:16:40,863][    INFO] Evaluation class [3 granulation tissue]: IoU 7.41, Dice 13.79
[2026-07-10 17:16:40,863][    INFO] Evaluation class [4 necrotic tissue]: IoU 0.00, Dice 0.00
[2026-07-10 17:16:40,863][    INFO] Evaluation class [5 other]: IoU 0.00, Dice 0.00
[2026-07-10 17:16:40,863][    INFO] Evaluation epoch 60: MeanIoU 16.48, MeanDice 18.22; BEST mIoU 19.89, Dice 23.17 at epoch 8
[2026-07-10 17:16:41,461][    INFO] Epoch 62/100, iter 1/28, loss 0.6992, encoder LR 0.000428507
[2026-07-10 17:16:42,308][    INFO] Epoch 62/100, iter 4/28, loss 0.3397, encoder LR 0.000427448
[2026-07-10 17:16:43,509][    INFO] Epoch 62/100, iter 7/28, loss 0.3694, encoder LR 0.000426388
[2026-07-10 17:16:43,820][    INFO] Epoch 62/100, iter 10/28, loss 0.3609, encoder LR 0.000425327
[2026-07-10 17:16:45,030][    INFO] Epoch 62/100, iter 13/28, loss 0.5583, encoder LR 0.000424267
[2026-07-10 17:16:47,072][    INFO] Epoch 62/100, iter 16/28, loss 0.5193, encoder LR 0.000423206
[2026-07-10 17:16:47,179][    INFO] Epoch 62/100, iter 19/28, loss 0.4700, encoder LR 0.000422145
[2026-07-10 17:16:47,285][    INFO] Epoch 62/100, iter 22/28, loss 0.4483, encoder LR 0.000421084
[2026-07-10 17:16:48,076][    INFO] Epoch 62/100, iter 25/28, loss 0.4163, encoder LR 0.000420022
[2026-07-10 17:16:49,539][    INFO] Epoch 62/100, iter 28/28, loss 0.4084, encoder LR 0.00041896
[2026-07-10 17:16:56,908][    INFO] Evaluation class [0 background]: IoU 91.73, Dice 95.69
[2026-07-10 17:16:56,908][    INFO] Evaluation class [1 epithelial tissue]: IoU 0.00, Dice 0.01
[2026-07-10 17:16:56,909][    INFO] Evaluation class [2 slough]: IoU 0.00, Dice 0.00
[2026-07-10 17:16:56,909][    INFO] Evaluation class [3 granulation tissue]: IoU 16.01, Dice 27.61
[2026-07-10 17:16:56,909][    INFO] Evaluation class [4 necrotic tissue]: IoU 0.00, Dice 0.00
[2026-07-10 17:16:56,909][    INFO] Evaluation class [5 other]: IoU 0.00, Dice 0.00
[2026-07-10 17:16:56,909][    INFO] Evaluation epoch 61: MeanIoU 17.96, MeanDice 20.55; BEST mIoU 19.89, Dice 23.17 at epoch 8
[2026-07-10 17:16:57,909][    INFO] Epoch 63/100, iter 1/28, loss 0.2702, encoder LR 0.000418606
[2026-07-10 17:16:58,876][    INFO] Epoch 63/100, iter 4/28, loss 0.2146, encoder LR 0.000417543
[2026-07-10 17:16:59,231][    INFO] Epoch 63/100, iter 7/28, loss 0.2801, encoder LR 0.000416481
[2026-07-10 17:17:00,086][    INFO] Epoch 63/100, iter 10/28, loss 0.2914, encoder LR 0.000415418
[2026-07-10 17:17:01,514][    INFO] Epoch 63/100, iter 13/28, loss 0.3141, encoder LR 0.000414354
[2026-07-10 17:17:02,929][    INFO] Epoch 63/100, iter 16/28, loss 0.2823, encoder LR 0.000413291
[2026-07-10 17:17:03,754][    INFO] Epoch 63/100, iter 19/28, loss 0.2935, encoder LR 0.000412227
[2026-07-10 17:17:03,855][    INFO] Epoch 63/100, iter 22/28, loss 0.3069, encoder LR 0.000411163
[2026-07-10 17:17:04,168][    INFO] Epoch 63/100, iter 25/28, loss 0.2915, encoder LR 0.000410098
[2026-07-10 17:17:05,171][    INFO] Epoch 63/100, iter 28/28, loss 0.3000, encoder LR 0.000409033
[2026-07-10 17:17:11,951][    INFO] Evaluation class [0 background]: IoU 91.52, Dice 95.57
[2026-07-10 17:17:11,951][    INFO] Evaluation class [1 epithelial tissue]: IoU 0.00, Dice 0.00
[2026-07-10 17:17:11,951][    INFO] Evaluation class [2 slough]: IoU 0.00, Dice 0.00
[2026-07-10 17:17:11,952][    INFO] Evaluation class [3 granulation tissue]: IoU 8.66, Dice 15.94
[2026-07-10 17:17:11,952][    INFO] Evaluation class [4 necrotic tissue]: IoU 0.00, Dice 0.00
[2026-07-10 17:17:11,952][    INFO] Evaluation class [5 other]: IoU 0.00, Dice 0.00
[2026-07-10 17:17:11,952][    INFO] Evaluation epoch 62: MeanIoU 16.70, MeanDice 18.58; BEST mIoU 19.89, Dice 23.17 at epoch 8
[2026-07-10 17:17:13,321][    INFO] Epoch 64/100, iter 1/28, loss 0.0423, encoder LR 0.000408678
[2026-07-10 17:17:13,597][    INFO] Epoch 64/100, iter 4/28, loss 0.9099, encoder LR 0.000407613
[2026-07-10 17:17:14,545][    INFO] Epoch 64/100, iter 7/28, loss 0.6796, encoder LR 0.000406547
[2026-07-10 17:17:15,360][    INFO] Epoch 64/100, iter 10/28, loss 0.5287, encoder LR 0.000405482
[2026-07-10 17:17:15,731][    INFO] Epoch 64/100, iter 13/28, loss 0.4519, encoder LR 0.000404415
[2026-07-10 17:17:15,841][    INFO] Epoch 64/100, iter 16/28, loss 0.4264, encoder LR 0.000403349
[2026-07-10 17:17:17,384][    INFO] Epoch 64/100, iter 19/28, loss 0.3821, encoder LR 0.000402282
[2026-07-10 17:17:17,490][    INFO] Epoch 64/100, iter 22/28, loss 0.3565, encoder LR 0.000401215
[2026-07-10 17:17:18,117][    INFO] Epoch 64/100, iter 25/28, loss 0.3574, encoder LR 0.000400148
[2026-07-10 17:17:19,498][    INFO] Epoch 64/100, iter 28/28, loss 0.3370, encoder LR 0.00039908
[2026-07-10 17:17:26,156][    INFO] Evaluation class [0 background]: IoU 91.45, Dice 95.54
[2026-07-10 17:17:26,156][    INFO] Evaluation class [1 epithelial tissue]: IoU 0.00, Dice 0.00
[2026-07-10 17:17:26,157][    INFO] Evaluation class [2 slough]: IoU 0.00, Dice 0.00
[2026-07-10 17:17:26,157][    INFO] Evaluation class [3 granulation tissue]: IoU 5.51, Dice 10.45
[2026-07-10 17:17:26,157][    INFO] Evaluation class [4 necrotic tissue]: IoU 0.00, Dice 0.00
[2026-07-10 17:17:26,157][    INFO] Evaluation class [5 other]: IoU 0.00, Dice 0.00
[2026-07-10 17:17:26,157][    INFO] Evaluation epoch 63: MeanIoU 16.16, MeanDice 17.66; BEST mIoU 19.89, Dice 23.17 at epoch 8
[2026-07-10 17:17:26,879][    INFO] Epoch 65/100, iter 1/28, loss 0.1299, encoder LR 0.000398724
[2026-07-10 17:17:28,314][    INFO] Epoch 65/100, iter 4/28, loss 0.4439, encoder LR 0.000397656
[2026-07-10 17:17:29,660][    INFO] Epoch 65/100, iter 7/28, loss 0.3379, encoder LR 0.000396587
[2026-07-10 17:17:30,626][    INFO] Epoch 65/100, iter 10/28, loss 0.4519, encoder LR 0.000395518
[2026-07-10 17:17:30,732][    INFO] Epoch 65/100, iter 13/28, loss 0.3911, encoder LR 0.000394449
[2026-07-10 17:17:31,726][    INFO] Epoch 65/100, iter 16/28, loss 0.4545, encoder LR 0.00039338
[2026-07-10 17:17:32,897][    INFO] Epoch 65/100, iter 19/28, loss 0.3963, encoder LR 0.00039231
[2026-07-10 17:17:33,010][    INFO] Epoch 65/100, iter 22/28, loss 0.3648, encoder LR 0.00039124
[2026-07-10 17:17:33,924][    INFO] Epoch 65/100, iter 25/28, loss 0.3424, encoder LR 0.00039017
[2026-07-10 17:17:34,751][    INFO] Epoch 65/100, iter 28/28, loss 0.3516, encoder LR 0.000389099
[2026-07-10 17:17:41,507][    INFO] Evaluation class [0 background]: IoU 91.41, Dice 95.51
[2026-07-10 17:17:41,508][    INFO] Evaluation class [1 epithelial tissue]: IoU 0.00, Dice 0.00
[2026-07-10 17:17:41,508][    INFO] Evaluation class [2 slough]: IoU 0.00, Dice 0.00
[2026-07-10 17:17:41,508][    INFO] Evaluation class [3 granulation tissue]: IoU 3.22, Dice 6.24
[2026-07-10 17:17:41,509][    INFO] Evaluation class [4 necrotic tissue]: IoU 0.00, Dice 0.00
[2026-07-10 17:17:41,509][    INFO] Evaluation class [5 other]: IoU 0.00, Dice 0.00
[2026-07-10 17:17:41,509][    INFO] Evaluation epoch 64: MeanIoU 15.77, MeanDice 16.96; BEST mIoU 19.89, Dice 23.17 at epoch 8
[2026-07-10 17:17:42,552][    INFO] Epoch 66/100, iter 1/28, loss 0.9416, encoder LR 0.000388742
[2026-07-10 17:17:43,016][    INFO] Epoch 66/100, iter 4/28, loss 0.6445, encoder LR 0.000387671
[2026-07-10 17:17:44,170][    INFO] Epoch 66/100, iter 7/28, loss 0.4744, encoder LR 0.000386599
[2026-07-10 17:17:44,512][    INFO] Epoch 66/100, iter 10/28, loss 0.4075, encoder LR 0.000385527
[2026-07-10 17:17:45,210][    INFO] Epoch 66/100, iter 13/28, loss 0.3894, encoder LR 0.000384455
[2026-07-10 17:17:46,005][    INFO] Epoch 66/100, iter 16/28, loss 0.3829, encoder LR 0.000383383
[2026-07-10 17:17:47,237][    INFO] Epoch 66/100, iter 19/28, loss 0.5464, encoder LR 0.00038231
[2026-07-10 17:17:48,237][    INFO] Epoch 66/100, iter 22/28, loss 0.4882, encoder LR 0.000381237
[2026-07-10 17:17:49,105][    INFO] Epoch 66/100, iter 25/28, loss 0.4590, encoder LR 0.000380163
[2026-07-10 17:17:50,307][    INFO] Epoch 66/100, iter 28/28, loss 0.4399, encoder LR 0.000379089
[2026-07-10 17:17:56,963][    INFO] Evaluation class [0 background]: IoU 91.50, Dice 95.56
[2026-07-10 17:17:56,964][    INFO] Evaluation class [1 epithelial tissue]: IoU 0.01, Dice 0.02
[2026-07-10 17:17:56,964][    INFO] Evaluation class [2 slough]: IoU 0.00, Dice 0.00
[2026-07-10 17:17:56,964][    INFO] Evaluation class [3 granulation tissue]: IoU 10.41, Dice 18.85
[2026-07-10 17:17:56,964][    INFO] Evaluation class [4 necrotic tissue]: IoU 0.00, Dice 0.00
[2026-07-10 17:17:56,964][    INFO] Evaluation class [5 other]: IoU 0.00, Dice 0.00
[2026-07-10 17:17:56,964][    INFO] Evaluation epoch 65: MeanIoU 16.99, MeanDice 19.07; BEST mIoU 19.89, Dice 23.17 at epoch 8
[2026-07-10 17:17:57,883][    INFO] Epoch 67/100, iter 1/28, loss 0.0808, encoder LR 0.000378731
[2026-07-10 17:17:58,563][    INFO] Epoch 67/100, iter 4/28, loss 0.1866, encoder LR 0.000377657
[2026-07-10 17:17:59,813][    INFO] Epoch 67/100, iter 7/28, loss 0.4110, encoder LR 0.000376582
[2026-07-10 17:17:59,918][    INFO] Epoch 67/100, iter 10/28, loss 0.4141, encoder LR 0.000375507
[2026-07-10 17:18:00,642][    INFO] Epoch 67/100, iter 13/28, loss 0.3829, encoder LR 0.000374432
[2026-07-10 17:18:01,552][    INFO] Epoch 67/100, iter 16/28, loss 0.4040, encoder LR 0.000373356
[2026-07-10 17:18:02,030][    INFO] Epoch 67/100, iter 19/28, loss 0.4180, encoder LR 0.00037228
[2026-07-10 17:18:04,421][    INFO] Epoch 67/100, iter 22/28, loss 0.5321, encoder LR 0.000371204
[2026-07-10 17:18:04,519][    INFO] Epoch 67/100, iter 25/28, loss 0.5061, encoder LR 0.000370127
[2026-07-10 17:18:06,052][    INFO] Epoch 67/100, iter 28/28, loss 0.4784, encoder LR 0.00036905
[2026-07-10 17:18:13,366][    INFO] Evaluation class [0 background]: IoU 91.55, Dice 95.59
[2026-07-10 17:18:13,367][    INFO] Evaluation class [1 epithelial tissue]: IoU 0.01, Dice 0.01
[2026-07-10 17:18:13,367][    INFO] Evaluation class [2 slough]: IoU 0.00, Dice 0.00
[2026-07-10 17:18:13,367][    INFO] Evaluation class [3 granulation tissue]: IoU 11.78, Dice 21.07
[2026-07-10 17:18:13,367][    INFO] Evaluation class [4 necrotic tissue]: IoU 0.00, Dice 0.00
[2026-07-10 17:18:13,367][    INFO] Evaluation class [5 other]: IoU 0.00, Dice 0.00
[2026-07-10 17:18:13,367][    INFO] Evaluation epoch 66: MeanIoU 17.22, MeanDice 19.45; BEST mIoU 19.89, Dice 23.17 at epoch 8
[2026-07-10 17:18:14,605][    INFO] Epoch 68/100, iter 1/28, loss 0.2688, encoder LR 0.000368691
[2026-07-10 17:18:14,897][    INFO] Epoch 68/100, iter 4/28, loss 0.2463, encoder LR 0.000367613
[2026-07-10 17:18:15,705][    INFO] Epoch 68/100, iter 7/28, loss 0.3630, encoder LR 0.000366536
[2026-07-10 17:18:16,145][    INFO] Epoch 68/100, iter 10/28, loss 0.5267, encoder LR 0.000365457
[2026-07-10 17:18:16,756][    INFO] Epoch 68/100, iter 13/28, loss 0.5435, encoder LR 0.000364379
[2026-07-10 17:18:17,912][    INFO] Epoch 68/100, iter 16/28, loss 0.4868, encoder LR 0.0003633
[2026-07-10 17:18:19,317][    INFO] Epoch 68/100, iter 19/28, loss 0.4642, encoder LR 0.000362221
[2026-07-10 17:18:19,577][    INFO] Epoch 68/100, iter 22/28, loss 0.4791, encoder LR 0.000361141
[2026-07-10 17:18:21,460][    INFO] Epoch 68/100, iter 25/28, loss 0.4451, encoder LR 0.000360061
[2026-07-10 17:18:22,161][    INFO] Epoch 68/100, iter 28/28, loss 0.4650, encoder LR 0.000358981
[2026-07-10 17:18:28,964][    INFO] Evaluation class [0 background]: IoU 91.51, Dice 95.57
[2026-07-10 17:18:28,964][    INFO] Evaluation class [1 epithelial tissue]: IoU 0.00, Dice 0.00
[2026-07-10 17:18:28,964][    INFO] Evaluation class [2 slough]: IoU 0.00, Dice 0.00
[2026-07-10 17:18:28,964][    INFO] Evaluation class [3 granulation tissue]: IoU 7.92, Dice 14.67
[2026-07-10 17:18:28,964][    INFO] Evaluation class [4 necrotic tissue]: IoU 0.00, Dice 0.00
[2026-07-10 17:18:28,964][    INFO] Evaluation class [5 other]: IoU 0.00, Dice 0.00
[2026-07-10 17:18:28,965][    INFO] Evaluation epoch 67: MeanIoU 16.57, MeanDice 18.37; BEST mIoU 19.89, Dice 23.17 at epoch 8
[2026-07-10 17:18:31,193][    INFO] Epoch 69/100, iter 1/28, loss 0.1767, encoder LR 0.00035862
[2026-07-10 17:18:31,298][    INFO] Epoch 69/100, iter 4/28, loss 0.1817, encoder LR 0.00035754
[2026-07-10 17:18:32,840][    INFO] Epoch 69/100, iter 7/28, loss 0.1922, encoder LR 0.000356458
[2026-07-10 17:18:33,901][    INFO] Epoch 69/100, iter 10/28, loss 0.2563, encoder LR 0.000355377
[2026-07-10 17:18:35,242][    INFO] Epoch 69/100, iter 13/28, loss 0.2116, encoder LR 0.000354295
[2026-07-10 17:18:35,351][    INFO] Epoch 69/100, iter 16/28, loss 0.3082, encoder LR 0.000353213
[2026-07-10 17:18:35,968][    INFO] Epoch 69/100, iter 19/28, loss 0.3611, encoder LR 0.00035213
[2026-07-10 17:18:37,013][    INFO] Epoch 69/100, iter 22/28, loss 0.3824, encoder LR 0.000351047
[2026-07-10 17:18:37,119][    INFO] Epoch 69/100, iter 25/28, loss 0.4198, encoder LR 0.000349963
[2026-07-10 17:18:37,986][    INFO] Epoch 69/100, iter 28/28, loss 0.4241, encoder LR 0.00034888
[2026-07-10 17:18:44,699][    INFO] Evaluation class [0 background]: IoU 91.41, Dice 95.51
[2026-07-10 17:18:44,700][    INFO] Evaluation class [1 epithelial tissue]: IoU 0.00, Dice 0.00
[2026-07-10 17:18:44,700][    INFO] Evaluation class [2 slough]: IoU 0.00, Dice 0.00
[2026-07-10 17:18:44,700][    INFO] Evaluation class [3 granulation tissue]: IoU 3.29, Dice 6.36
[2026-07-10 17:18:44,700][    INFO] Evaluation class [4 necrotic tissue]: IoU 0.00, Dice 0.00
[2026-07-10 17:18:44,700][    INFO] Evaluation class [5 other]: IoU 0.00, Dice 0.00
[2026-07-10 17:18:44,700][    INFO] Evaluation epoch 68: MeanIoU 15.78, MeanDice 16.98; BEST mIoU 19.89, Dice 23.17 at epoch 8
[2026-07-10 17:18:45,697][    INFO] Epoch 70/100, iter 1/28, loss 1.1809, encoder LR 0.000348518
[2026-07-10 17:18:46,295][    INFO] Epoch 70/100, iter 4/28, loss 0.4233, encoder LR 0.000347434
[2026-07-10 17:18:47,745][    INFO] Epoch 70/100, iter 7/28, loss 0.4799, encoder LR 0.000346349
[2026-07-10 17:18:47,907][    INFO] Epoch 70/100, iter 10/28, loss 0.4357, encoder LR 0.000345264
[2026-07-10 17:18:48,546][    INFO] Epoch 70/100, iter 13/28, loss 0.4452, encoder LR 0.000344179
[2026-07-10 17:18:48,759][    INFO] Epoch 70/100, iter 16/28, loss 0.4780, encoder LR 0.000343093
[2026-07-10 17:18:50,565][    INFO] Epoch 70/100, iter 19/28, loss 0.4363, encoder LR 0.000342007
[2026-07-10 17:18:50,672][    INFO] Epoch 70/100, iter 22/28, loss 0.4288, encoder LR 0.00034092
[2026-07-10 17:18:52,334][    INFO] Epoch 70/100, iter 25/28, loss 0.4278, encoder LR 0.000339833
[2026-07-10 17:18:52,439][    INFO] Epoch 70/100, iter 28/28, loss 0.4157, encoder LR 0.000338746
[2026-07-10 17:18:59,097][    INFO] Evaluation class [0 background]: IoU 91.52, Dice 95.57
[2026-07-10 17:18:59,097][    INFO] Evaluation class [1 epithelial tissue]: IoU 0.08, Dice 0.17
[2026-07-10 17:18:59,097][    INFO] Evaluation class [2 slough]: IoU 0.00, Dice 0.00
[2026-07-10 17:18:59,098][    INFO] Evaluation class [3 granulation tissue]: IoU 8.12, Dice 15.02
[2026-07-10 17:18:59,098][    INFO] Evaluation class [4 necrotic tissue]: IoU 0.00, Dice 0.00
[2026-07-10 17:18:59,098][    INFO] Evaluation class [5 other]: IoU 0.00, Dice 0.00
[2026-07-10 17:18:59,098][    INFO] Evaluation epoch 69: MeanIoU 16.62, MeanDice 18.46; BEST mIoU 19.89, Dice 23.17 at epoch 8
[2026-07-10 17:19:00,143][    INFO] Epoch 71/100, iter 1/28, loss 1.3404, encoder LR 0.000338383
[2026-07-10 17:19:01,865][    INFO] Epoch 71/100, iter 4/28, loss 0.7574, encoder LR 0.000337296
[2026-07-10 17:19:02,227][    INFO] Epoch 71/100, iter 7/28, loss 0.7638, encoder LR 0.000336207
[2026-07-10 17:19:03,372][    INFO] Epoch 71/100, iter 10/28, loss 0.5896, encoder LR 0.000335119
[2026-07-10 17:19:03,480][    INFO] Epoch 71/100, iter 13/28, loss 0.5270, encoder LR 0.00033403
[2026-07-10 17:19:05,822][    INFO] Epoch 71/100, iter 16/28, loss 0.4812, encoder LR 0.00033294
[2026-07-10 17:19:07,041][    INFO] Epoch 71/100, iter 19/28, loss 0.4328, encoder LR 0.00033185
[2026-07-10 17:19:09,044][    INFO] Epoch 71/100, iter 22/28, loss 0.4742, encoder LR 0.00033076
[2026-07-10 17:19:09,148][    INFO] Epoch 71/100, iter 25/28, loss 0.4470, encoder LR 0.00032967
[2026-07-10 17:19:10,457][    INFO] Epoch 71/100, iter 28/28, loss 0.4342, encoder LR 0.000328579
[2026-07-10 17:19:17,019][    INFO] Evaluation class [0 background]: IoU 91.43, Dice 95.52
[2026-07-10 17:19:17,020][    INFO] Evaluation class [1 epithelial tissue]: IoU 0.00, Dice 0.00
[2026-07-10 17:19:17,020][    INFO] Evaluation class [2 slough]: IoU 0.00, Dice 0.00
[2026-07-10 17:19:17,020][    INFO] Evaluation class [3 granulation tissue]: IoU 5.16, Dice 9.81
[2026-07-10 17:19:17,020][    INFO] Evaluation class [4 necrotic tissue]: IoU 0.00, Dice 0.00
[2026-07-10 17:19:17,020][    INFO] Evaluation class [5 other]: IoU 0.00, Dice 0.00
[2026-07-10 17:19:17,020][    INFO] Evaluation epoch 70: MeanIoU 16.10, MeanDice 17.56; BEST mIoU 19.89, Dice 23.17 at epoch 8
[2026-07-10 17:19:17,862][    INFO] Epoch 72/100, iter 1/28, loss 0.1965, encoder LR 0.000328215
[2026-07-10 17:19:18,891][    INFO] Epoch 72/100, iter 4/28, loss 0.2077, encoder LR 0.000327123
[2026-07-10 17:19:20,149][    INFO] Epoch 72/100, iter 7/28, loss 0.2553, encoder LR 0.000326031
[2026-07-10 17:19:20,257][    INFO] Epoch 72/100, iter 10/28, loss 0.3231, encoder LR 0.000324939
[2026-07-10 17:19:22,225][    INFO] Epoch 72/100, iter 13/28, loss 0.3297, encoder LR 0.000323846
[2026-07-10 17:19:22,391][    INFO] Epoch 72/100, iter 16/28, loss 0.3062, encoder LR 0.000322753
[2026-07-10 17:19:23,389][    INFO] Epoch 72/100, iter 19/28, loss 0.2772, encoder LR 0.000321659
[2026-07-10 17:19:23,642][    INFO] Epoch 72/100, iter 22/28, loss 0.3163, encoder LR 0.000320565
[2026-07-10 17:19:24,821][    INFO] Epoch 72/100, iter 25/28, loss 0.3454, encoder LR 0.000319471
[2026-07-10 17:19:25,223][    INFO] Epoch 72/100, iter 28/28, loss 0.3544, encoder LR 0.000318376
[2026-07-10 17:19:31,851][    INFO] Evaluation class [0 background]: IoU 91.53, Dice 95.58
[2026-07-10 17:19:31,851][    INFO] Evaluation class [1 epithelial tissue]: IoU 0.00, Dice 0.00
[2026-07-10 17:19:31,851][    INFO] Evaluation class [2 slough]: IoU 0.00, Dice 0.00
[2026-07-10 17:19:31,852][    INFO] Evaluation class [3 granulation tissue]: IoU 8.51, Dice 15.68
[2026-07-10 17:19:31,852][    INFO] Evaluation class [4 necrotic tissue]: IoU 0.00, Dice 0.00
[2026-07-10 17:19:31,852][    INFO] Evaluation class [5 other]: IoU 0.00, Dice 0.00
[2026-07-10 17:19:31,852][    INFO] Evaluation epoch 71: MeanIoU 16.67, MeanDice 18.54; BEST mIoU 19.89, Dice 23.17 at epoch 8
[2026-07-10 17:19:32,445][    INFO] Epoch 73/100, iter 1/28, loss 0.5657, encoder LR 0.000318011
[2026-07-10 17:19:34,148][    INFO] Epoch 73/100, iter 4/28, loss 0.6533, encoder LR 0.000316916
[2026-07-10 17:19:35,348][    INFO] Epoch 73/100, iter 7/28, loss 0.4723, encoder LR 0.00031582
[2026-07-10 17:19:35,713][    INFO] Epoch 73/100, iter 10/28, loss 0.4850, encoder LR 0.000314724
[2026-07-10 17:19:36,875][    INFO] Epoch 73/100, iter 13/28, loss 0.4839, encoder LR 0.000313627
[2026-07-10 17:19:37,571][    INFO] Epoch 73/100, iter 16/28, loss 0.4588, encoder LR 0.00031253
[2026-07-10 17:19:38,109][    INFO] Epoch 73/100, iter 19/28, loss 0.5230, encoder LR 0.000311432
[2026-07-10 17:19:38,216][    INFO] Epoch 73/100, iter 22/28, loss 0.5357, encoder LR 0.000310334
[2026-07-10 17:19:40,201][    INFO] Epoch 73/100, iter 25/28, loss 0.5315, encoder LR 0.000309236
[2026-07-10 17:19:40,303][    INFO] Epoch 73/100, iter 28/28, loss 0.5178, encoder LR 0.000308137
[2026-07-10 17:19:46,871][    INFO] Evaluation class [0 background]: IoU 91.65, Dice 95.64
[2026-07-10 17:19:46,871][    INFO] Evaluation class [1 epithelial tissue]: IoU 0.01, Dice 0.02
[2026-07-10 17:19:46,872][    INFO] Evaluation class [2 slough]: IoU 0.00, Dice 0.00
[2026-07-10 17:19:46,872][    INFO] Evaluation class [3 granulation tissue]: IoU 14.12, Dice 24.75
[2026-07-10 17:19:46,872][    INFO] Evaluation class [4 necrotic tissue]: IoU 0.00, Dice 0.00
[2026-07-10 17:19:46,872][    INFO] Evaluation class [5 other]: IoU 0.00, Dice 0.00
[2026-07-10 17:19:46,872][    INFO] Evaluation epoch 72: MeanIoU 17.63, MeanDice 20.07; BEST mIoU 19.89, Dice 23.17 at epoch 8
[2026-07-10 17:19:48,626][    INFO] Epoch 74/100, iter 1/28, loss 0.1639, encoder LR 0.000307771
[2026-07-10 17:19:48,918][    INFO] Epoch 74/100, iter 4/28, loss 0.3332, encoder LR 0.000306671
[2026-07-10 17:19:50,801][    INFO] Epoch 74/100, iter 7/28, loss 0.3838, encoder LR 0.000305572
[2026-07-10 17:19:50,906][    INFO] Epoch 74/100, iter 10/28, loss 0.3681, encoder LR 0.000304471
[2026-07-10 17:19:52,920][    INFO] Epoch 74/100, iter 13/28, loss 0.3278, encoder LR 0.000303371
[2026-07-10 17:19:53,064][    INFO] Epoch 74/100, iter 16/28, loss 0.3714, encoder LR 0.000302269
[2026-07-10 17:19:54,293][    INFO] Epoch 74/100, iter 19/28, loss 0.3380, encoder LR 0.000301168
[2026-07-10 17:19:54,723][    INFO] Epoch 74/100, iter 22/28, loss 0.3867, encoder LR 0.000300066
[2026-07-10 17:19:55,617][    INFO] Epoch 74/100, iter 25/28, loss 0.3738, encoder LR 0.000298963
[2026-07-10 17:19:56,002][    INFO] Epoch 74/100, iter 28/28, loss 0.3611, encoder LR 0.00029786
[2026-07-10 17:20:03,201][    INFO] Evaluation class [0 background]: IoU 91.42, Dice 95.52
[2026-07-10 17:20:03,201][    INFO] Evaluation class [1 epithelial tissue]: IoU 0.00, Dice 0.00
[2026-07-10 17:20:03,201][    INFO] Evaluation class [2 slough]: IoU 0.00, Dice 0.00
[2026-07-10 17:20:03,202][    INFO] Evaluation class [3 granulation tissue]: IoU 3.18, Dice 6.16
[2026-07-10 17:20:03,202][    INFO] Evaluation class [4 necrotic tissue]: IoU 0.00, Dice 0.00
[2026-07-10 17:20:03,203][    INFO] Evaluation class [5 other]: IoU 0.00, Dice 0.00
[2026-07-10 17:20:03,203][    INFO] Evaluation epoch 73: MeanIoU 15.77, MeanDice 16.95; BEST mIoU 19.89, Dice 23.17 at epoch 8
[2026-07-10 17:20:05,253][    INFO] Epoch 75/100, iter 1/28, loss 0.2081, encoder LR 0.000297492
[2026-07-10 17:20:05,864][    INFO] Epoch 75/100, iter 4/28, loss 0.6653, encoder LR 0.000296389
[2026-07-10 17:20:06,875][    INFO] Epoch 75/100, iter 7/28, loss 0.4677, encoder LR 0.000295285
[2026-07-10 17:20:07,637][    INFO] Epoch 75/100, iter 10/28, loss 0.3882, encoder LR 0.00029418
[2026-07-10 17:20:07,744][    INFO] Epoch 75/100, iter 13/28, loss 0.3771, encoder LR 0.000293075
[2026-07-10 17:20:08,293][    INFO] Epoch 75/100, iter 16/28, loss 0.3267, encoder LR 0.00029197
[2026-07-10 17:20:09,244][    INFO] Epoch 75/100, iter 19/28, loss 0.3069, encoder LR 0.000290864
[2026-07-10 17:20:09,701][    INFO] Epoch 75/100, iter 22/28, loss 0.2776, encoder LR 0.000289758
[2026-07-10 17:20:10,313][    INFO] Epoch 75/100, iter 25/28, loss 0.2836, encoder LR 0.000288651
[2026-07-10 17:20:11,880][    INFO] Epoch 75/100, iter 28/28, loss 0.2955, encoder LR 0.000287544
[2026-07-10 17:20:18,447][    INFO] Evaluation class [0 background]: IoU 91.38, Dice 95.50
[2026-07-10 17:20:18,448][    INFO] Evaluation class [1 epithelial tissue]: IoU 0.00, Dice 0.00
[2026-07-10 17:20:18,448][    INFO] Evaluation class [2 slough]: IoU 0.00, Dice 0.00
[2026-07-10 17:20:18,448][    INFO] Evaluation class [3 granulation tissue]: IoU 1.57, Dice 3.10
[2026-07-10 17:20:18,449][    INFO] Evaluation class [4 necrotic tissue]: IoU 0.00, Dice 0.00
[2026-07-10 17:20:18,449][    INFO] Evaluation class [5 other]: IoU 0.00, Dice 0.00
[2026-07-10 17:20:18,449][    INFO] Evaluation epoch 74: MeanIoU 15.49, MeanDice 16.43; BEST mIoU 19.89, Dice 23.17 at epoch 8
[2026-07-10 17:20:19,417][    INFO] Epoch 76/100, iter 1/28, loss 0.1738, encoder LR 0.000287175
[2026-07-10 17:20:19,723][    INFO] Epoch 76/100, iter 4/28, loss 0.1634, encoder LR 0.000286067
[2026-07-10 17:20:20,958][    INFO] Epoch 76/100, iter 7/28, loss 0.2325, encoder LR 0.000284958
[2026-07-10 17:20:21,495][    INFO] Epoch 76/100, iter 10/28, loss 0.4618, encoder LR 0.000283849
[2026-07-10 17:20:22,287][    INFO] Epoch 76/100, iter 13/28, loss 0.5006, encoder LR 0.00028274
[2026-07-10 17:20:23,228][    INFO] Epoch 76/100, iter 16/28, loss 0.4936, encoder LR 0.00028163
[2026-07-10 17:20:24,329][    INFO] Epoch 76/100, iter 19/28, loss 0.4686, encoder LR 0.00028052
[2026-07-10 17:20:24,438][    INFO] Epoch 76/100, iter 22/28, loss 0.4303, encoder LR 0.000279409
[2026-07-10 17:20:26,070][    INFO] Epoch 76/100, iter 25/28, loss 0.4020, encoder LR 0.000278298
[2026-07-10 17:20:26,164][    INFO] Epoch 76/100, iter 28/28, loss 0.4111, encoder LR 0.000277186
[2026-07-10 17:20:32,765][    INFO] Evaluation class [0 background]: IoU 91.49, Dice 95.55
[2026-07-10 17:20:32,766][    INFO] Evaluation class [1 epithelial tissue]: IoU 0.03, Dice 0.06
[2026-07-10 17:20:32,766][    INFO] Evaluation class [2 slough]: IoU 0.00, Dice 0.00
[2026-07-10 17:20:32,766][    INFO] Evaluation class [3 granulation tissue]: IoU 6.93, Dice 12.96
[2026-07-10 17:20:32,766][    INFO] Evaluation class [4 necrotic tissue]: IoU 0.00, Dice 0.00
[2026-07-10 17:20:32,767][    INFO] Evaluation class [5 other]: IoU 0.00, Dice 0.00
[2026-07-10 17:20:32,767][    INFO] Evaluation epoch 75: MeanIoU 16.41, MeanDice 18.10; BEST mIoU 19.89, Dice 23.17 at epoch 8
[2026-07-10 17:20:33,832][    INFO] Epoch 77/100, iter 1/28, loss 1.4974, encoder LR 0.000276815
[2026-07-10 17:20:34,974][    INFO] Epoch 77/100, iter 4/28, loss 0.9095, encoder LR 0.000275703
[2026-07-10 17:20:35,543][    INFO] Epoch 77/100, iter 7/28, loss 0.6041, encoder LR 0.00027459
[2026-07-10 17:20:35,971][    INFO] Epoch 77/100, iter 10/28, loss 0.5939, encoder LR 0.000273476
[2026-07-10 17:20:36,359][    INFO] Epoch 77/100, iter 13/28, loss 0.5476, encoder LR 0.000272363
[2026-07-10 17:20:37,841][    INFO] Epoch 77/100, iter 16/28, loss 0.4815, encoder LR 0.000271248
[2026-07-10 17:20:39,031][    INFO] Epoch 77/100, iter 19/28, loss 0.4464, encoder LR 0.000270133
[2026-07-10 17:20:40,210][    INFO] Epoch 77/100, iter 22/28, loss 0.4163, encoder LR 0.000269018
[2026-07-10 17:20:40,307][    INFO] Epoch 77/100, iter 25/28, loss 0.3851, encoder LR 0.000267902
[2026-07-10 17:20:41,733][    INFO] Epoch 77/100, iter 28/28, loss 0.4121, encoder LR 0.000266785
[2026-07-10 17:20:48,423][    INFO] Evaluation class [0 background]: IoU 91.54, Dice 95.58
[2026-07-10 17:20:48,424][    INFO] Evaluation class [1 epithelial tissue]: IoU 0.00, Dice 0.01
[2026-07-10 17:20:48,424][    INFO] Evaluation class [2 slough]: IoU 0.00, Dice 0.00
[2026-07-10 17:20:48,424][    INFO] Evaluation class [3 granulation tissue]: IoU 9.21, Dice 16.87
[2026-07-10 17:20:48,424][    INFO] Evaluation class [4 necrotic tissue]: IoU 0.00, Dice 0.00
[2026-07-10 17:20:48,424][    INFO] Evaluation class [5 other]: IoU 0.00, Dice 0.00
[2026-07-10 17:20:48,425][    INFO] Evaluation epoch 76: MeanIoU 16.79, MeanDice 18.74; BEST mIoU 19.89, Dice 23.17 at epoch 8
[2026-07-10 17:20:49,035][    INFO] Epoch 78/100, iter 1/28, loss 0.1019, encoder LR 0.000266413
[2026-07-10 17:20:50,701][    INFO] Epoch 78/100, iter 4/28, loss 0.1188, encoder LR 0.000265296
[2026-07-10 17:20:51,858][    INFO] Epoch 78/100, iter 7/28, loss 0.2513, encoder LR 0.000264178
[2026-07-10 17:20:51,962][    INFO] Epoch 78/100, iter 10/28, loss 0.2424, encoder LR 0.00026306
[2026-07-10 17:20:52,565][    INFO] Epoch 78/100, iter 13/28, loss 0.2660, encoder LR 0.000261941
[2026-07-10 17:20:53,498][    INFO] Epoch 78/100, iter 16/28, loss 0.2760, encoder LR 0.000260821
[2026-07-10 17:20:53,877][    INFO] Epoch 78/100, iter 19/28, loss 0.2832, encoder LR 0.000259702
[2026-07-10 17:20:54,459][    INFO] Epoch 78/100, iter 22/28, loss 0.2762, encoder LR 0.000258581
[2026-07-10 17:20:55,836][    INFO] Epoch 78/100, iter 25/28, loss 0.3202, encoder LR 0.00025746
[2026-07-10 17:20:55,940][    INFO] Epoch 78/100, iter 28/28, loss 0.3262, encoder LR 0.000256339
[2026-07-10 17:21:02,669][    INFO] Evaluation class [0 background]: IoU 91.62, Dice 95.62
[2026-07-10 17:21:02,670][    INFO] Evaluation class [1 epithelial tissue]: IoU 0.00, Dice 0.00
[2026-07-10 17:21:02,670][    INFO] Evaluation class [2 slough]: IoU 0.00, Dice 0.00
[2026-07-10 17:21:02,670][    INFO] Evaluation class [3 granulation tissue]: IoU 12.94, Dice 22.92
[2026-07-10 17:21:02,670][    INFO] Evaluation class [4 necrotic tissue]: IoU 0.00, Dice 0.00
[2026-07-10 17:21:02,671][    INFO] Evaluation class [5 other]: IoU 0.00, Dice 0.00
[2026-07-10 17:21:02,671][    INFO] Evaluation epoch 77: MeanIoU 17.43, MeanDice 19.76; BEST mIoU 19.89, Dice 23.17 at epoch 8
[2026-07-10 17:21:04,772][    INFO] Epoch 79/100, iter 1/28, loss 0.2279, encoder LR 0.000255965
[2026-07-10 17:21:04,877][    INFO] Epoch 79/100, iter 4/28, loss 0.4733, encoder LR 0.000254843
[2026-07-10 17:21:05,961][    INFO] Epoch 79/100, iter 7/28, loss 0.3644, encoder LR 0.00025372
[2026-07-10 17:21:06,822][    INFO] Epoch 79/100, iter 10/28, loss 0.3434, encoder LR 0.000252597
[2026-07-10 17:21:08,411][    INFO] Epoch 79/100, iter 13/28, loss 0.3330, encoder LR 0.000251473
[2026-07-10 17:21:08,515][    INFO] Epoch 79/100, iter 16/28, loss 0.3365, encoder LR 0.000250348
[2026-07-10 17:21:10,279][    INFO] Epoch 79/100, iter 19/28, loss 0.3433, encoder LR 0.000249223
[2026-07-10 17:21:11,320][    INFO] Epoch 79/100, iter 22/28, loss 0.3414, encoder LR 0.000248098
[2026-07-10 17:21:11,425][    INFO] Epoch 79/100, iter 25/28, loss 0.3465, encoder LR 0.000246972
[2026-07-10 17:21:11,603][    INFO] Epoch 79/100, iter 28/28, loss 0.3530, encoder LR 0.000245845
[2026-07-10 17:21:18,683][    INFO] Evaluation class [0 background]: IoU 91.71, Dice 95.67
[2026-07-10 17:21:18,684][    INFO] Evaluation class [1 epithelial tissue]: IoU 0.01, Dice 0.02
[2026-07-10 17:21:18,684][    INFO] Evaluation class [2 slough]: IoU 0.00, Dice 0.00
[2026-07-10 17:21:18,684][    INFO] Evaluation class [3 granulation tissue]: IoU 17.02, Dice 29.09
[2026-07-10 17:21:18,684][    INFO] Evaluation class [4 necrotic tissue]: IoU 0.00, Dice 0.00
[2026-07-10 17:21:18,684][    INFO] Evaluation class [5 other]: IoU 0.00, Dice 0.00
[2026-07-10 17:21:18,685][    INFO] Evaluation epoch 78: MeanIoU 18.12, MeanDice 20.80; BEST mIoU 19.89, Dice 23.17 at epoch 8
[2026-07-10 17:21:19,255][    INFO] Epoch 80/100, iter 1/28, loss 0.8734, encoder LR 0.000245469
[2026-07-10 17:21:20,108][    INFO] Epoch 80/100, iter 4/28, loss 0.3421, encoder LR 0.000244342
[2026-07-10 17:21:21,665][    INFO] Epoch 80/100, iter 7/28, loss 0.2787, encoder LR 0.000243214
[2026-07-10 17:21:22,598][    INFO] Epoch 80/100, iter 10/28, loss 0.6123, encoder LR 0.000242085
[2026-07-10 17:21:22,830][    INFO] Epoch 80/100, iter 13/28, loss 0.5223, encoder LR 0.000240956
[2026-07-10 17:21:23,988][    INFO] Epoch 80/100, iter 16/28, loss 0.4925, encoder LR 0.000239826
[2026-07-10 17:21:25,254][    INFO] Epoch 80/100, iter 19/28, loss 0.4632, encoder LR 0.000238696
[2026-07-10 17:21:26,098][    INFO] Epoch 80/100, iter 22/28, loss 0.4524, encoder LR 0.000237565
[2026-07-10 17:21:26,202][    INFO] Epoch 80/100, iter 25/28, loss 0.4306, encoder LR 0.000236433
[2026-07-10 17:21:27,406][    INFO] Epoch 80/100, iter 28/28, loss 0.4263, encoder LR 0.000235301
[2026-07-10 17:21:34,162][    INFO] Evaluation class [0 background]: IoU 91.71, Dice 95.68
[2026-07-10 17:21:34,163][    INFO] Evaluation class [1 epithelial tissue]: IoU 0.01, Dice 0.02
[2026-07-10 17:21:34,163][    INFO] Evaluation class [2 slough]: IoU 0.00, Dice 0.00
[2026-07-10 17:21:34,163][    INFO] Evaluation class [3 granulation tissue]: IoU 18.23, Dice 30.84
[2026-07-10 17:21:34,163][    INFO] Evaluation class [4 necrotic tissue]: IoU 0.00, Dice 0.00
[2026-07-10 17:21:34,163][    INFO] Evaluation class [5 other]: IoU 0.00, Dice 0.00
[2026-07-10 17:21:34,163][    INFO] Evaluation epoch 79: MeanIoU 18.33, MeanDice 21.09; BEST mIoU 19.89, Dice 23.17 at epoch 8
[2026-07-10 17:21:34,764][    INFO] Epoch 81/100, iter 1/28, loss 0.2700, encoder LR 0.000234924
[2026-07-10 17:21:35,546][    INFO] Epoch 81/100, iter 4/28, loss 0.6189, encoder LR 0.000233791
[2026-07-10 17:21:36,842][    INFO] Epoch 81/100, iter 7/28, loss 0.4458, encoder LR 0.000232657
[2026-07-10 17:21:36,950][    INFO] Epoch 81/100, iter 10/28, loss 0.4352, encoder LR 0.000231523
[2026-07-10 17:21:38,018][    INFO] Epoch 81/100, iter 13/28, loss 0.3920, encoder LR 0.000230388
[2026-07-10 17:21:38,464][    INFO] Epoch 81/100, iter 16/28, loss 0.3588, encoder LR 0.000229253
[2026-07-10 17:21:39,498][    INFO] Epoch 81/100, iter 19/28, loss 0.3938, encoder LR 0.000228117
[2026-07-10 17:21:40,214][    INFO] Epoch 81/100, iter 22/28, loss 0.3991, encoder LR 0.00022698
[2026-07-10 17:21:42,740][    INFO] Epoch 81/100, iter 25/28, loss 0.3837, encoder LR 0.000225843
[2026-07-10 17:21:43,386][    INFO] Epoch 81/100, iter 28/28, loss 0.4016, encoder LR 0.000224705
[2026-07-10 17:21:50,315][    INFO] Evaluation class [0 background]: IoU 91.58, Dice 95.60
[2026-07-10 17:21:50,315][    INFO] Evaluation class [1 epithelial tissue]: IoU 0.00, Dice 0.01
[2026-07-10 17:21:50,315][    INFO] Evaluation class [2 slough]: IoU 0.00, Dice 0.00
[2026-07-10 17:21:50,315][    INFO] Evaluation class [3 granulation tissue]: IoU 10.93, Dice 19.70
[2026-07-10 17:21:50,315][    INFO] Evaluation class [4 necrotic tissue]: IoU 0.00, Dice 0.00
[2026-07-10 17:21:50,315][    INFO] Evaluation class [5 other]: IoU 0.00, Dice 0.00
[2026-07-10 17:21:50,315][    INFO] Evaluation epoch 80: MeanIoU 17.09, MeanDice 19.22; BEST mIoU 19.89, Dice 23.17 at epoch 8
[2026-07-10 17:21:52,033][    INFO] Epoch 82/100, iter 1/28, loss 0.4171, encoder LR 0.000224325
[2026-07-10 17:21:52,655][    INFO] Epoch 82/100, iter 4/28, loss 0.3810, encoder LR 0.000223186
[2026-07-10 17:21:52,762][    INFO] Epoch 82/100, iter 7/28, loss 0.4922, encoder LR 0.000222047
[2026-07-10 17:21:53,723][    INFO] Epoch 82/100, iter 10/28, loss 0.5178, encoder LR 0.000220907
[2026-07-10 17:21:54,519][    INFO] Epoch 82/100, iter 13/28, loss 0.5098, encoder LR 0.000219766
[2026-07-10 17:21:55,924][    INFO] Epoch 82/100, iter 16/28, loss 0.5818, encoder LR 0.000218625
[2026-07-10 17:21:57,148][    INFO] Epoch 82/100, iter 19/28, loss 0.5211, encoder LR 0.000217483
[2026-07-10 17:21:57,254][    INFO] Epoch 82/100, iter 22/28, loss 0.5009, encoder LR 0.00021634
[2026-07-10 17:21:57,599][    INFO] Epoch 82/100, iter 25/28, loss 0.4812, encoder LR 0.000215196
[2026-07-10 17:21:58,798][    INFO] Epoch 82/100, iter 28/28, loss 0.4748, encoder LR 0.000214052
[2026-07-10 17:22:05,439][    INFO] Evaluation class [0 background]: IoU 91.67, Dice 95.66
[2026-07-10 17:22:05,439][    INFO] Evaluation class [1 epithelial tissue]: IoU 0.02, Dice 0.04
[2026-07-10 17:22:05,439][    INFO] Evaluation class [2 slough]: IoU 0.00, Dice 0.00
[2026-07-10 17:22:05,440][    INFO] Evaluation class [3 granulation tissue]: IoU 18.69, Dice 31.49
[2026-07-10 17:22:05,440][    INFO] Evaluation class [4 necrotic tissue]: IoU 0.00, Dice 0.00
[2026-07-10 17:22:05,440][    INFO] Evaluation class [5 other]: IoU 0.00, Dice 0.00
[2026-07-10 17:22:05,440][    INFO] Evaluation epoch 81: MeanIoU 18.40, MeanDice 21.20; BEST mIoU 19.89, Dice 23.17 at epoch 8
[2026-07-10 17:22:08,066][    INFO] Epoch 83/100, iter 1/28, loss 0.8540, encoder LR 0.000213671
[2026-07-10 17:22:08,173][    INFO] Epoch 83/100, iter 4/28, loss 0.6944, encoder LR 0.000212526
[2026-07-10 17:22:09,815][    INFO] Epoch 83/100, iter 7/28, loss 0.4828, encoder LR 0.00021138
[2026-07-10 17:22:11,031][    INFO] Epoch 83/100, iter 10/28, loss 0.4400, encoder LR 0.000210234
[2026-07-10 17:22:12,773][    INFO] Epoch 83/100, iter 13/28, loss 0.3792, encoder LR 0.000209087
[2026-07-10 17:22:12,880][    INFO] Epoch 83/100, iter 16/28, loss 0.4021, encoder LR 0.000207939
[2026-07-10 17:22:12,987][    INFO] Epoch 83/100, iter 19/28, loss 0.3687, encoder LR 0.00020679
[2026-07-10 17:22:13,825][    INFO] Epoch 83/100, iter 22/28, loss 0.3826, encoder LR 0.000205641
[2026-07-10 17:22:14,775][    INFO] Epoch 83/100, iter 25/28, loss 0.3841, encoder LR 0.000204491
[2026-07-10 17:22:14,873][    INFO] Epoch 83/100, iter 28/28, loss 0.3939, encoder LR 0.000203341
[2026-07-10 17:22:21,440][    INFO] Evaluation class [0 background]: IoU 91.44, Dice 95.53
[2026-07-10 17:22:21,440][    INFO] Evaluation class [1 epithelial tissue]: IoU 0.00, Dice 0.00
[2026-07-10 17:22:21,440][    INFO] Evaluation class [2 slough]: IoU 0.00, Dice 0.00
[2026-07-10 17:22:21,440][    INFO] Evaluation class [3 granulation tissue]: IoU 5.62, Dice 10.64
[2026-07-10 17:22:21,441][    INFO] Evaluation class [4 necrotic tissue]: IoU 0.00, Dice 0.00
[2026-07-10 17:22:21,441][    INFO] Evaluation class [5 other]: IoU 0.00, Dice 0.00
[2026-07-10 17:22:21,441][    INFO] Evaluation epoch 82: MeanIoU 16.18, MeanDice 17.69; BEST mIoU 19.89, Dice 23.17 at epoch 8
[2026-07-10 17:22:22,668][    INFO] Epoch 84/100, iter 1/28, loss 0.3566, encoder LR 0.000202957
[2026-07-10 17:22:22,776][    INFO] Epoch 84/100, iter 4/28, loss 0.2439, encoder LR 0.000201805
[2026-07-10 17:22:23,755][    INFO] Epoch 84/100, iter 7/28, loss 0.2063, encoder LR 0.000200653
[2026-07-10 17:22:25,157][    INFO] Epoch 84/100, iter 10/28, loss 0.2841, encoder LR 0.0001995
[2026-07-10 17:22:26,630][    INFO] Epoch 84/100, iter 13/28, loss 0.3756, encoder LR 0.000198346
[2026-07-10 17:22:26,737][    INFO] Epoch 84/100, iter 16/28, loss 0.4477, encoder LR 0.000197192
[2026-07-10 17:22:27,596][    INFO] Epoch 84/100, iter 19/28, loss 0.4001, encoder LR 0.000196036
[2026-07-10 17:22:29,525][    INFO] Epoch 84/100, iter 22/28, loss 0.3710, encoder LR 0.00019488
[2026-07-10 17:22:29,941][    INFO] Epoch 84/100, iter 25/28, loss 0.3804, encoder LR 0.000193724
[2026-07-10 17:22:30,044][    INFO] Epoch 84/100, iter 28/28, loss 0.3574, encoder LR 0.000192566
[2026-07-10 17:22:36,698][    INFO] Evaluation class [0 background]: IoU 91.74, Dice 95.69
[2026-07-10 17:22:36,698][    INFO] Evaluation class [1 epithelial tissue]: IoU 0.00, Dice 0.00
[2026-07-10 17:22:36,699][    INFO] Evaluation class [2 slough]: IoU 0.00, Dice 0.00
[2026-07-10 17:22:36,699][    INFO] Evaluation class [3 granulation tissue]: IoU 20.80, Dice 34.44
[2026-07-10 17:22:36,699][    INFO] Evaluation class [4 necrotic tissue]: IoU 0.00, Dice 0.00
[2026-07-10 17:22:36,699][    INFO] Evaluation class [5 other]: IoU 0.00, Dice 0.00
[2026-07-10 17:22:36,699][    INFO] Evaluation epoch 83: MeanIoU 18.76, MeanDice 21.69; BEST mIoU 19.89, Dice 23.17 at epoch 8
[2026-07-10 17:22:37,481][    INFO] Epoch 85/100, iter 1/28, loss 0.3240, encoder LR 0.00019218
[2026-07-10 17:22:39,864][    INFO] Epoch 85/100, iter 4/28, loss 0.2216, encoder LR 0.000191021
[2026-07-10 17:22:39,971][    INFO] Epoch 85/100, iter 7/28, loss 0.2139, encoder LR 0.000189862
[2026-07-10 17:22:40,476][    INFO] Epoch 85/100, iter 10/28, loss 0.2998, encoder LR 0.000188702
[2026-07-10 17:22:40,584][    INFO] Epoch 85/100, iter 13/28, loss 0.2998, encoder LR 0.000187541
[2026-07-10 17:22:41,613][    INFO] Epoch 85/100, iter 16/28, loss 0.2855, encoder LR 0.000186379
[2026-07-10 17:22:42,399][    INFO] Epoch 85/100, iter 19/28, loss 0.2611, encoder LR 0.000185216
[2026-07-10 17:22:43,762][    INFO] Epoch 85/100, iter 22/28, loss 0.2850, encoder LR 0.000184053
[2026-07-10 17:22:43,864][    INFO] Epoch 85/100, iter 25/28, loss 0.2724, encoder LR 0.000182889
[2026-07-10 17:22:45,074][    INFO] Epoch 85/100, iter 28/28, loss 0.2554, encoder LR 0.000181724
[2026-07-10 17:22:51,750][    INFO] Evaluation class [0 background]: IoU 91.58, Dice 95.61
[2026-07-10 17:22:51,750][    INFO] Evaluation class [1 epithelial tissue]: IoU 0.00, Dice 0.00
[2026-07-10 17:22:51,750][    INFO] Evaluation class [2 slough]: IoU 0.00, Dice 0.00
[2026-07-10 17:22:51,750][    INFO] Evaluation class [3 granulation tissue]: IoU 13.51, Dice 23.80
[2026-07-10 17:22:51,750][    INFO] Evaluation class [4 necrotic tissue]: IoU 0.00, Dice 0.00
[2026-07-10 17:22:51,751][    INFO] Evaluation class [5 other]: IoU 0.00, Dice 0.00
[2026-07-10 17:22:51,751][    INFO] Evaluation epoch 84: MeanIoU 17.52, MeanDice 19.90; BEST mIoU 19.89, Dice 23.17 at epoch 8
[2026-07-10 17:22:53,731][    INFO] Epoch 86/100, iter 1/28, loss 2.5652, encoder LR 0.000181335
[2026-07-10 17:22:53,859][    INFO] Epoch 86/100, iter 4/28, loss 1.1618, encoder LR 0.000180169
[2026-07-10 17:22:54,185][    INFO] Epoch 86/100, iter 7/28, loss 0.8815, encoder LR 0.000179002
[2026-07-10 17:22:55,058][    INFO] Epoch 86/100, iter 10/28, loss 0.7006, encoder LR 0.000177834
[2026-07-10 17:22:55,167][    INFO] Epoch 86/100, iter 13/28, loss 0.5856, encoder LR 0.000176666
[2026-07-10 17:22:55,664][    INFO] Epoch 86/100, iter 16/28, loss 0.5228, encoder LR 0.000175496
[2026-07-10 17:22:56,610][    INFO] Epoch 86/100, iter 19/28, loss 0.4767, encoder LR 0.000174326
[2026-07-10 17:22:56,864][    INFO] Epoch 86/100, iter 22/28, loss 0.4611, encoder LR 0.000173154
[2026-07-10 17:22:58,351][    INFO] Epoch 86/100, iter 25/28, loss 0.4173, encoder LR 0.000171982
[2026-07-10 17:22:59,620][    INFO] Epoch 86/100, iter 28/28, loss 0.3921, encoder LR 0.000170809
[2026-07-10 17:23:06,369][    INFO] Evaluation class [0 background]: IoU 91.53, Dice 95.58
[2026-07-10 17:23:06,370][    INFO] Evaluation class [1 epithelial tissue]: IoU 0.00, Dice 0.00
[2026-07-10 17:23:06,370][    INFO] Evaluation class [2 slough]: IoU 0.00, Dice 0.00
[2026-07-10 17:23:06,370][    INFO] Evaluation class [3 granulation tissue]: IoU 10.04, Dice 18.24
[2026-07-10 17:23:06,370][    INFO] Evaluation class [4 necrotic tissue]: IoU 0.00, Dice 0.00
[2026-07-10 17:23:06,370][    INFO] Evaluation class [5 other]: IoU 0.00, Dice 0.00
[2026-07-10 17:23:06,370][    INFO] Evaluation epoch 85: MeanIoU 16.93, MeanDice 18.97; BEST mIoU 19.89, Dice 23.17 at epoch 8
[2026-07-10 17:23:08,367][    INFO] Epoch 87/100, iter 1/28, loss 0.1481, encoder LR 0.000170418
[2026-07-10 17:23:08,476][    INFO] Epoch 87/100, iter 4/28, loss 0.4170, encoder LR 0.000169244
[2026-07-10 17:23:09,564][    INFO] Epoch 87/100, iter 7/28, loss 0.3118, encoder LR 0.000168069
[2026-07-10 17:23:09,953][    INFO] Epoch 87/100, iter 10/28, loss 0.4213, encoder LR 0.000166892
[2026-07-10 17:23:10,613][    INFO] Epoch 87/100, iter 13/28, loss 0.3591, encoder LR 0.000165715
[2026-07-10 17:23:11,250][    INFO] Epoch 87/100, iter 16/28, loss 0.3937, encoder LR 0.000164538
[2026-07-10 17:23:12,065][    INFO] Epoch 87/100, iter 19/28, loss 0.3576, encoder LR 0.000163359
[2026-07-10 17:23:12,334][    INFO] Epoch 87/100, iter 22/28, loss 0.3345, encoder LR 0.000162179
[2026-07-10 17:23:13,973][    INFO] Epoch 87/100, iter 25/28, loss 0.3399, encoder LR 0.000160998
[2026-07-10 17:23:14,715][    INFO] Epoch 87/100, iter 28/28, loss 0.3427, encoder LR 0.000159816
[2026-07-10 17:23:21,437][    INFO] Evaluation class [0 background]: IoU 91.50, Dice 95.56
[2026-07-10 17:23:21,437][    INFO] Evaluation class [1 epithelial tissue]: IoU 0.00, Dice 0.00
[2026-07-10 17:23:21,437][    INFO] Evaluation class [2 slough]: IoU 0.00, Dice 0.00
[2026-07-10 17:23:21,437][    INFO] Evaluation class [3 granulation tissue]: IoU 7.29, Dice 13.59
[2026-07-10 17:23:21,437][    INFO] Evaluation class [4 necrotic tissue]: IoU 0.00, Dice 0.00
[2026-07-10 17:23:21,437][    INFO] Evaluation class [5 other]: IoU 0.00, Dice 0.00
[2026-07-10 17:23:21,438][    INFO] Evaluation epoch 86: MeanIoU 16.46, MeanDice 18.19; BEST mIoU 19.89, Dice 23.17 at epoch 8
[2026-07-10 17:23:22,006][    INFO] Epoch 88/100, iter 1/28, loss 1.6593, encoder LR 0.000159422
[2026-07-10 17:23:23,318][    INFO] Epoch 88/100, iter 4/28, loss 0.6976, encoder LR 0.000158239
[2026-07-10 17:23:23,499][    INFO] Epoch 88/100, iter 7/28, loss 0.5486, encoder LR 0.000157055
[2026-07-10 17:23:23,992][    INFO] Epoch 88/100, iter 10/28, loss 0.4955, encoder LR 0.00015587
[2026-07-10 17:23:24,100][    INFO] Epoch 88/100, iter 13/28, loss 0.4303, encoder LR 0.000154684
[2026-07-10 17:23:25,636][    INFO] Epoch 88/100, iter 16/28, loss 0.4173, encoder LR 0.000153497
[2026-07-10 17:23:25,998][    INFO] Epoch 88/100, iter 19/28, loss 0.4085, encoder LR 0.000152309
[2026-07-10 17:23:28,030][    INFO] Epoch 88/100, iter 22/28, loss 0.4134, encoder LR 0.00015112
[2026-07-10 17:23:28,131][    INFO] Epoch 88/100, iter 25/28, loss 0.4208, encoder LR 0.00014993
[2026-07-10 17:23:28,859][    INFO] Epoch 88/100, iter 28/28, loss 0.4101, encoder LR 0.000148739
[2026-07-10 17:23:35,829][    INFO] Evaluation class [0 background]: IoU 91.65, Dice 95.64
[2026-07-10 17:23:35,829][    INFO] Evaluation class [1 epithelial tissue]: IoU 0.02, Dice 0.05
[2026-07-10 17:23:35,830][    INFO] Evaluation class [2 slough]: IoU 0.00, Dice 0.00
[2026-07-10 17:23:35,830][    INFO] Evaluation class [3 granulation tissue]: IoU 16.03, Dice 27.64
[2026-07-10 17:23:35,830][    INFO] Evaluation class [4 necrotic tissue]: IoU 0.00, Dice 0.00
[2026-07-10 17:23:35,830][    INFO] Evaluation class [5 other]: IoU 0.00, Dice 0.00
[2026-07-10 17:23:35,831][    INFO] Evaluation epoch 87: MeanIoU 17.95, MeanDice 20.55; BEST mIoU 19.89, Dice 23.17 at epoch 8
[2026-07-10 17:23:36,896][    INFO] Epoch 89/100, iter 1/28, loss 0.2653, encoder LR 0.000148342
[2026-07-10 17:23:38,703][    INFO] Epoch 89/100, iter 4/28, loss 0.3734, encoder LR 0.000147149
[2026-07-10 17:23:38,811][    INFO] Epoch 89/100, iter 7/28, loss 0.3023, encoder LR 0.000145955
[2026-07-10 17:23:39,807][    INFO] Epoch 89/100, iter 10/28, loss 0.2946, encoder LR 0.000144761
[2026-07-10 17:23:40,817][    INFO] Epoch 89/100, iter 13/28, loss 0.2712, encoder LR 0.000143565
[2026-07-10 17:23:42,173][    INFO] Epoch 89/100, iter 16/28, loss 0.2867, encoder LR 0.000142368
[2026-07-10 17:23:42,276][    INFO] Epoch 89/100, iter 19/28, loss 0.2914, encoder LR 0.00014117
[2026-07-10 17:23:43,830][    INFO] Epoch 89/100, iter 22/28, loss 0.3431, encoder LR 0.000139971
[2026-07-10 17:23:45,149][    INFO] Epoch 89/100, iter 25/28, loss 0.3357, encoder LR 0.00013877
[2026-07-10 17:23:46,914][    INFO] Epoch 89/100, iter 28/28, loss 0.3235, encoder LR 0.000137569
[2026-07-10 17:23:53,629][    INFO] Evaluation class [0 background]: IoU 91.53, Dice 95.58
[2026-07-10 17:23:53,629][    INFO] Evaluation class [1 epithelial tissue]: IoU 0.00, Dice 0.00
[2026-07-10 17:23:53,630][    INFO] Evaluation class [2 slough]: IoU 0.00, Dice 0.00
[2026-07-10 17:23:53,630][    INFO] Evaluation class [3 granulation tissue]: IoU 9.65, Dice 17.60
[2026-07-10 17:23:53,630][    INFO] Evaluation class [4 necrotic tissue]: IoU 0.00, Dice 0.00
[2026-07-10 17:23:53,630][    INFO] Evaluation class [5 other]: IoU 0.00, Dice 0.00
[2026-07-10 17:23:53,630][    INFO] Evaluation epoch 88: MeanIoU 16.86, MeanDice 18.86; BEST mIoU 19.89, Dice 23.17 at epoch 8
[2026-07-10 17:23:55,726][    INFO] Epoch 90/100, iter 1/28, loss 0.2417, encoder LR 0.000137168
[2026-07-10 17:23:55,832][    INFO] Epoch 90/100, iter 4/28, loss 0.2517, encoder LR 0.000135965
[2026-07-10 17:23:56,746][    INFO] Epoch 90/100, iter 7/28, loss 0.3954, encoder LR 0.000134761
[2026-07-10 17:23:57,464][    INFO] Epoch 90/100, iter 10/28, loss 0.3374, encoder LR 0.000133556
[2026-07-10 17:23:57,568][    INFO] Epoch 90/100, iter 13/28, loss 0.4328, encoder LR 0.000132349
[2026-07-10 17:23:59,276][    INFO] Epoch 90/100, iter 16/28, loss 0.5065, encoder LR 0.000131141
[2026-07-10 17:23:59,550][    INFO] Epoch 90/100, iter 19/28, loss 0.4573, encoder LR 0.000129932
[2026-07-10 17:24:00,820][    INFO] Epoch 90/100, iter 22/28, loss 0.5753, encoder LR 0.000128722
[2026-07-10 17:24:01,100][    INFO] Epoch 90/100, iter 25/28, loss 0.5525, encoder LR 0.00012751
[2026-07-10 17:24:01,449][    INFO] Epoch 90/100, iter 28/28, loss 0.5544, encoder LR 0.000126297
[2026-07-10 17:24:08,173][    INFO] Evaluation class [0 background]: IoU 91.46, Dice 95.54
[2026-07-10 17:24:08,174][    INFO] Evaluation class [1 epithelial tissue]: IoU 0.01, Dice 0.02
[2026-07-10 17:24:08,174][    INFO] Evaluation class [2 slough]: IoU 0.00, Dice 0.00
[2026-07-10 17:24:08,174][    INFO] Evaluation class [3 granulation tissue]: IoU 6.47, Dice 12.15
[2026-07-10 17:24:08,174][    INFO] Evaluation class [4 necrotic tissue]: IoU 0.00, Dice 0.00
[2026-07-10 17:24:08,174][    INFO] Evaluation class [5 other]: IoU 0.00, Dice 0.00
[2026-07-10 17:24:08,174][    INFO] Evaluation epoch 89: MeanIoU 16.32, MeanDice 17.95; BEST mIoU 19.89, Dice 23.17 at epoch 8
[2026-07-10 17:24:10,015][    INFO] Epoch 91/100, iter 1/28, loss 0.0792, encoder LR 0.000125893
[2026-07-10 17:24:10,139][    INFO] Epoch 91/100, iter 4/28, loss 0.1641, encoder LR 0.000124678
[2026-07-10 17:24:11,189][    INFO] Epoch 91/100, iter 7/28, loss 0.2605, encoder LR 0.000123462
[2026-07-10 17:24:11,818][    INFO] Epoch 91/100, iter 10/28, loss 0.3654, encoder LR 0.000122245
[2026-07-10 17:24:13,290][    INFO] Epoch 91/100, iter 13/28, loss 0.3339, encoder LR 0.000121026
[2026-07-10 17:24:13,395][    INFO] Epoch 91/100, iter 16/28, loss 0.3812, encoder LR 0.000119806
[2026-07-10 17:24:14,311][    INFO] Epoch 91/100, iter 19/28, loss 0.4305, encoder LR 0.000118585
[2026-07-10 17:24:16,036][    INFO] Epoch 91/100, iter 22/28, loss 0.4019, encoder LR 0.000117362
[2026-07-10 17:24:16,141][    INFO] Epoch 91/100, iter 25/28, loss 0.3967, encoder LR 0.000116138
[2026-07-10 17:24:16,611][    INFO] Epoch 91/100, iter 28/28, loss 0.4197, encoder LR 0.000114912
[2026-07-10 17:24:23,374][    INFO] Evaluation class [0 background]: IoU 91.49, Dice 95.55
[2026-07-10 17:24:23,374][    INFO] Evaluation class [1 epithelial tissue]: IoU 0.02, Dice 0.03
[2026-07-10 17:24:23,374][    INFO] Evaluation class [2 slough]: IoU 0.00, Dice 0.00
[2026-07-10 17:24:23,375][    INFO] Evaluation class [3 granulation tissue]: IoU 7.72, Dice 14.33
[2026-07-10 17:24:23,375][    INFO] Evaluation class [4 necrotic tissue]: IoU 0.00, Dice 0.00
[2026-07-10 17:24:23,375][    INFO] Evaluation class [5 other]: IoU 0.00, Dice 0.00
[2026-07-10 17:24:23,376][    INFO] Evaluation epoch 90: MeanIoU 16.54, MeanDice 18.32; BEST mIoU 19.89, Dice 23.17 at epoch 8
[2026-07-10 17:24:24,808][    INFO] Epoch 92/100, iter 1/28, loss 0.1790, encoder LR 0.000114503
[2026-07-10 17:24:25,762][    INFO] Epoch 92/100, iter 4/28, loss 0.4544, encoder LR 0.000113276
[2026-07-10 17:24:26,092][    INFO] Epoch 92/100, iter 7/28, loss 0.3988, encoder LR 0.000112047
[2026-07-10 17:24:27,222][    INFO] Epoch 92/100, iter 10/28, loss 0.3402, encoder LR 0.000110816
[2026-07-10 17:24:28,013][    INFO] Epoch 92/100, iter 13/28, loss 0.3134, encoder LR 0.000109584
[2026-07-10 17:24:29,063][    INFO] Epoch 92/100, iter 16/28, loss 0.3215, encoder LR 0.000108351
[2026-07-10 17:24:29,797][    INFO] Epoch 92/100, iter 19/28, loss 0.3150, encoder LR 0.000107115
[2026-07-10 17:24:30,462][    INFO] Epoch 92/100, iter 22/28, loss 0.3248, encoder LR 0.000105879
[2026-07-10 17:24:30,571][    INFO] Epoch 92/100, iter 25/28, loss 0.3623, encoder LR 0.00010464
[2026-07-10 17:24:31,397][    INFO] Epoch 92/100, iter 28/28, loss 0.3737, encoder LR 0.0001034
[2026-07-10 17:24:38,057][    INFO] Evaluation class [0 background]: IoU 91.44, Dice 95.53
[2026-07-10 17:24:38,057][    INFO] Evaluation class [1 epithelial tissue]: IoU 0.00, Dice 0.01
[2026-07-10 17:24:38,057][    INFO] Evaluation class [2 slough]: IoU 0.00, Dice 0.00
[2026-07-10 17:24:38,058][    INFO] Evaluation class [3 granulation tissue]: IoU 4.63, Dice 8.85
[2026-07-10 17:24:38,058][    INFO] Evaluation class [4 necrotic tissue]: IoU 0.00, Dice 0.00
[2026-07-10 17:24:38,058][    INFO] Evaluation class [5 other]: IoU 0.00, Dice 0.00
[2026-07-10 17:24:38,058][    INFO] Evaluation epoch 91: MeanIoU 16.01, MeanDice 17.40; BEST mIoU 19.89, Dice 23.17 at epoch 8
[2026-07-10 17:24:39,369][    INFO] Epoch 93/100, iter 1/28, loss 0.0689, encoder LR 0.000102987
[2026-07-10 17:24:39,656][    INFO] Epoch 93/100, iter 4/28, loss 0.5012, encoder LR 0.000101744
[2026-07-10 17:24:40,693][    INFO] Epoch 93/100, iter 7/28, loss 0.3757, encoder LR 0.000100501
[2026-07-10 17:24:42,340][    INFO] Epoch 93/100, iter 10/28, loss 0.3017, encoder LR 9.9255e-05
[2026-07-10 17:24:42,448][    INFO] Epoch 93/100, iter 13/28, loss 0.2669, encoder LR 9.80077e-05
[2026-07-10 17:24:43,828][    INFO] Epoch 93/100, iter 16/28, loss 0.2746, encoder LR 9.67586e-05
[2026-07-10 17:24:44,184][    INFO] Epoch 93/100, iter 19/28, loss 0.2674, encoder LR 9.55077e-05
[2026-07-10 17:24:44,292][    INFO] Epoch 93/100, iter 22/28, loss 0.2919, encoder LR 9.4255e-05
[2026-07-10 17:24:44,811][    INFO] Epoch 93/100, iter 25/28, loss 0.3212, encoder LR 9.30004e-05
[2026-07-10 17:24:45,459][    INFO] Epoch 93/100, iter 28/28, loss 0.3550, encoder LR 9.17439e-05
[2026-07-10 17:24:52,283][    INFO] Evaluation class [0 background]: IoU 91.42, Dice 95.52
[2026-07-10 17:24:52,284][    INFO] Evaluation class [1 epithelial tissue]: IoU 0.00, Dice 0.00
[2026-07-10 17:24:52,284][    INFO] Evaluation class [2 slough]: IoU 0.00, Dice 0.00
[2026-07-10 17:24:52,284][    INFO] Evaluation class [3 granulation tissue]: IoU 4.00, Dice 7.69
[2026-07-10 17:24:52,284][    INFO] Evaluation class [4 necrotic tissue]: IoU 0.00, Dice 0.00
[2026-07-10 17:24:52,284][    INFO] Evaluation class [5 other]: IoU 0.00, Dice 0.00
[2026-07-10 17:24:52,284][    INFO] Evaluation epoch 92: MeanIoU 15.90, MeanDice 17.20; BEST mIoU 19.89, Dice 23.17 at epoch 8
[2026-07-10 17:24:53,212][    INFO] Epoch 94/100, iter 1/28, loss 0.0735, encoder LR 9.13247e-05
[2026-07-10 17:24:54,029][    INFO] Epoch 94/100, iter 4/28, loss 0.1100, encoder LR 9.00657e-05
[2026-07-10 17:24:54,999][    INFO] Epoch 94/100, iter 7/28, loss 0.1525, encoder LR 8.88047e-05
[2026-07-10 17:24:56,447][    INFO] Epoch 94/100, iter 10/28, loss 0.2303, encoder LR 8.75417e-05
[2026-07-10 17:24:56,873][    INFO] Epoch 94/100, iter 13/28, loss 0.3080, encoder LR 8.62768e-05
[2026-07-10 17:24:57,153][    INFO] Epoch 94/100, iter 16/28, loss 0.3433, encoder LR 8.50097e-05
[2026-07-10 17:24:58,898][    INFO] Epoch 94/100, iter 19/28, loss 0.3176, encoder LR 8.37405e-05
[2026-07-10 17:25:00,409][    INFO] Epoch 94/100, iter 22/28, loss 0.3450, encoder LR 8.24692e-05
[2026-07-10 17:25:00,507][    INFO] Epoch 94/100, iter 25/28, loss 0.3232, encoder LR 8.11958e-05
[2026-07-10 17:25:00,600][    INFO] Epoch 94/100, iter 28/28, loss 0.3121, encoder LR 7.99201e-05
[2026-07-10 17:25:05,564][    INFO] Evaluation class [0 background]: IoU 91.44, Dice 95.53
[2026-07-10 17:25:05,565][    INFO] Evaluation class [1 epithelial tissue]: IoU 0.00, Dice 0.00
[2026-07-10 17:25:05,565][    INFO] Evaluation class [2 slough]: IoU 0.00, Dice 0.00
[2026-07-10 17:25:05,565][    INFO] Evaluation class [3 granulation tissue]: IoU 5.30, Dice 10.06
[2026-07-10 17:25:05,565][    INFO] Evaluation class [4 necrotic tissue]: IoU 0.00, Dice 0.00
[2026-07-10 17:25:05,565][    INFO] Evaluation class [5 other]: IoU 0.00, Dice 0.00
[2026-07-10 17:25:05,565][    INFO] Evaluation epoch 93: MeanIoU 16.12, MeanDice 17.60; BEST mIoU 19.89, Dice 23.17 at epoch 8
[2026-07-10 17:25:06,888][    INFO] Epoch 95/100, iter 1/28, loss 0.1241, encoder LR 7.94943e-05
[2026-07-10 17:25:06,994][    INFO] Epoch 95/100, iter 4/28, loss 0.3111, encoder LR 7.82156e-05
[2026-07-10 17:25:08,701][    INFO] Epoch 95/100, iter 7/28, loss 0.2627, encoder LR 7.69345e-05
[2026-07-10 17:25:09,192][    INFO] Epoch 95/100, iter 10/28, loss 0.3022, encoder LR 7.56511e-05
[2026-07-10 17:25:09,792][    INFO] Epoch 95/100, iter 13/28, loss 0.2664, encoder LR 7.43652e-05
[2026-07-10 17:25:10,007][    INFO] Epoch 95/100, iter 16/28, loss 0.2371, encoder LR 7.30769e-05
[2026-07-10 17:25:10,827][    INFO] Epoch 95/100, iter 19/28, loss 0.4052, encoder LR 7.1786e-05
[2026-07-10 17:25:11,068][    INFO] Epoch 95/100, iter 22/28, loss 0.3802, encoder LR 7.04926e-05
[2026-07-10 17:25:12,326][    INFO] Epoch 95/100, iter 25/28, loss 0.4102, encoder LR 6.91965e-05
[2026-07-10 17:25:12,423][    INFO] Epoch 95/100, iter 28/28, loss 0.4535, encoder LR 6.78977e-05
[2026-07-10 17:25:16,985][    INFO] Evaluation class [0 background]: IoU 91.40, Dice 95.50
[2026-07-10 17:25:16,986][    INFO] Evaluation class [1 epithelial tissue]: IoU 0.00, Dice 0.00
[2026-07-10 17:25:16,986][    INFO] Evaluation class [2 slough]: IoU 0.00, Dice 0.00
[2026-07-10 17:25:16,986][    INFO] Evaluation class [3 granulation tissue]: IoU 2.60, Dice 5.07
[2026-07-10 17:25:16,986][    INFO] Evaluation class [4 necrotic tissue]: IoU 0.00, Dice 0.00
[2026-07-10 17:25:16,986][    INFO] Evaluation class [5 other]: IoU 0.00, Dice 0.00
[2026-07-10 17:25:16,987][    INFO] Evaluation epoch 94: MeanIoU 15.67, MeanDice 16.76; BEST mIoU 19.89, Dice 23.17 at epoch 8
[2026-07-10 17:25:18,378][    INFO] Epoch 96/100, iter 1/28, loss 0.5632, encoder LR 6.74641e-05
[2026-07-10 17:25:18,660][    INFO] Epoch 96/100, iter 4/28, loss 0.5590, encoder LR 6.61616e-05
[2026-07-10 17:25:19,030][    INFO] Epoch 96/100, iter 7/28, loss 0.5556, encoder LR 6.48563e-05
[2026-07-10 17:25:19,218][    INFO] Epoch 96/100, iter 10/28, loss 0.5655, encoder LR 6.3548e-05
[2026-07-10 17:25:20,070][    INFO] Epoch 96/100, iter 13/28, loss 0.5605, encoder LR 6.22367e-05
[2026-07-10 17:25:20,869][    INFO] Epoch 96/100, iter 16/28, loss 0.4797, encoder LR 6.09224e-05
[2026-07-10 17:25:21,683][    INFO] Epoch 96/100, iter 19/28, loss 0.4562, encoder LR 5.96049e-05
[2026-07-10 17:25:22,997][    INFO] Epoch 96/100, iter 22/28, loss 0.4119, encoder LR 5.82841e-05
[2026-07-10 17:25:23,097][    INFO] Epoch 96/100, iter 25/28, loss 0.4280, encoder LR 5.696e-05
[2026-07-10 17:25:24,622][    INFO] Epoch 96/100, iter 28/28, loss 0.4200, encoder LR 5.56325e-05
[2026-07-10 17:25:29,145][    INFO] Evaluation class [0 background]: IoU 91.49, Dice 95.56
[2026-07-10 17:25:29,145][    INFO] Evaluation class [1 epithelial tissue]: IoU 0.00, Dice 0.00
[2026-07-10 17:25:29,146][    INFO] Evaluation class [2 slough]: IoU 0.00, Dice 0.00
[2026-07-10 17:25:29,146][    INFO] Evaluation class [3 granulation tissue]: IoU 7.55, Dice 14.04
[2026-07-10 17:25:29,146][    INFO] Evaluation class [4 necrotic tissue]: IoU 0.00, Dice 0.00
[2026-07-10 17:25:29,146][    INFO] Evaluation class [5 other]: IoU 0.00, Dice 0.00
[2026-07-10 17:25:29,147][    INFO] Evaluation epoch 95: MeanIoU 16.51, MeanDice 18.27; BEST mIoU 19.89, Dice 23.17 at epoch 8
[2026-07-10 17:25:29,978][    INFO] Epoch 97/100, iter 1/28, loss 0.4801, encoder LR 5.51892e-05
[2026-07-10 17:25:30,852][    INFO] Epoch 97/100, iter 4/28, loss 0.3742, encoder LR 5.38569e-05
[2026-07-10 17:25:31,972][    INFO] Epoch 97/100, iter 7/28, loss 0.2849, encoder LR 5.2521e-05
[2026-07-10 17:25:32,385][    INFO] Epoch 97/100, iter 10/28, loss 0.2585, encoder LR 5.11813e-05
[2026-07-10 17:25:32,599][    INFO] Epoch 97/100, iter 13/28, loss 0.2922, encoder LR 4.98377e-05
[2026-07-10 17:25:32,747][    INFO] Epoch 97/100, iter 16/28, loss 0.2574, encoder LR 4.849e-05
[2026-07-10 17:25:33,793][    INFO] Epoch 97/100, iter 19/28, loss 0.3009, encoder LR 4.71382e-05
[2026-07-10 17:25:34,254][    INFO] Epoch 97/100, iter 22/28, loss 0.3238, encoder LR 4.5782e-05
[2026-07-10 17:25:34,941][    INFO] Epoch 97/100, iter 25/28, loss 0.3207, encoder LR 4.44214e-05
[2026-07-10 17:25:36,332][    INFO] Epoch 97/100, iter 28/28, loss 0.3075, encoder LR 4.30561e-05
[2026-07-10 17:25:40,865][    INFO] Evaluation class [0 background]: IoU 91.49, Dice 95.56
[2026-07-10 17:25:40,865][    INFO] Evaluation class [1 epithelial tissue]: IoU 0.00, Dice 0.00
[2026-07-10 17:25:40,866][    INFO] Evaluation class [2 slough]: IoU 0.00, Dice 0.00
[2026-07-10 17:25:40,866][    INFO] Evaluation class [3 granulation tissue]: IoU 7.05, Dice 13.16
[2026-07-10 17:25:40,866][    INFO] Evaluation class [4 necrotic tissue]: IoU 0.00, Dice 0.00
[2026-07-10 17:25:40,866][    INFO] Evaluation class [5 other]: IoU 0.00, Dice 0.00
[2026-07-10 17:25:40,866][    INFO] Evaluation epoch 96: MeanIoU 16.42, MeanDice 18.12; BEST mIoU 19.89, Dice 23.17 at epoch 8
[2026-07-10 17:25:42,204][    INFO] Epoch 98/100, iter 1/28, loss 0.1892, encoder LR 4.26e-05
[2026-07-10 17:25:42,728][    INFO] Epoch 98/100, iter 4/28, loss 0.1175, encoder LR 4.12282e-05
[2026-07-10 17:25:43,633][    INFO] Epoch 98/100, iter 7/28, loss 0.3452, encoder LR 3.98513e-05
[2026-07-10 17:25:44,980][    INFO] Epoch 98/100, iter 10/28, loss 0.4623, encoder LR 3.84692e-05
[2026-07-10 17:25:46,156][    INFO] Epoch 98/100, iter 13/28, loss 0.4145, encoder LR 3.70815e-05
[2026-07-10 17:25:46,265][    INFO] Epoch 98/100, iter 16/28, loss 0.4063, encoder LR 3.5688e-05
[2026-07-10 17:25:47,187][    INFO] Epoch 98/100, iter 19/28, loss 0.3806, encoder LR 3.42884e-05
[2026-07-10 17:25:48,016][    INFO] Epoch 98/100, iter 22/28, loss 0.3713, encoder LR 3.28825e-05
[2026-07-10 17:25:48,567][    INFO] Epoch 98/100, iter 25/28, loss 0.3950, encoder LR 3.14698e-05
[2026-07-10 17:25:48,670][    INFO] Epoch 98/100, iter 28/28, loss 0.3824, encoder LR 3.005e-05
[2026-07-10 17:25:54,109][    INFO] Evaluation class [0 background]: IoU 91.44, Dice 95.53
[2026-07-10 17:25:54,110][    INFO] Evaluation class [1 epithelial tissue]: IoU 0.00, Dice 0.00
[2026-07-10 17:25:54,110][    INFO] Evaluation class [2 slough]: IoU 0.00, Dice 0.00
[2026-07-10 17:25:54,110][    INFO] Evaluation class [3 granulation tissue]: IoU 4.47, Dice 8.56
[2026-07-10 17:25:54,110][    INFO] Evaluation class [4 necrotic tissue]: IoU 0.00, Dice 0.00
[2026-07-10 17:25:54,110][    INFO] Evaluation class [5 other]: IoU 0.00, Dice 0.00
[2026-07-10 17:25:54,110][    INFO] Evaluation epoch 97: MeanIoU 15.99, MeanDice 17.35; BEST mIoU 19.89, Dice 23.17 at epoch 8
[2026-07-10 17:25:55,139][    INFO] Epoch 99/100, iter 1/28, loss 0.1697, encoder LR 2.95752e-05
[2026-07-10 17:25:55,708][    INFO] Epoch 99/100, iter 4/28, loss 0.2925, encoder LR 2.81453e-05
[2026-07-10 17:25:56,699][    INFO] Epoch 99/100, iter 7/28, loss 0.3425, encoder LR 2.67073e-05
[2026-07-10 17:25:56,980][    INFO] Epoch 99/100, iter 10/28, loss 0.3696, encoder LR 2.52607e-05
[2026-07-10 17:25:57,783][    INFO] Epoch 99/100, iter 13/28, loss 0.3547, encoder LR 2.38048e-05
[2026-07-10 17:25:59,177][    INFO] Epoch 99/100, iter 16/28, loss 0.3158, encoder LR 2.2339e-05
[2026-07-10 17:26:00,409][    INFO] Epoch 99/100, iter 19/28, loss 0.2871, encoder LR 2.08623e-05
[2026-07-10 17:26:00,510][    INFO] Epoch 99/100, iter 22/28, loss 0.2717, encoder LR 1.9374e-05
[2026-07-10 17:26:02,329][    INFO] Epoch 99/100, iter 25/28, loss 0.3352, encoder LR 1.78728e-05
[2026-07-10 17:26:03,503][    INFO] Epoch 99/100, iter 28/28, loss 0.3172, encoder LR 1.63575e-05
[2026-07-10 17:26:10,497][    INFO] Evaluation class [0 background]: IoU 91.54, Dice 95.59
[2026-07-10 17:26:10,498][    INFO] Evaluation class [1 epithelial tissue]: IoU 0.00, Dice 0.00
[2026-07-10 17:26:10,498][    INFO] Evaluation class [2 slough]: IoU 0.00, Dice 0.00
[2026-07-10 17:26:10,499][    INFO] Evaluation class [3 granulation tissue]: IoU 10.58, Dice 19.13
[2026-07-10 17:26:10,499][    INFO] Evaluation class [4 necrotic tissue]: IoU 0.00, Dice 0.00
[2026-07-10 17:26:10,499][    INFO] Evaluation class [5 other]: IoU 0.00, Dice 0.00
[2026-07-10 17:26:10,499][    INFO] Evaluation epoch 98: MeanIoU 17.02, MeanDice 19.12; BEST mIoU 19.89, Dice 23.17 at epoch 8
[2026-07-10 17:26:11,933][    INFO] Epoch 100/100, iter 1/28, loss 1.8608, encoder LR 1.58489e-05
[2026-07-10 17:26:12,748][    INFO] Epoch 100/100, iter 4/28, loss 0.8219, encoder LR 1.43121e-05
[2026-07-10 17:26:12,853][    INFO] Epoch 100/100, iter 7/28, loss 0.6200, encoder LR 1.27567e-05
[2026-07-10 17:26:14,270][    INFO] Epoch 100/100, iter 10/28, loss 0.5612, encoder LR 1.11799e-05
[2026-07-10 17:26:14,945][    INFO] Epoch 100/100, iter 13/28, loss 0.4714, encoder LR 9.5778e-06
[2026-07-10 17:26:15,052][    INFO] Epoch 100/100, iter 16/28, loss 0.4459, encoder LR 7.94524e-06
[2026-07-10 17:26:16,200][    INFO] Epoch 100/100, iter 19/28, loss 0.4236, encoder LR 6.27419e-06
[2026-07-10 17:26:17,825][    INFO] Epoch 100/100, iter 22/28, loss 0.3985, encoder LR 4.55141e-06
[2026-07-10 17:26:19,112][    INFO] Epoch 100/100, iter 25/28, loss 0.3805, encoder LR 2.7505e-06
[2026-07-10 17:26:19,205][    INFO] Epoch 100/100, iter 28/28, loss 0.3621, encoder LR 7.89874e-07
[2026-07-10 17:26:25,609][    INFO] Evaluation class [0 background]: IoU 91.50, Dice 95.56
[2026-07-10 17:26:25,610][    INFO] Evaluation class [1 epithelial tissue]: IoU 0.00, Dice 0.00
[2026-07-10 17:26:25,610][    INFO] Evaluation class [2 slough]: IoU 0.00, Dice 0.00
[2026-07-10 17:26:25,610][    INFO] Evaluation class [3 granulation tissue]: IoU 8.28, Dice 15.29
[2026-07-10 17:26:25,610][    INFO] Evaluation class [4 necrotic tissue]: IoU 0.00, Dice 0.00
[2026-07-10 17:26:25,610][    INFO] Evaluation class [5 other]: IoU 0.00, Dice 0.00
[2026-07-10 17:26:25,611][    INFO] Evaluation epoch 99: MeanIoU 16.63, MeanDice 18.48; BEST mIoU 19.89, Dice 23.17 at epoch 8
[2026-07-10 17:26:26,053][    INFO] Training complete. BEST mIoU 19.89, Dice 23.17 at epoch 8
